  0
SECTION
  2
HEADER
  9
$ACADVER
  1
AC1018
  9
$ACADMAINTVER
 70
     0
  9
$DWGCODEPAGE
  3
ANSI_1252
  9
$EXTMIN
 10
-7.68358679387256
 20
32.1
 30
0.0
  9
$EXTMAX
 10
-6.44
 20
32.6440333902714
 30
0.0
  9
$LIMMIN
 10
0.0
 20
0.0
  9
$LIMMAX
 10
12.0
 20
9.0
  9
$ORTHOMODE
 70
     0
  9
$REGENMODE
 70
     1
  9
$FILLMODE
 70
     1
  9
$QTEXTMODE
 70
     0
  9
$MIRRTEXT
 70
     1
  9
$LTSCALE
 40
1.0
  9
$ATTMODE
 70
     1
  9
$TEXTSIZE
 40
0.2
  9
$TRACEWID
 40
0.05
  9
$TEXTSTYLE
  7
Standard
  9
$CLAYER
  8
0
  9
$CELTYPE
  6
ByLayer
  9
$CECOLOR
 62
   256
  9
$CELTSCALE
 40
1.0
  9
$DISPSILH
 70
     0
  9
$LUNITS
 70
     2
  9
$LUPREC
 70
     4
  9
$SKETCHINC
 40
0.1
  9
$FILLETRAD
 40
0.5
  9
$AUNITS
 70
     0
  9
$AUPREC
 70
     0
  9
$MENU
  1
.
  9
$ELEVATION
 40
0.0
  9
$PELEVATION
 40
0.0
  9
$THICKNESS
 40
0.0
  9
$LIMCHECK
 70
     0
  9
$CHAMFERA
 40
0.5
  9
$CHAMFERB
 40
0.5
  9
$CHAMFERC
 40
1.0
  9
$CHAMFERD
 40
0.0
  9
$SKPOLY
 70
     0
  9
$ANGBASE
 50
0.0
  9
$ANGDIR
 70
     0
  9
$PDMODE
 70
     0
  9
$PDSIZE
 40
0.0
  9
$PLINEWID
 40
0.0
  9
$SPLFRAME
 70
     0
  9
$SPLINETYPE
 70
     6
  9
$SPLINESEGS
 70
     8
  9
$HANDSEED
  5
00020017
  9
$SURFTAB1
 70
     6
  9
$SURFTAB2
 70
     6
  9
$SURFTYPE
 70
     6
  9
$SURFU
 70
     6
  9
$SURFV
 70
     6
  9
$UCSBASE
  2

  9
$UCSNAME
  2

  9
$UCSORG
 10
0.0
 20
0.0
 30
0.0
  9
$UCSXDIR
 10
1.0
 20
0.0
 30
0.0
  9
$UCSYDIR
 10
0.0
 20
1.0
 30
0.0
  9
$UCSORTHOREF
  2

  9
$UCSORTHOVIEW
 70
     0
  9
$UCSORGTOP
 10
0.0
 20
0.0
 30
0.0
  9
$UCSORGBOTTOM
 10
0.0
 20
0.0
 30
0.0
  9
$UCSORGLEFT
 10
0.0
 20
0.0
 30
0.0
  9
$UCSORGRIGHT
 10
0.0
 20
0.0
 30
0.0
  9
$UCSORGFRONT
 10
0.0
 20
0.0
 30
0.0
  9
$UCSORGBACK
 10
0.0
 20
0.0
 30
0.0
  9
$PUCSBASE
  2

  9
$PUCSNAME
  2

  9
$PUCSORG
 10
0.0
 20
0.0
 30
0.0
  9
$PUCSXDIR
 10
1.0
 20
0.0
 30
0.0
  9
$PUCSYDIR
 10
0.0
 20
1.0
 30
0.0
  9
$PUCSORTHOREF
  2

  9
$PUCSORTHOVIEW
 70
     0
  9
$PUCSORGTOP
 10
0.0
 20
0.0
 30
0.0
  9
$PUCSORGBOTTOM
 10
0.0
 20
0.0
 30
0.0
  9
$PUCSORGLEFT
 10
0.0
 20
0.0
 30
0.0
  9
$PUCSORGRIGHT
 10
0.0
 20
0.0
 30
0.0
  9
$PUCSORGFRONT
 10
0.0
 20
0.0
 30
0.0
  9
$PUCSORGBACK
 10
0.0
 20
0.0
 30
0.0
  9
$WORLDVIEW
 70
     1
  9
$SHADEDGE
 70
     3
  9
$SHADEDIF
 70
    70
  9
$TILEMODE
 70
     1
  9
$MAXACTVP
 70
    64
  9
$PINSBASE
 10
0.0
 20
0.0
 30
0.0
  9
$PLIMCHECK
 70
     0
  9
$PEXTMIN
 10
1.000000000000000E+20
 20
1.000000000000000E+20
 30
1.000000000000000E+20
  9
$PEXTMAX
 10
-1.000000000000000E+20
 20
-1.000000000000000E+20
 30
-1.000000000000000E+20
  9
$PLIMMIN
 10
0.0
 20
0.0
  9
$PLIMMAX
 10
12.0
 20
9.0
  9
$UNITMODE
 70
     0
  9
$VISRETAIN
 70
     1
  9
$PLINEGEN
 70
     0
  9
$PSLTSCALE
 70
     1
  9
$TREEDEPTH
 70
  3020
  9
$CMLSTYLE
  2
Standard
  9
$CMLJUST
 70
     0
  9
$CMLSCALE
 40
1.0
  9
$PROXYGRAPHICS
 70
     1
  9
$MEASUREMENT
 70
     0
  9
$CELWEIGHT
370
    -1
  9
$ENDCAPS
280
     0
  9
$JOINSTYLE
280
     0
  9
$LWDISPLAY
290
     0
  9
$INSUNITS
 70
     1
  9
$HYPERLINKBASE
  1

  9
$STYLESHEET
  1

  9
$XEDIT
290
     1
  9
$CEPSNTYPE
380
     0
  9
$PSTYLEMODE
290
     1
  9
$EXTNAMES
290
     1
  9
$PSVPSCALE
 40
0.0
  9
$OLESTARTUP
290
     0
  9
$SORTENTS
280
   127
  9
$INDEXCTL
280
     0
  9
$HIDETEXT
280
     1
  9
$XCLIPFRAME
290
     0
  9
$HALOGAP
280
     0
  9
$OBSCOLOR
 70
   257
  9
$OBSLTYPE
280
     0
  9
$INTERSECTIONDISPLAY
280
     0
  9
$INTERSECTIONCOLOR
 70
   257
  9
$DIMASSOC
280
     2
  9
$PROJECTNAME
  1

  0
ENDSEC
  0
SECTION
  2
CLASSES
  0
CLASS
  1
ACDBDICTIONARYWDFLT
  2
AcDbDictionaryWithDefault
  3
ObjectDBX Classes
 90
        0
 91
        4
280
     0
281
     0
  0
ENDSEC
  0
SECTION
  2
TABLES
  0
TABLE
  2
VPORT
  5
8
330
0
100
AcDbSymbolTable
 70
     1
  0
VPORT
  5
29
330
8
100
AcDbSymbolTableRecord
100
AcDbViewportTableRecord
  2
*Active
 70
     0
 10
0.0
 20
0.0
 11
1.0
 21
1.0
 12
80.25
 22
106.4409457059851
 13
0.0
 23
0.0
 14
0.5
 24
0.5
 15
0.5
 25
0.5
 16
0.0
 26
0.0
 36
1.0
 17
0.0
 27
0.0
 37
0.0
 40
113.3818914119703
 41
0.8863849310366128
 42
50.0
 43
0.0
 44
0.0
 50
0.0
 51
0.0
 71
     0
 72
  1000
 73
     1
 74
     3
 75
     0
 76
     0
 77
     0
 78
     0
281
     0
 65
     1
110
0.0
120
0.0
130
0.0
111
1.0
121
0.0
131
0.0
112
0.0
122
1.0
132
0.0
 79
     0
146
0.0
  0
ENDTAB
  0
TABLE
  2
LTYPE
  5
5
330
0
100
AcDbSymbolTable
 70
     1
  0
LTYPE
  5
14
330
5
100
AcDbSymbolTableRecord
100
AcDbLinetypeTableRecord
  2
ByBlock
 70
     0
  3

 72
    65
 73
     0
 40
0.0
  0
LTYPE
  5
15
330
5
100
AcDbSymbolTableRecord
100
AcDbLinetypeTableRecord
  2
ByLayer
 70
     0
  3

 72
    65
 73
     0
 40
0.0
  0
LTYPE
  5
16
330
5
100
AcDbSymbolTableRecord
100
AcDbLinetypeTableRecord
  2
Continuous
 70
     0
  3
Solid line
 72
    65
 73
     0
 40
0.0
  0
ENDTAB
  0
TABLE
  2
LAYER
  5
2
330
0
100
AcDbSymbolTable
 70
     1
  0
LAYER
  5
10
330
2
100
AcDbSymbolTableRecord
100
AcDbLayerTableRecord
  2
0
 70
     0
 62
     7
  6
Continuous
370
    -3
390
F
  0
ENDTAB
  0
TABLE
  2
STYLE
  5
3
330
0
100
AcDbSymbolTable
 70
     1
  0
STYLE
  5
11
330
3
100
AcDbSymbolTableRecord
100
AcDbTextStyleTableRecord
  2
Standard
 70
     0
 40
0.0
 41
1.0
 50
0.0
 71
     0
 42
0.2
  3
txt
  4

  0
ENDTAB
  0
TABLE
  2
VIEW
  5
6
330
0
100
AcDbSymbolTable
 70
     0
  0
ENDTAB
  0
TABLE
  2
UCS
  5
7
330
0
100
AcDbSymbolTable
 70
     0
  0
ENDTAB
  0
TABLE
  2
APPID
  5
9
330
0
100
AcDbSymbolTable
 70
     1
  0
APPID
  5
12
330
9
100
AcDbSymbolTableRecord
100
AcDbRegAppTableRecord
  2
ACAD
 70
     0
  0
APPID
  5
13
330
9
100
AcDbSymbolTableRecord
100
AcDbRegAppTableRecord
  2
HATCHBACKGROUNDCOLOR
 70
     0
  0
ENDTAB
  0
TABLE
  2
DIMSTYLE
  5
A
330
0
100
AcDbSymbolTable
 70
     1
100
AcDbDimStyleTable
  0
DIMSTYLE
105
27
330
A
100
AcDbSymbolTableRecord
100
AcDbDimStyleTableRecord
  2
Standard
 70
     0
340
11
  0
ENDTAB
  0
TABLE
  2
BLOCK_RECORD
  5
1
330
0
100
AcDbSymbolTable
 70
     1
  0
BLOCK_RECORD
  5
1F
330
1
100
AcDbSymbolTableRecord
100
AcDbBlockTableRecord
  2
*Model_Space
340
22
  0
BLOCK_RECORD
  5
1B
330
1
100
AcDbSymbolTableRecord
100
AcDbBlockTableRecord
  2
*Paper_Space
340
1E
  0
ENDTAB
  0
ENDSEC
  0
SECTION
  2
BLOCKS
  0
BLOCK
  5
20
330
1F
100
AcDbEntity
  8
0
100
AcDbBlockBegin
  2
*Model_Space
 70
     0
 10
0.0
 20
0.0
 30
0.0
  3
*Model_Space
  1

  0
ENDBLK
  5
21
330
1F
100
AcDbEntity
  8
0
100
AcDbBlockEnd
  0
BLOCK
  5
1C
330
1B
100
AcDbEntity
 67
     1
  8
0
100
AcDbBlockBegin
  2
*Paper_Space
 70
     0
 10
0.0
 20
0.0
 30
0.0
  3
*Paper_Space
  1

  0
ENDBLK
  5
1D
330
1B
100
AcDbEntity
 67
     1
  8
0
100
AcDbBlockEnd
  0
ENDSEC
  0
SECTION
  2
ENTITIES
  0
POINT
  5
20000
100
AcDbEntity
  8
0
100
AcDbPoint
 10
-7.625
 20
32.525
  0
POINT
  5
20001
100
AcDbEntity
  8
0
100
AcDbPoint
 10
-6.44
 20
32.1
  0
HATCH
  5
20002
100
AcDbEntity
  8
0
100
AcDbHatch
 10
0
 20
0
 30
0
210
0
220
0
230
1
  2
SOLID
 70
1
 71
0
 91
1
 92
2
 72
0
 73
1
 93
29
 10
-7.66691490233838
 20
32.5891469644485
 10
-7.66691890798499
 20
32.5888764088107
 10
-7.66713196370855
 20
32.5888786693702
 10
-7.66713463368334
 20
32.5886982989226
 10
-7.66724116134082
 20
32.5886994290591
 10
-7.66724383107852
 20
32.5885190585984
 10
-7.66735035852872
 20
32.5885201886369
 10
-7.66735302802935
 20
32.588339818163
 10
-7.66756608252116
 20
32.5883420779534
 10
-7.6675674170493
 20
32.5882518927067
 10
-7.66767394419752
 20
32.5882530224626
 10
-7.66767661302269
 20
32.5880726519573
 10
-7.66788966691054
 20
32.5880749111827
 10
-7.66789233528541
 20
32.5878945406564
 10
-7.66810538877063
 20
32.5878967995051
 10
-7.66810272082223
 20
32.588077170047
 10
-7.66799619386341
 20
32.58807604066
 10
-7.66799352567795
 20
32.5882564111887
 10
-7.66788699851185
 20
32.5882552817036
 10
-7.66787765892875
 20
32.5888865784845
 10
-7.66809071475957
 20
32.588888837419
 10
-7.66808938072282
 20
32.5889790226758
 10
-7.66755674065734
 20
32.5889733746431
 10
-7.66755407149976
 20
32.5891537451137
 10
-7.66702143051704
 20
32.5891480947851
 10
-7.6670187602694
 20
32.5893284652114
 10
-7.66659264673754
 20
32.5893239432922
 10
-7.66659531783816
 20
32.5891435728971
 10
-7.66691490233838
 20
32.5891469644485
 97
0
 75
0
 76
1
 98
0
  0
HATCH
  5
20003
100
AcDbEntity
  8
0
100
AcDbHatch
 10
0
 20
0
 30
0
210
0
220
0
230
1
  2
SOLID
 70
1
 71
0
 91
1
 92
2
 72
0
 73
1
 93
145
 10
-7.67400316041985
 20
32.592559358902
 10
-7.67389662790335
 20
32.5925582343803
 10
-7.67389928470511
 20
32.5923778635427
 10
-7.67379275240782
 20
32.5923767389385
 10
-7.67379540939915
 20
32.5921963681032
 10
-7.67368887732107
 20
32.5921952434165
 10
-7.67369020591447
 20
32.5921050580007
 10
-7.67358367394897
 20
32.5921039332276
 10
-7.6735889886898
 20
32.5917431915665
 10
-7.67348245715678
 20
32.5917420667187
 10
-7.67348511470488
 20
32.5915616958878
 10
-7.67337858339106
 20
32.5915605709574
 10
-7.67338256998861
 20
32.5912900147127
 10
-7.67327603900064
 20
32.5912888897036
 10
-7.67327869691594
 20
32.5911085188749
 10
-7.67317216614717
 20
32.5911073937833
 10
-7.67317615329551
 20
32.5908368375417
 10
-7.67306962285257
 20
32.5908357123715
 10
-7.67307493939381
 20
32.5904749707127
 10
-7.67296840938333
 20
32.5904738454677
 10
-7.67297106783161
 20
32.590293474638
 10
-7.67286453804032
 20
32.5902923493105
 10
-7.6728685259881
 20
32.5900217930675
 10
-7.67276199652263
 20
32.5900206676614
 10
-7.67276465533806
 20
32.5898402968338
 10
-7.67265812609179
 20
32.5898391713451
 10
-7.67266211459029
 20
32.5895686151053
 10
-7.67255558566983
 20
32.589567489538
 10
-7.6725582448524
 20
32.5893871187124
 10
-7.67245171615112
 20
32.5893859930626
 10
-7.67245703487152
 20
32.589025251411
 10
-7.67235050660268
 20
32.5890241256864
 10
-7.6723544959005
 20
32.5887535694452
 10
-7.67224796795746
 20
32.588752443642
 10
-7.67225461720151
 20
32.5883015165658
 10
-7.6721480897975
 20
32.5883003906918
 10
-7.67215340951233
 20
32.5879396490221
 10
-7.67204688254073
 20
32.5879385230734
 10
-7.67204954257575
 20
32.5877581522383
 10
-7.67194301582332
 20
32.587757026207
 10
-7.67194700615115
 20
32.5874864699559
 10
-7.67184047972451
 20
32.587485343846
 10
-7.6718431401266
 20
32.587304973013
 10
-7.67173661391912
 20
32.5873038468205
 10
-7.67173927451068
 20
32.5871234759899
 10
-7.67152622254
 20
32.5871212233498
 10
-7.67152755304009
 20
32.5870310379403
 10
-7.67088839791033
 20
32.5870242778767
 10
-7.67088706677057
 20
32.587114463263
 10
-7.67067401489497
 20
32.5871122091785
 10
-7.67067135217116
 20
32.5872925799314
 10
-7.6702452476384
 20
32.5872880706481
 10
-7.67024258403791
 20
32.5874684413645
 10
-7.67002953138076
 20
32.5874661861657
 10
-7.67002686733002
 20
32.5876465568612
 10
-7.66960076123418
 20
32.5876420453491
 10
-7.66959942877343
 20
32.5877322306792
 10
-7.66938637554797
 20
32.5877299743738
 10
-7.66938371018216
 20
32.5879103450145
 10
-7.66906412974892
 20
32.5879069598559
 10
-7.66906679575442
 20
32.5877265892385
 10
-7.66885374258847
 20
32.5877243320303
 10
-7.66885507579553
 20
32.5876341467274
 10
-7.66928118172476
 20
32.5876386607671
 10
-7.6692838472681
 20
32.5874582901261
 10
-7.66960342613783
 20
32.5874616746847
 10
-7.66960609101768
 20
32.587281304015
 10
-7.66981914320079
 20
32.5872835599205
 10
-7.6698218076304
 20
32.5871031892298
 10
-7.67003485941086
 20
32.5871054447586
 10
-7.67003619140351
 20
32.5870152594035
 10
-7.67024924299454
 20
32.5870175145634
 10
-7.67025457005281
 20
32.5866567730983
 10
-7.67046762081473
 20
32.5866590278661
 10
-7.67047161540634
 20
32.5863884717298
 10
-7.6705781404764
 20
32.5863895989666
 10
-7.67058080329453
 20
32.5862092281946
 10
-7.67068732815731
 20
32.5862103553333
 10
-7.67068999073845
 20
32.5860299845481
 10
-7.67090304005543
 20
32.5860322385393
 10
-7.67090570218636
 20
32.5858518677332
 10
-7.67122527556677
 20
32.5858552480196
 10
-7.67122261407547
 20
32.586035618849
 10
-7.67154218814899
 20
32.5860389983463
 10
-7.67153952727357
 20
32.5862193691937
 10
-7.67164605218984
 20
32.58622049552
 10
-7.67164206115197
 20
32.5864910517926
 10
-7.671748586394
 20
32.5864921780403
 10
-7.67174592588561
 20
32.5866725488898
 10
-7.6718524513468
 20
32.586673675055
 10
-7.67184979102787
 20
32.5868540459069
 10
-7.67195631670822
 20
32.5868551719896
 10
-7.67195232650511
 20
32.5871257282689
 10
-7.67205885251124
 20
32.587126854273
 10
-7.67205619255936
 20
32.5873072251269
 10
-7.67216271878466
 20
32.5873083510485
 10
-7.6721573992361
 20
32.5876690927558
 10
-7.67226392589378
 20
32.5876702186027
 10
-7.67226259609841
 20
32.58776040403
 10
-7.67236912286865
 20
32.5877615297904
 10
-7.67236646347333
 20
32.5879419006489
 10
-7.67247299046274
 20
32.5879430263268
 10
-7.67246634240363
 20
32.5883939534687
 10
-7.67257286993207
 20
32.5883950790758
 10
-7.67256489270494
 20
32.5889361916251
 10
-7.67267142087903
 20
32.5889373171652
 10
-7.67266743250519
 20
32.5892078734333
 10
-7.67277396100509
 20
32.5892089988947
 10
-7.67277130227276
 20
32.5893893697412
 10
-7.67287783099184
 20
32.5893904951201
 10
-7.67287517244902
 20
32.589570865969
 10
-7.67298170138729
 20
32.5895719912654
 10
-7.67297771384842
 20
32.5898425475402
 10
-7.6730842431125
 20
32.589843672758
 10
-7.67308158493684
 20
32.5900240436089
 10
-7.67318811442011
 20
32.5900251687442
 10
-7.67318412743198
 20
32.5902957250221
 10
-7.67329065724107
 20
32.5902968500788
 10
-7.67328799943258
 20
32.5904772209317
 10
-7.67339452946087
 20
32.5904783459059
 10
-7.6733918718419
 20
32.5906587167612
 10
-7.67349840208938
 20
32.5906598416528
 10
-7.67349574465994
 20
32.5908402125106
 10
-7.67360227512662
 20
32.5908413373196
 10
-7.67360094650963
 20
32.5909315227504
 10
-7.67370747708887
 20
32.590932647473
 10
-7.67370216298814
 20
32.5912933891981
 10
-7.67380869399985
 20
32.5912945138459
 10
-7.67380603712716
 20
32.5914748847081
 10
-7.67391256835807
 20
32.5914760092735
 10
-7.67390858332446
 20
32.5917465655684
 10
-7.67401511488121
 20
32.5917476900551
 10
-7.67401245837575
 20
32.5919280609193
 10
-7.67411899015171
 20
32.5919291853235
 10
-7.67411500566897
 20
32.5921997416215
 10
-7.67422153777077
 20
32.592200865947
 10
-7.674213569285
 20
32.5927419785299
 10
-7.67432010203258
 20
32.5927431027884
 10
-7.67431346199792
 20
32.5931940299232
 10
-7.67420692871712
 20
32.5931929056453
 10
-7.67420427244846
 20
32.5933732764821
 10
-7.6740977389603
 20
32.5933721521061
 10
-7.67410305190049
 20
32.5930114104428
 10
-7.67399651884484
 20
32.5930102859921
 10
-7.67400316041985
 20
32.592559358902
 97
0
 75
0
 76
1
 98
0
  0
HATCH
  5
20004
100
AcDbEntity
  8
0
100
AcDbHatch
 10
0
 20
0
 30
0
210
0
220
0
230
1
  2
SOLID
 70
1
 71
0
 91
2
 92
2
 72
0
 73
1
 93
527
 10
-7.67432130786682
 20
32.6288227950256
 10
-7.67410815692814
 20
32.628820544219
 10
-7.67411081700703
 20
32.6286401744083
 10
-7.67400424176026
 20
32.6286390488772
 10
-7.67400823215455
 20
32.6283684941628
 10
-7.67390165723421
 20
32.6283673685528
 10
-7.67390431768104
 20
32.6281869987442
 10
-7.6737977429803
 20
32.6281858730516
 10
-7.67380173392649
 20
32.6279153183403
 10
-7.67369515955218
 20
32.627914192569
 10
-7.67369782036693
 20
32.6277338227625
 10
-7.67359124621222
 20
32.6277326969085
 10
-7.67359656819775
 20
32.6273719572948
 10
-7.67338342076075
 20
32.6273697053466
 10
-7.67338741282848
 20
32.6270991506455
 10
-7.67328083943936
 20
32.6270980245474
 10
-7.67328350100179
 20
32.6269176547478
 10
-7.67317692783226
 20
32.6269165285671
 10
-7.67317958958457
 20
32.6267361587698
 10
-7.67328616254046
 20
32.6267372849427
 10
-7.67328749330088
 20
32.6266471000382
 10
-7.67318092045181
 20
32.6266459738691
 10
-7.67318624386137
 20
32.626285234253
 10
-7.67307967144553
 20
32.626284108009
 10
-7.67308366426077
 20
32.6260135532945
 10
-7.67297709217132
 20
32.6260124269718
 10
-7.67298507828227
 20
32.6254713175296
 10
-7.67287850683966
 20
32.6254701911398
 10
-7.67287983794417
 20
32.6253800062319
 10
-7.67277326661433
 20
32.6253788797556
 10
-7.67277592901914
 20
32.6251985099436
 10
-7.67266935790887
 20
32.6251973833846
 10
-7.67267468307443
 20
32.6248366437601
 10
-7.67256811239735
 20
32.6248355171262
 10
-7.6725694437807
 20
32.6247453322206
 10
-7.67246287321637
 20
32.6247442055002
 10
-7.67246553617885
 20
32.6245638356927
 10
-7.67235896583409
 20
32.6245627088897
 10
-7.67236828676318
 20
32.6239314145483
 10
-7.67226171717202
 20
32.623930287682
 10
-7.6722683753342
 20
32.6234793631315
 10
-7.67216180628302
 20
32.6234782361943
 10
-7.67219909223504
 20
32.6209530581986
 10
-7.67209252618014
 20
32.6209519312797
 10
-7.6720978527914
 20
32.6205911914955
 10
-7.6719912871696
 20
32.6205900645018
 10
-7.67199395065313
 20
32.6204096946094
 10
-7.67178081985454
 20
32.6204074403664
 10
-7.67178215180096
 20
32.620317255426
 10
-7.67167558651737
 20
32.6203161281728
 10
-7.67167825060595
 20
32.6201357582956
 10
-7.67157168554188
 20
32.6201346309598
 10
-7.67157434982025
 20
32.619954261085
 10
-7.6714677849757
 20
32.6199531336666
 10
-7.67147044944385
 20
32.6197727637943
 10
-7.67083106178288
 20
32.6197659974324
 10
-7.67083239464874
 20
32.6196758125175
 10
-7.67051270121894
 20
32.619672428128
 10
-7.67051536757351
 20
32.6194920583175
 10
-7.6703022390772
 20
32.6194898016215
 10
-7.6702995722955
 20
32.6196701714164
 10
-7.67008644339587
 20
32.6196679143433
 10
-7.67008911060471
 20
32.619487544564
 10
-7.66987598215603
 20
32.6194852871449
 10
-7.66987864976818
 20
32.6193049173757
 10
-7.66966552177045
 20
32.6193026596107
 10
-7.6696681897859
 20
32.6191222898517
 10
-7.66945506223912
 20
32.6191200317407
 10
-7.66945639645147
 20
32.6190298468669
 10
-7.66924326914208
 20
32.6190275884022
 10
-7.66924593797604
 20
32.6188472186663
 10
-7.6690328111176
 20
32.6188449598555
 10
-7.66903548035484
 20
32.6186645901298
 10
-7.66882235394735
 20
32.6186623309731
 10
-7.66882502358787
 20
32.6184819612576
 10
-7.66839877169862
 20
32.6184774418909
 10
-7.66840010693705
 20
32.6183872570466
 10
-7.66818698124175
 20
32.6183849968288
 10
-7.66818965212783
 20
32.6182046271519
 10
-7.66808308950268
 20
32.6182034969152
 10
-7.66808576057846
 20
32.6180231272408
 10
-7.66776607337942
 20
32.6180197360117
 10
-7.667768745072
 20
32.6178393663553
 10
-7.66755562072956
 20
32.6178371050996
 10
-7.66755695678045
 20
32.6177469202772
 10
-7.66734383267542
 20
32.6177446586678
 10
-7.66734650518639
 20
32.6175642890345
 10
-7.66723994335637
 20
32.6175631581021
 10
-7.66724261605703
 20
32.6173827884711
 10
-7.66702949284197
 20
32.6173805263507
 10
-7.66703216594585
 20
32.61720015673
 10
-7.66692560456081
 20
32.617199025542
 10
-7.66692694121057
 20
32.6171088407336
 10
-7.66671381867193
 20
32.6171065780943
 10
-7.66671649238062
 20
32.6169262084889
 10
-7.66650337029294
 20
32.6169239455037
 10
-7.66650604440483
 20
32.6167435759085
 10
-7.6662929227681
 20
32.6167413125774
 10
-7.66629559728318
 20
32.6165609429925
 10
-7.6660824760974
 20
32.6165586793155
 10
-7.66608381355952
 20
32.6164684945289
 10
-7.66565757168668
 20
32.616463966106
 10
-7.66566024744713
 20
32.6162835965599
 10
-7.66555368720739
 20
32.616282464236
 10
-7.66555636315747
 20
32.6161020946923
 10
-7.66534324312296
 20
32.6160998297891
 10
-7.66534591947621
 20
32.6159194602556
 10
-7.66523935968144
 20
32.6159183276763
 10
-7.66524069795586
 20
32.6158281429114
 10
-7.66513413827383
 20
32.6158270102456
 10
-7.66513681501828
 20
32.6156466407197
 10
-7.66481713664863
 20
32.6156432422035
 10
-7.66482249134695
 20
32.6152825031823
 10
-7.66471593232939
 20
32.6152813701785
 10
-7.66471727109579
 20
32.6151911854237
 10
-7.66461071219097
 20
32.6151900523334
 10
-7.66461338991936
 20
32.6150096828277
 10
-7.66450683123403
 20
32.6150085496548
 10
-7.66450950915202
 20
32.6148281801515
 10
-7.66440295068619
 20
32.6148270468961
 10
-7.66440696783861
 20
32.6145564926428
 10
-7.66430040969903
 20
32.6145553593087
 10
-7.66430844448298
 20
32.6140142507892
 10
-7.6642018869899
 20
32.6140131173882
 10
-7.66422063547662
 20
32.6127505307089
 10
-7.66411407948401
 20
32.6127493972723
 10
-7.66413014996371
 20
32.6116671799556
 10
-7.664023595258
 20
32.6116660464755
 10
-7.66403297005406
 20
32.6110347529786
 10
-7.6639264161015
 20
32.6110336194355
 10
-7.66392909477432
 20
32.6108532498607
 10
-7.6640356485134
 20
32.6108543833959
 10
-7.6640369877341
 20
32.6107641986026
 10
-7.66414354137243
 20
32.6107653320436
 10
-7.66414621958243
 20
32.6105849624451
 10
-7.66425277301326
 20
32.6105860957879
 10
-7.66426750156672
 20
32.6095940628567
 10
-7.66437405382948
 20
32.6095951960662
 10
-7.66438074785374
 20
32.6091442719333
 10
-7.66448729958883
 20
32.6091454050329
 10
-7.66448997694325
 20
32.6089650353624
 10
-7.66470308000445
 20
32.608967301275
 10
-7.66470441845923
 20
32.60887711643
 10
-7.66481096989207
 20
32.6088782492468
 10
-7.66481899985496
 20
32.6083371401248
 10
-7.66492555065343
 20
32.6083382728279
 10
-7.66492956523404
 20
32.608067718237
 10
-7.66503611571831
 20
32.6080688508381
 10
-7.66504280603291
 20
32.6076179264735
 10
-7.66514935598955
 20
32.6076190589646
 10
-7.66516407298205
 20
32.6066270252013
 10
-7.66473787788685
 20
32.6066224948665
 10
-7.66474456932422
 20
32.6061715704529
 10
-7.66485111755549
 20
32.6061727031525
 10
-7.6648484412119
 20
32.6063530729298
 10
-7.66495498966257
 20
32.606354205547
 10
-7.66495365158852
 20
32.6064443904375
 10
-7.66527329729652
 20
32.6064477877587
 10
-7.66527062177079
 20
32.6066281575591
 10
-7.66537717056549
 20
32.6066292898266
 10
-7.6653798458778
 20
32.6064489200184
 10
-7.66548639446506
 20
32.6064500521877
 10
-7.66549308210775
 20
32.605999127624
 10
-7.66538653405406
 20
32.6059979954741
 10
-7.66539589724999
 20
32.6053667010557
 10
-7.6649697080828
 20
32.6053621716623
 10
-7.66497372207196
 20
32.6050916169382
 10
-7.66518681600336
 20
32.6050938817922
 10
-7.66518949153944
 20
32.6049135119538
 10
-7.66529603830069
 20
32.6049146442374
 10
-7.66531208973502
 20
32.6038324250471
 10
-7.66541863522182
 20
32.6038335571936
 10
-7.66542398508203
 20
32.6034728174048
 10
-7.665530530148
 20
32.6034739494454
 10
-7.66553721680542
 20
32.6030230246596
 10
-7.66564376134389
 20
32.6030241565903
 10
-7.66564643575167
 20
32.6028437866588
 10
-7.66575298008271
 20
32.6028449184914
 10
-7.66575431717095
 20
32.6027547335197
 10
-7.66586086140128
 20
32.602755865258
 10
-7.66586620926777
 20
32.6023951253422
 10
-7.66597275307729
 20
32.6023962569746
 10
-7.66597542676134
 20
32.6022158870008
 10
-7.66608197036344
 20
32.6022170185351
 10
-7.66608598052468
 20
32.6019464635526
 10
-7.66619252381268
 20
32.6019475949848
 10
-7.66619519701028
 20
32.601767224982
 10
-7.66630174009088
 20
32.6017683563161
 10
-7.66631376822452
 20
32.6009566912016
 10
-7.6664203103509
 20
32.6009578224103
 10
-7.66642164667367
 20
32.6008676373869
 10
-7.66652818869933
 20
32.6008687685014
 10
-7.66653353350403
 20
32.6005080283789
 10
-7.66664007510893
 20
32.6005091593874
 10
-7.66664274726212
 20
32.6003287893104
 10
-7.66674928865962
 20
32.6003299202208
 10
-7.66675062462058
 20
32.6002397351763
 10
-7.66685716591737
 20
32.6002408659925
 10
-7.66686518091782
 20
32.599699755674
 10
-7.6669717215805
 20
32.5997008863765
 10
-7.66698107139625
 20
32.5990695909165
 10
-7.66708761131816
 20
32.5990707215013
 10
-7.66709161797258
 20
32.5988001662723
 10
-7.66719815758042
 20
32.5988012967552
 10
-7.66720349927614
 20
32.5984405564154
 10
-7.66731003846326
 20
32.5984416867923
 10
-7.66731404435243
 20
32.5981711315116
 10
-7.6674205832255
 20
32.5981722617866
 10
-7.66742325357513
 20
32.5979918915849
 10
-7.66752979224083
 20
32.5979930217618
 10
-7.66753246235328
 20
32.597812651547
 10
-7.66774553927587
 20
32.5978149116141
 10
-7.66774687410981
 20
32.5977247264969
 10
-7.66785341247338
 20
32.5977258563911
 10
-7.66785608191007
 20
32.5975454861449
 10
-7.66796262006626
 20
32.597546615941
 10
-7.66796528926577
 20
32.5973662456815
 10
-7.66828490313011
 20
32.5973696345047
 10
-7.66828223457059
 20
32.5975500047875
 10
-7.66902800195586
 20
32.5975579089352
 10
-7.66903066902205
 20
32.5973775385978
 10
-7.67126796844774
 20
32.5974012243268
 10
-7.67127063101015
 20
32.5972208538208
 10
-7.67137716893013
 20
32.5972219807115
 10
-7.67137450658106
 20
32.5974023512253
 10
-7.67148104472031
 20
32.5974034780335
 10
-7.67148370685605
 20
32.5972231075118
 10
-7.67254908644207
 20
32.5972343705488
 10
-7.67254642643965
 20
32.5974147411481
 10
-7.67286604107128
 20
32.5974181183215
 10
-7.67286338168511
 20
32.5975984889388
 10
-7.67296992012086
 20
32.5975996144904
 10
-7.67296726092427
 20
32.59777998511
 10
-7.67307379957929
 20
32.597781110579
 10
-7.67307247007877
 20
32.5978712958907
 10
-7.67328554761996
 20
32.5978735465657
 10
-7.67328687690715
 20
32.5977833612463
 10
-7.67349995425875
 20
32.5977856115522
 10
-7.67350261238865
 20
32.5976052408938
 10
-7.67371568933731
 20
32.597607490823
 10
-7.67372100467256
 20
32.5972467494589
 10
-7.67382754272913
 20
32.5972478742725
 10
-7.67382887144144
 20
32.5971576889243
 10
-7.67393540939727
 20
32.5971588136437
 10
-7.67394072376054
 20
32.5967980722217
 10
-7.67404726129565
 20
32.5967991968353
 10
-7.67405390358296
 20
32.5963482700082
 10
-7.67416044059068
 20
32.5963493945121
 10
-7.67420028800099
 20
32.5936438327271
 10
-7.67409375419289
 20
32.5936427083396
 10
-7.67409641071043
 20
32.5934623375186
 10
-7.67430947790596
 20
32.5934645861879
 10
-7.67430416570034
 20
32.5938253278555
 10
-7.67441069973359
 20
32.5938264520702
 10
-7.67440405987639
 20
32.5942773791437
 10
-7.67451059444881
 20
32.5942785032876
 10
-7.67448005164943
 20
32.596352767482
 10
-7.67437351462391
 20
32.596351643249
 10
-7.67437085836676
 20
32.5965320140072
 10
-7.67426432113385
 20
32.5965308896761
 10
-7.67425767985386
 20
32.5969818165286
 10
-7.67415114209357
 20
32.5969806920878
 10
-7.67414848532672
 20
32.5971610628116
 10
-7.67404194735903
 20
32.5971599382728
 10
-7.67403264774158
 20
32.5977912357367
 10
-7.67392610903315
 20
32.5977901110804
 10
-7.67392478038597
 20
32.5978802964231
 10
-7.6738182415768
 20
32.5978791716727
 10
-7.67381558405132
 20
32.5980595423463
 10
-7.67370904503474
 20
32.5980584174978
 10
-7.67370638727218
 20
32.5982387881583
 10
-7.67349330883015
 20
32.5982365381748
 10
-7.67349065061716
 20
32.5984169088144
 10
-7.67295795354922
 20
32.5984112822363
 10
-7.67296061282892
 20
32.5982309116355
 10
-7.67264099529942
 20
32.5982275346282
 10
-7.6726436551954
 20
32.5980471640454
 10
-7.6722174994259
 20
32.5980426601357
 10
-7.67222016015148
 20
32.5978622895785
 10
-7.67211362143729
 20
32.5978611633831
 10
-7.67211096049837
 20
32.5980415339325
 10
-7.67179134375144
 20
32.5980381547811
 10
-7.67179400533038
 20
32.5978577842549
 10
-7.67072861869363
 20
32.5978465146244
 10
-7.67072995054087
 20
32.5977563293982
 10
-7.66998418099562
 20
32.5977484353106
 10
-7.6699828484017
 20
32.5978386205096
 10
-7.66881092424635
 20
32.5978262065314
 10
-7.66880825669395
 20
32.5980065768397
 10
-7.66870171795676
 20
32.5980054477465
 10
-7.6687043857225
 20
32.597825077446
 10
-7.66838477018667
 20
32.5978216896482
 10
-7.66838210178092
 20
32.5980020599253
 10
-7.66784940827367
 20
32.5979964117504
 10
-7.66784673877739
 20
32.5981767819833
 10
-7.66763366098952
 20
32.5981745220655
 10
-7.66763099104273
 20
32.5983548922774
 10
-7.6675244519444
 20
32.5983537621753
 10
-7.66752311685538
 20
32.5984439472753
 10
-7.66741657765634
 20
32.5984428170789
 10
-7.66740456062693
 20
32.5992544828834
 10
-7.66729802047379
 20
32.5992533525617
 10
-7.66728600200138
 20
32.6000650182221
 10
-7.6671794608941
 20
32.600063887775
 10
-7.66717278322289
 20
32.6005148130753
 10
-7.66706624158817
 20
32.6005136825184
 10
-7.66706089891713
 20
32.6008744227188
 10
-7.66695435686164
 20
32.600873292056
 10
-7.66694500621093
 20
32.6015045873276
 10
-7.6668384634146
 20
32.6015034565472
 10
-7.66682510376829
 20
32.602405306782
 10
-7.66671855991103
 20
32.6024041758722
 10
-7.66667847419197
 20
32.6051097256523
 10
-7.6665719271397
 20
32.6051085945352
 10
-7.66656925435411
 20
32.6052889644697
 10
-7.66646270709439
 20
32.6052878332544
 10
-7.66645869755112
 20
32.6055583881344
 10
-7.66624560240935
 20
32.6055561254094
 10
-7.6662335715365
 20
32.6063677899064
 10
-7.66612702301417
 20
32.6063666583733
 10
-7.66612568611396
 20
32.6064568433068
 10
-7.66601913749089
 20
32.6064557116794
 10
-7.66601111532402
 20
32.6069968212286
 10
-7.66590456606662
 20
32.6069956894875
 10
-7.66590055458245
 20
32.6072662442323
 10
-7.66579400501087
 20
32.6072651123891
 10
-7.66578865585485
 20
32.6076258520143
 10
-7.66568210586237
 20
32.6076247200652
 10
-7.66568076845172
 20
32.6077149049642
 10
-7.66557421835849
 20
32.6077137729209
 10
-7.66556886822929
 20
32.608074512488
 10
-7.66546231771515
 20
32.6080733803387
 10
-7.66545562938566
 20
32.6085243047477
 10
-7.66534907834388
 20
32.6085231724885
 10
-7.66534640275683
 20
32.6087035422349
 10
-7.66523985150757
 20
32.6087024098776
 10
-7.66523048601765
 20
32.6093337039202
 10
-7.66512393402728
 20
32.6093325714452
 10
-7.6651199198361
 20
32.609603126003
 10
-7.66501336753151
 20
32.6096019934259
 10
-7.66500533834746
 20
32.6101431024817
 10
-7.66489878540846
 20
32.6101419697909
 10
-7.66489477041557
 20
32.6104125242889
 10
-7.66500132367477
 20
32.6104136569915
 10
-7.66499597069421
 20
32.610774396319
 10
-7.66488941700807
 20
32.6107732636008
 10
-7.6648854018897
 20
32.6110438180705
 10
-7.66477884788932
 20
32.6110426852503
 10
-7.66477617090039
 20
32.6112230548822
 10
-7.66466961669252
 20
32.6112219219638
 10
-7.6646669394662
 20
32.6114022915826
 10
-7.66456038505083
 20
32.611401158566
 10
-7.66455369134675
 20
32.6118520825699
 10
-7.66466024629583
 20
32.611853215606
 10
-7.66465355297603
 20
32.6123041395957
 10
-7.66454699749324
 20
32.6123030065401
 10
-7.66454431991
 20
32.6124833761187
 10
-7.66443776421969
 20
32.6124822429649
 10
-7.66441901897305
 20
32.6137448298101
 10
-7.66452557615782
 20
32.6137459630187
 10
-7.66451620384238
 20
32.6143772563697
 10
-7.66462276178041
 20
32.6143783895152
 10
-7.6646187453044
 20
32.6146489438
 10
-7.66472530356867
 20
32.6146500768669
 10
-7.66471994861066
 20
32.6150108159102
 10
-7.66482650730794
 20
32.6150119489023
 10
-7.66482383000659
 20
32.6151923184237
 10
-7.66493038892336
 20
32.6151934513332
 10
-7.66492905037049
 20
32.6152836360958
 10
-7.66514216843548
 20
32.6152859016516
 10
-7.66513949173883
 20
32.6154662711883
 10
-7.66524605099382
 20
32.6154674038385
 10
-7.66524337448679
 20
32.6156477733777
 10
-7.66545649344172
 20
32.6156500384225
 10
-7.66545381733785
 20
32.6158304079719
 10
-7.66577349645563
 20
32.6158338048849
 10
-7.66577215871501
 20
32.6159239896693
 10
-7.66598527837026
 20
32.6159262538338
 10
-7.66598260329817
 20
32.6161066234142
 10
-7.66619572340436
 20
32.6161088872329
 10
-7.66619304873545
 20
32.6162892568234
 10
-7.66629960901103
 20
32.6162903886051
 10
-7.66629693453177
 20
32.616470758198
 10
-7.66661661603492
 20
32.616474153024
 10
-7.66661527910663
 20
32.6165643378302
 10
-7.6669349609838
 20
32.6165677318545
 10
-7.66693228774992
 20
32.6167481014862
 10
-7.66703884860112
 20
32.6167492326547
 10
-7.66703617555691
 20
32.6169296022889
 10
-7.66724929770427
 20
32.6169318643703
 10
-7.66724662506327
 20
32.6171122340147
 10
-7.66745974766158
 20
32.6171144957502
 10
-7.66745841154567
 20
32.6172046805782
 10
-7.66799121867966
 20
32.617210333355
 10
-7.66799255426172
 20
32.6171201485075
 10
-7.66841879964916
 20
32.6171246690866
 10
-7.66842146994123
 20
32.6169442993565
 10
-7.66895427574196
 20
32.6169499480079
 10
-7.66895694494249
 20
32.6167695782334
 10
-7.67044879898728
 20
32.6167853823285
 10
-7.67044613277628
 20
32.6169657522119
 10
-7.67065925530502
 20
32.6169680085093
 10
-7.67065658949729
 20
32.6171483784029
 10
-7.67076315098412
 20
32.6171495064239
 10
-7.6707618181781
 20
32.6172396913725
 10
-7.67086837977766
 20
32.617240819307
 10
-7.67086571436131
 20
32.6174211892081
 10
-7.67097227618036
 20
32.6174223170599
 10
-7.67096694570335
 20
32.6177830568615
 10
-7.67107350795544
 20
32.6177841846385
 10
-7.67107217542809
 20
32.6178743695894
 10
-7.67117873779291
 20
32.6178754972799
 10
-7.67117607293391
 20
32.6180558671855
 10
-7.67096294778313
 20
32.6180536116985
 10
-7.67096561306923
 20
32.6178732418085
 10
-7.67085905071631
 20
32.6178721139372
 10
-7.67086038345721
 20
32.6177819289941
 10
-7.67075382121702
 20
32.6177808010363
 10
-7.67075648689451
 20
32.6176004311538
 10
-7.67043680085029
 20
32.6175970467615
 10
-7.67043946714462
 20
32.6174166768969
 10
-7.67033290535532
 20
32.6174155485932
 10
-7.67033557183939
 20
32.617235178731
 10
-7.66990932559591
 20
32.6172306646435
 10
-7.66990665825768
 20
32.6174110344745
 10
-7.66980009649815
 20
32.6174099057189
 10
-7.66980409781689
 20
32.617139350982
 10
-7.66959097495632
 20
32.617137093223
 10
-7.66958964097582
 20
32.6172272781289
 10
-7.6694830794477
 20
32.6172261491099
 10
-7.6694804112553
 20
32.6174065189098
 10
-7.66926728778984
 20
32.6174042605852
 10
-7.66926461914652
 20
32.6175846303642
 10
-7.66905149527781
 20
32.6175823716625
 10
-7.66904215334368
 20
32.618213665792
 10
-7.66946840409462
 20
32.6182181829429
 10
-7.66947107239424
 20
32.6180378131672
 10
-7.66957763488332
 20
32.6180389422212
 10
-7.66957229868735
 20
32.6183996817827
 10
-7.66967886160949
 20
32.6184008107619
 10
-7.66967752765239
 20
32.6184909956529
 10
-7.66989065372808
 20
32.6184932533479
 10
-7.66988265114174
 20
32.6190343627119
 10
-7.6700957785226
 20
32.6190366200921
 10
-7.67009444495093
 20
32.6191268049891
 10
-7.67041413638722
 20
32.6191301903932
 10
-7.6704114698667
 20
32.6193105602066
 10
-7.67126398233385
 20
32.6193195840362
 10
-7.67126131749805
 20
32.6194999539065
 10
-7.67136788179678
 20
32.6195010814862
 10
-7.67137054641901
 20
32.6193207116081
 10
-7.67147711051013
 20
32.6193218390897
 10
-7.67147444610146
 20
32.6195022089756
 10
-7.67158101041209
 20
32.6195033363745
 10
-7.67157834619319
 20
32.6196837062628
 10
-7.67179147525943
 20
32.6196859608051
 10
-7.67179680281916
 20
32.6193252209922
 10
-7.6716902387102
 20
32.6193240937817
 10
-7.67169423463791
 20
32.6190535389196
 10
-7.67180079842652
 20
32.6190546661183
 10
-7.67179946656335
 20
32.6191448510776
 10
-7.67190603046469
 20
32.6191459781899
 10
-7.67190070337965
 20
32.6195067180291
 10
-7.67200726771407
 20
32.6195078450666
 10
-7.67200460434945
 20
32.6196882149859
 10
-7.67211116890337
 20
32.6196893419407
 10
-7.67210983731893
 20
32.6197795269022
 10
-7.67221640198559
 20
32.6197806537706
 10
-7.67221373901243
 20
32.6199610236974
 10
-7.6723203038986
 20
32.6199621504831
 10
-7.67231497830811
 20
32.6203228903361
 10
-7.67242154362737
 20
32.6203240170469
 10
-7.67242021232168
 20
32.6204142020107
 10
-7.67231364689562
 20
32.6204130752959
 10
-7.67230432684179
 20
32.6210443699775
 10
-7.67241089301537
 20
32.6210454967194
 10
-7.67240556756672
 20
32.6214062365233
 10
-7.67251213417342
 20
32.6214073631904
 10
-7.6725081403449
 20
32.6216779180409
 10
-7.67261470727792
 20
32.6216790446292
 10
-7.67260672010119
 20
32.6222201543172
 10
-7.67271328768093
 20
32.6222212808384
 10
-7.67268533312028
 20
32.6241151644464
 10
-7.67279190294882
 20
32.6241162909588
 10
-7.67278790954663
 20
32.6243868457232
 10
-7.67289447970155
 20
32.6243879721568
 10
-7.67288915550933
 20
32.6247487118393
 10
-7.67299572609743
 20
32.6247498381981
 10
-7.67299173321131
 20
32.6250203929575
 10
-7.67309830412579
 20
32.6250215192376
 10
-7.67309298062169
 20
32.6253822589135
 10
-7.67319955196936
 20
32.6253833851186
 10
-7.6731889055305
 20
32.6261048644369
 10
-7.67329547773865
 20
32.6261059905827
 10
-7.67329281628316
 20
32.6262863604066
 10
-7.67339938871088
 20
32.6262874864697
 10
-7.67339406615589
 20
32.6266482261169
 10
-7.67350063901683
 20
32.6266493521052
 10
-7.67349930847006
 20
32.6267395370175
 10
-7.67360588144376
 20
32.6267406629192
 10
-7.67360055962454
 20
32.6271014025705
 10
-7.67370713303148
 20
32.6271025283974
 10
-7.67370447229988
 20
32.6272828982227
 10
-7.67381104592641
 20
32.6272840239669
 10
-7.67380705510493
 20
32.6275545787064
 10
-7.67391362905788
 20
32.6275557043719
 10
-7.67391096869419
 20
32.6277360741993
 10
-7.67401754286672
 20
32.6277371997821
 10
-7.67401488269294
 20
32.6279175696119
 10
-7.67412145708507
 20
32.627918695112
 10
-7.67412012709609
 20
32.6280088800287
 10
-7.67422670160099
 20
32.6280100054423
 10
-7.67422404181889
 20
32.6281903752796
 10
-7.67433061654338
 20
32.6281915006105
 10
-7.67432795695119
 20
32.6283718704501
 10
-7.67443453189528
 20
32.6283729956984
 10
-7.674431872493
 20
32.6285533655404
 10
-7.67453844765669
 20
32.628554490706
 10
-7.67453711805348
 20
32.6286446756289
 10
-7.67475026861233
 20
32.6286469256966
 10
-7.67474760981543
 20
32.6288272955538
 10
-7.67464103431938
 20
32.6288261705574
 10
-7.67463571622703
 20
32.6291869102401
 10
-7.67442256439805
 20
32.6291846599449
 10
-7.67442522388343
 20
32.6290042901218
 10
-7.67431864819152
 20
32.6290031648464
 10
-7.67432130786682
 20
32.6288227950256
 97
0
 92
2
 72
0
 73
1
 93
11
 10
-7.66894760263634
 20
32.6174008724205
 10
-7.66895160651759
 20
32.6171303177769
 10
-7.66863192237865
 20
32.6171269288339
 10
-7.66863058743722
 20
32.6172171137047
 10
-7.66852402596272
 20
32.6172159838723
 10
-7.66851601554832
 20
32.6177570930457
 10
-7.66872913978454
 20
32.6177593526667
 10
-7.66873180951942
 20
32.6175789829321
 10
-7.66883837143292
 20
32.6175801125993
 10
-7.66884104093042
 20
32.6173997428514
 10
-7.66894760263634
 20
32.6174008724205
 97
0
 75
0
 76
1
 98
0
  0
HATCH
  5
20005
100
AcDbEntity
  8
0
100
AcDbHatch
 10
0
 20
0
 30
0
210
0
220
0
230
1
  2
SOLID
 70
1
 71
0
 91
1
 92
2
 72
0
 73
1
 93
19
 10
-7.68269367442777
 20
32.6248519584184
 10
-7.68269631688237
 20
32.624671587868
 10
-7.68227003326479
 20
32.6246671148282
 10
-7.6822726765503
 20
32.6244867443032
 10
-7.68152668194209
 20
32.6244789130571
 10
-7.68152932669935
 20
32.6242985425808
 10
-7.68078333387578
 20
32.6242907069589
 10
-7.68078465699323
 20
32.6242005217457
 10
-7.68195693038525
 20
32.6242128328345
 10
-7.68195560844272
 20
32.6243030180901
 10
-7.68291474271049
 20
32.6243130826976
 10
-7.68291210073032
 20
32.6244934532742
 10
-7.68301867144763
 20
32.6244945711196
 10
-7.68301338784376
 20
32.6248553122721
 10
-7.6829068166992
 20
32.6248541944112
 10
-7.68290549567668
 20
32.6249443796921
 10
-7.6827989244312
 20
32.6249432617371
 10
-7.68280024556053
 20
32.62485307646
 10
-7.68269367442777
 20
32.6248519584184
 97
0
 75
0
 76
1
 98
0
  0
HATCH
  5
20006
100
AcDbEntity
  8
0
100
AcDbHatch
 10
0
 20
0
 30
0
210
0
220
0
230
1
  2
SOLID
 70
1
 71
0
 91
1
 92
2
 72
0
 73
1
 93
99
 10
-7.67580406660468
 20
32.6294698352742
 10
-7.67484488008917
 20
32.6294597149447
 10
-7.67484753875549
 20
32.6292793450986
 10
-7.67548699509707
 20
32.6292860927522
 10
-7.67548832378031
 20
32.6291959078039
 10
-7.67580805171068
 20
32.6291992803984
 10
-7.67581070841836
 20
32.6290189104744
 10
-7.67634358735257
 20
32.6290245296182
 10
-7.67634624296819
 20
32.6288441596501
 10
-7.67677254536758
 20
32.6288486533066
 10
-7.67677520010483
 20
32.6286682833022
 10
-7.67720150174437
 20
32.628672775481
 10
-7.67720282867678
 20
32.6285825904613
 10
-7.67741597931843
 20
32.6285848360005
 10
-7.67741863273814
 20
32.6284044659416
 10
-7.67763178297615
 20
32.6284067111036
 10
-7.67763443594485
 20
32.6282263410238
 10
-7.67784758577923
 20
32.6282285858087
 10
-7.67785023829692
 20
32.628048215708
 10
-7.67806338772766
 20
32.6280504601158
 10
-7.67806471376397
 20
32.6279602750557
 10
-7.67817128838139
 20
32.6279613971201
 10
-7.67817394022258
 20
32.6277810269882
 10
-7.67828051463227
 20
32.6277821489544
 10
-7.67828316623612
 20
32.6276017788094
 10
-7.67838974043807
 20
32.6276029006775
 10
-7.6783923918046
 20
32.6274225305193
 10
-7.67860553979894
 20
32.6274247739688
 10
-7.67860686525968
 20
32.6273345888799
 10
-7.6787134391589
 20
32.6273357104652
 10
-7.67871608984897
 20
32.6271553402757
 10
-7.67882266354045
 20
32.6271564617628
 10
-7.6788253139932
 20
32.6269760915603
 10
-7.67893188747696
 20
32.6269772129493
 10
-7.67893453769239
 20
32.6267968427336
 10
-7.67904111096842
 20
32.6267979640244
 10
-7.67904243596044
 20
32.6267077789107
 10
-7.67914900913556
 20
32.6267089001073
 10
-7.67915165888821
 20
32.6265285298681
 10
-7.6792582318556
 20
32.6265296509665
 10
-7.67926088137094
 20
32.6263492807142
 10
-7.67936745413061
 20
32.6263504017144
 10
-7.67937010340866
 20
32.626170031449
 10
-7.67947667596059
 20
32.6261711523512
 10
-7.67947800048392
 20
32.6260809672126
 10
-7.67958457293495
 20
32.6260820880204
 10
-7.67958722175024
 20
32.6259017177315
 10
-7.67969379399355
 20
32.6259028384412
 10
-7.67969644257155
 20
32.6257224681392
 10
-7.67980301460713
 20
32.6257235887508
 10
-7.67980698710934
 20
32.625453033276
 10
-7.67991355883038
 20
32.6254541537856
 10
-7.67991223477571
 20
32.6255443389491
 10
-7.68001880660947
 20
32.6255454593721
 10
-7.68001615869602
 20
32.6257258297027
 10
-7.67990958664862
 20
32.6257247092719
 10
-7.67990429032351
 20
32.6260854499016
 10
-7.67979771785474
 20
32.6260843293649
 10
-7.67979639365187
 20
32.6261745145151
 10
-7.67968982108219
 20
32.6261733938842
 10
-7.67968717244506
 20
32.6263537641728
 10
-7.67958059966767
 20
32.6263526434437
 10
-7.67957795079325
 20
32.6265330137192
 10
-7.67947137780811
 20
32.626531892892
 10
-7.67946740413167
 20
32.6268024482836
 10
-7.67936083083198
 20
32.6268013273544
 10
-7.67935818147114
 20
32.626981697601
 10
-7.67914503446222
 20
32.626979455456
 10
-7.67914238465042
 20
32.6271598256817
 10
-7.67903581094118
 20
32.6271587044658
 10
-7.67903183585864
 20
32.6274292597828
 10
-7.67881868781696
 20
32.6274270170566
 10
-7.67881603730505
 20
32.6276073872457
 10
-7.67849631464594
 20
32.6276040224551
 10
-7.67849366346939
 20
32.6277843926157
 10
-7.67838708904787
 20
32.6277832708302
 10
-7.678384437634
 20
32.6279636409776
 10
-7.67827786300473
 20
32.6279625190941
 10
-7.67827653718209
 20
32.6280527041619
 10
-7.67816996245192
 20
32.6280515821841
 10
-7.67816465867483
 20
32.6284123224264
 10
-7.6779515083776
 20
32.6284100781685
 10
-7.67794885602621
 20
32.6285904482662
 10
-7.67773570532533
 20
32.6285882036312
 10
-7.67773437892709
 20
32.6286783886702
 10
-7.67752122803623
 20
32.6286761436658
 10
-7.67751857479465
 20
32.6288565137244
 10
-7.67730542350015
 20
32.6288542683429
 10
-7.67730276980754
 20
32.6290346383806
 10
-7.67676989060663
 20
32.6290290233057
 10
-7.67676723582198
 20
32.6292093932993
 10
-7.67655408375575
 20
32.6292071466209
 10
-7.67655275614086
 20
32.629297331608
 10
-7.67601987554485
 20
32.6292917133103
 10
-7.67601721922893
 20
32.6294720832417
 10
-7.67591064291384
 20
32.6294709593032
 10
-7.67591329944343
 20
32.6292905893795
 10
-7.67580672334794
 20
32.6292894653583
 10
-7.67580406660468
 20
32.6294698352742
 97
0
 75
0
 76
1
 98
0
  0
HATCH
  5
20007
100
AcDbEntity
  8
0
100
AcDbHatch
 10
0
 20
0
 30
0
210
0
220
0
230
1
  2
SOLID
 70
1
 71
0
 91
1
 92
2
 72
0
 73
1
 93
39
 10
-7.68249327328965
 20
32.6312539910673
 10
-7.68259985200148
 20
32.631255109473
 10
-7.68260910342138
 20
32.6306238131914
 10
-7.68271568139119
 20
32.6306249314797
 10
-7.68271700289216
 20
32.6305347462874
 10
-7.68282358076103
 20
32.6305358644814
 10
-7.68282622353158
 20
32.6303554940851
 10
-7.68303937885963
 20
32.6303577301865
 10
-7.68304202117922
 20
32.6301773597693
 10
-7.68314859863841
 20
32.6301784776766
 10
-7.68315124072073
 20
32.6299981072464
 10
-7.68325781797213
 20
32.6299992250556
 10
-7.68326442254051
 20
32.6295482989371
 10
-7.68337099926362
 20
32.6295494166367
 10
-7.68337496161337
 20
32.6292788609379
 10
-7.68348153802186
 20
32.6292799785355
 10
-7.68348021735134
 20
32.6293701637736
 10
-7.68358679387256
 20
32.6293712812846
 10
-7.68358151155888
 20
32.629732022239
 10
-7.68347493461031
 20
32.6297309047126
 10
-7.68346833105136
 20
32.6301818308562
 10
-7.68336175357448
 20
32.6301807132201
 10
-7.68335647019382
 20
32.6305414540953
 10
-7.68324989229547
 20
32.6305403363534
 10
-7.68324857132871
 20
32.630630521565
 10
-7.68303541533601
 20
32.6306282858021
 10
-7.68303277295744
 20
32.6308086562059
 10
-7.68292619475624
 20
32.6308075381811
 10
-7.68292355214039
 20
32.6309879085718
 10
-7.6828169737314
 20
32.6309867904489
 10
-7.68281036655429
 20
32.6314377163827
 10
-7.68270378761697
 20
32.6314365981501
 10
-7.68269850134169
 20
32.6317973388575
 10
-7.68259192198287
 20
32.6317962205191
 10
-7.68259060029246
 20
32.6318864056887
 10
-7.68237744137882
 20
32.6318841687328
 10
-7.68237876328294
 20
32.6317939835709
 10
-7.68248534262996
 20
32.6317951020902
 10
-7.68249327328965
 20
32.6312539910673
 97
0
 75
0
 76
1
 98
0
  0
HATCH
  5
20008
100
AcDbEntity
  8
0
100
AcDbHatch
 10
0
 20
0
 30
0
210
0
220
0
230
1
  2
SOLID
 70
1
 71
0
 91
1
 92
2
 72
0
 73
1
 93
61
 10
-7.67911433904782
 20
32.643575737269
 10
-7.67911699058583
 20
32.6433953675174
 10
-7.67922358354906
 20
32.6433964891577
 10
-7.67923551421496
 20
32.6425848251743
 10
-7.67912892221391
 20
32.6425837035688
 10
-7.67913952770311
 20
32.6418622244119
 10
-7.67903293656321
 20
32.6418611027468
 10
-7.67905679945328
 20
32.6402377743986
 10
-7.679163388669
 20
32.640238895994
 10
-7.67917929491442
 20
32.6391566768066
 10
-7.6790727069814
 20
32.6391555552576
 10
-7.6790780093014
 20
32.6387948155008
 10
-7.67918459680687
 20
32.6387959370344
 10
-7.6791912240393
 20
32.638345012289
 10
-7.67929781101627
 20
32.6383461337128
 10
-7.67930178696407
 20
32.6380755788378
 10
-7.6794083736263
 20
32.6380767001596
 10
-7.67941764988259
 20
32.637445405377
 10
-7.67952423580256
 20
32.6374465265813
 10
-7.67953351102084
 20
32.6368152317058
 10
-7.67964009619858
 20
32.6368163527926
 10
-7.67964274599396
 20
32.6366359828083
 10
-7.67974933096386
 20
32.636637103797
 10
-7.67977052676522
 20
32.6351941436673
 10
-7.6798771100311
 20
32.6351952645037
 10
-7.67988108375471
 20
32.6349247094295
 10
-7.6799876667059
 20
32.6349258301638
 10
-7.67999031561167
 20
32.6347454600998
 10
-7.68009689835504
 20
32.634746580736
 10
-7.68009954702343
 20
32.634566210659
 10
-7.68020612955899
 20
32.634567331197
 10
-7.68019950837799
 20
32.6350182563988
 10
-7.68009292530811
 20
32.6350171358415
 10
-7.68008762782943
 20
32.6353778759633
 10
-7.67998104433799
 20
32.6353767553001
 10
-7.67996515005189
 20
32.6364589754901
 10
-7.68007173482579
 20
32.6364600961996
 10
-7.68006643696871
 20
32.6368208362354
 10
-7.67995985176731
 20
32.6368197155103
 10
-7.67995057954162
 20
32.637451010494
 10
-7.67984399359798
 20
32.6374498896515
 10
-7.67984266886378
 20
32.6375400746399
 10
-7.67973608281918
 20
32.6375389537031
 10
-7.67972680876599
 20
32.6381702485574
 10
-7.67962022197913
 20
32.6381691275031
 10
-7.6796122719187
 20
32.6387102373025
 10
-7.67971885934687
 20
32.63871135838
 10
-7.67971753442298
 20
32.6388015433458
 10
-7.67961094688793
 20
32.6388004222644
 10
-7.67959902134477
 20
32.6396120868607
 10
-7.67949243285363
 20
32.6396109656541
 10
-7.6794672531024
 20
32.6413244793705
 10
-7.67957384362455
 20
32.6413256006505
 10
-7.67954733845395
 20
32.643129298852
 10
-7.67965393112011
 20
32.6431304201188
 10
-7.67964465449969
 20
32.6437617143892
 10
-7.67975124792015
 20
32.6437628355926
 10
-7.67974727245768
 20
32.6440333902714
 10
-7.67921430381084
 20
32.6440277832917
 10
-7.67922093222487
 20
32.643576858917
 10
-7.67911433904782
 20
32.643575737269
 97
0
 75
0
 76
1
 98
0
  0
HATCH
  5
20009
100
AcDbEntity
  8
0
100
AcDbHatch
 10
0
 20
0
 30
0
210
0
220
0
230
1
  2
SOLID
 70
1
 71
0
 91
174
 92
2
 72
0
 73
1
 93
9543
 10
-7.54355772202171
 20
32.4559075467012
 10
-7.5436640875172
 20
32.4559087771469
 10
-7.54366698989369
 20
32.4557284123769
 10
-7.54377335518388
 20
32.4557296427243
 10
-7.54378061048216
 20
32.4552787307543
 10
-7.54388697524935
 20
32.4552799609907
 10
-7.54389422985611
 20
32.4548290489656
 10
-7.54431968687177
 20
32.454833968928
 10
-7.54432258782196
 20
32.4546536040745
 10
-7.5445353159451
 20
32.4546560635
 10
-7.5445382164458
 20
32.4544756986241
 10
-7.54464458030531
 20
32.4544769281936
 10
-7.54464748056832
 20
32.4542965633037
 10
-7.54475384422252
 20
32.454297792775
 10
-7.54475819425077
 20
32.4540272454174
 10
-7.54486455759378
 20
32.454028474786
 10
-7.54487180698188
 20
32.4535775624751
 10
-7.54497816980193
 20
32.4535787917327
 10
-7.54498396877227
 20
32.4532180618426
 10
-7.54530305600065
 20
32.4532217490257
 10
-7.54529725830093
 20
32.4535824789668
 10
-7.54540362114688
 20
32.4535837078652
 10
-7.54540217181165
 20
32.4536738903513
 10
-7.54550853476997
 20
32.4536751191642
 10
-7.54550563629186
 20
32.4538554841409
 10
-7.54561199946843
 20
32.4538567128725
 10
-7.54560620285807
 20
32.4542174428267
 10
-7.54539347566431
 20
32.4542149852398
 10
-7.54539202628375
 20
32.4543051677164
 10
-7.54528566259069
 20
32.454303938784
 10
-7.5452726169213
 20
32.4551155809751
 10
-7.54537898156739
 20
32.4551168099457
 10
-7.54537318374732
 20
32.4554775397903
 10
-7.54547954882348
 20
32.4554787686881
 10
-7.54547520070813
 20
32.4557493160701
 10
-7.54558156610845
 20
32.4557505448909
 10
-7.54557576895426
 20
32.4561112747316
 10
-7.54578850062152
 20
32.4561137321377
 10
-7.54578705152859
 20
32.456203914603
 10
-7.54610614939573
 20
32.4562076000515
 10
-7.54610035423009
 20
32.4565683299501
 10
-7.54599398784429
 20
32.4565671015401
 10
-7.54599109001083
 20
32.4567474664728
 10
-7.5458847234197
 20
32.4567462379645
 10
-7.54587458005735
 20
32.4573775151567
 10
-7.54598094738982
 20
32.4573787436947
 10
-7.54597949841806
 20
32.4574689261496
 10
-7.54587313097969
 20
32.4574676976073
 10
-7.54587023280496
 20
32.4576480625046
 10
-7.54544476226895
 20
32.4576431474035
 10
-7.54544186322105
 20
32.4578235122613
 10
-7.54522912756826
 20
32.4578210541549
 10
-7.54522622807082
 20
32.4580014189903
 10
-7.54511986004233
 20
32.4580001897939
 10
-7.54511841017798
 20
32.4580903722053
 10
-7.54501204205005
 20
32.4580891429148
 10
-7.54500914209011
 20
32.4582695077251
 10
-7.54490277375683
 20
32.4582682783363
 10
-7.54489987355915
 20
32.4584486431328
 10
-7.54468713648839
 20
32.4584461840687
 10
-7.54468423584115
 20
32.4586265488427
 10
-7.54457786710366
 20
32.4586253191675
 10
-7.54457641666441
 20
32.4587155015482
 10
-7.54447004782749
 20
32.4587142717789
 10
-7.54446714671772
 20
32.4588946365278
 10
-7.54436077767545
 20
32.4588934066603
 10
-7.54435787632793
 20
32.4590737713952
 10
-7.54425150708031
 20
32.4590725414293
 10
-7.54424715469267
 20
32.4593430885089
 10
-7.54414078513379
 20
32.4593418584404
 10
-7.54413498143586
 20
32.4597025878439
 10
-7.54402861145979
 20
32.4597013576686
 10
-7.5440257093601
 20
32.4598817223538
 10
-7.54391933917867
 20
32.4598804920801
 10
-7.54391498566275
 20
32.460151039085
 10
-7.54380861517004
 20
32.4601498087088
 10
-7.54380135865092
 20
32.4606007203352
 10
-7.54369498763509
 20
32.4605994898479
 10
-7.54368918187939
 20
32.4609602191077
 10
-7.54358281044634
 20
32.4609589885136
 10
-7.54357845574371
 20
32.4612295354315
 10
-7.54336571226151
 20
32.4612270739483
 10
-7.54336280867029
 20
32.4614074385364
 10
-7.54304369286007
 20
32.4614037456124
 10
-7.54304078860734
 20
32.4615841101696
 10
-7.54272167221993
 20
32.4615804164116
 10
-7.54271876730568
 20
32.4617607809379
 10
-7.54250602265614
 20
32.4617583179664
 10
-7.54250456997742
 20
32.461848500219
 10
-7.54229182514198
 20
32.4618460368797
 10
-7.54228891934136
 20
32.4620264013639
 10
-7.54218254672151
 20
32.462025169551
 10
-7.54217964068307
 20
32.4622055340212
 10
-7.54207326785785
 20
32.46220430211
 10
-7.54207036158158
 20
32.4623846665662
 10
-7.54185761552689
 20
32.4623822024573
 10
-7.54185616216715
 20
32.4624723846749
 10
-7.54164341592656
 20
32.4624699201981
 10
-7.54164050876388
 20
32.4626502846122
 10
-7.54153413544146
 20
32.4626490522305
 10
-7.54153704281601
 20
32.4624686878249
 10
-7.54132429661439
 20
32.4624662228092
 10
-7.54132575050379
 20
32.4623760406129
 10
-7.54111300454002
 20
32.4623735752464
 10
-7.54111155043875
 20
32.4624637574342
 10
-7.54068605816542
 20
32.4624588256061
 10
-7.54068314909594
 20
32.4626391899435
 10
-7.54047040257453
 20
32.4626367234735
 10
-7.54046458351011
 20
32.462997452098
 10
-7.54035820983541
 20
32.4629962187112
 10
-7.54036111959249
 20
32.4628158544102
 10
-7.53982925237586
 20
32.4628096861715
 10
-7.53982634155944
 20
32.4629900504299
 10
-7.53961359429455
 20
32.4629875824885
 10
-7.53961213866472
 20
32.4630777646071
 10
-7.5395057649361
 20
32.4630765304975
 10
-7.53950285344505
 20
32.4632568947221
 10
-7.53939647951105
 20
32.4632556605141
 10
-7.53939356778212
 20
32.4634360247248
 10
-7.53928719364276
 20
32.4634347904184
 10
-7.53928282568276
 20
32.4637053367116
 10
-7.53917645123209
 20
32.4637041023026
 10
-7.53916043371259
 20
32.4646961052266
 10
-7.53926680932862
 20
32.4646973396825
 10
-7.53925952890746
 20
32.4651482500697
 10
-7.53936590505972
 20
32.4651494844572
 10
-7.5393600810295
 20
32.4655102127597
 10
-7.53946645761205
 20
32.4655114470744
 10
-7.53945917795768
 20
32.4659623574435
 10
-7.53956555507648
 20
32.4659635916897
 10
-7.53956264338111
 20
32.4661439558364
 10
-7.53966902071832
 20
32.4661451900013
 10
-7.53966465344434
 20
32.466415736224
 10
-7.53977103110591
 20
32.4664169703118
 10
-7.5397652084067
 20
32.4667776986069
 10
-7.53987158649859
 20
32.4667789326219
 10
-7.53987013091349
 20
32.4668691146966
 10
-7.53997650911783
 20
32.466870348626
 10
-7.53997359814003
 20
32.4670507127798
 10
-7.54007997656279
 20
32.467051946628
 10
-7.540074154953
 20
32.4674126749364
 10
-7.54018053380609
 20
32.4674139087118
 10
-7.54016889112211
 20
32.4681353652978
 10
-7.54027527082939
 20
32.4681365990174
 10
-7.54026944975522
 20
32.4684973272951
 10
-7.54037582989285
 20
32.4684985609419
 10
-7.54037291952869
 20
32.4686789250812
 10
-7.54047929988475
 20
32.4686801586467
 10
-7.54047784479888
 20
32.4687703407186
 10
-7.54069060574242
 20
32.4687728075886
 10
-7.54068769597506
 20
32.4689531717453
 10
-7.54111321878786
 20
32.4689581044413
 10
-7.54111030984223
 20
32.4691384686267
 10
-7.54153583360673
 20
32.4691433999193
 10
-7.54153292548286
 20
32.4693237641333
 10
-7.54174568782795
 20
32.4693262292576
 10
-7.54174423396821
 20
32.4694164113711
 10
-7.54195699655122
 20
32.4694188761444
 10
-7.54195408923614
 20
32.4695992403844
 10
-7.54248599686699
 20
32.469605400788
 10
-7.54248890312238
 20
32.4694250365054
 10
-7.54270166579628
 20
32.4694275000208
 10
-7.5427031187023
 20
32.469337317869
 10
-7.54280949994302
 20
32.4693385494877
 10
-7.54281531107832
 20
32.4689778208498
 10
-7.54270893026147
 20
32.4689765892481
 10
-7.5427132888627
 20
32.4687060427682
 10
-7.54260690837024
 20
32.4687048110895
 10
-7.54262289057395
 20
32.4677128072727
 10
-7.54251651125358
 20
32.467711575551
 10
-7.54251941723634
 20
32.4675312112116
 10
-7.54241303813438
 20
32.4675299794085
 10
-7.54241449122199
 20
32.467439797241
 10
-7.54230811223247
 20
32.4674385653524
 10
-7.54231392494182
 20
32.4670778366861
 10
-7.54220754638263
 20
32.4670766047246
 10
-7.54221190616435
 20
32.4668060582234
 10
-7.54231828440567
 20
32.4668072901721
 10
-7.54232119068244
 20
32.4666269258227
 10
-7.54242756871834
 20
32.4666281576731
 10
-7.54242466265348
 20
32.466808522031
 10
-7.54253104090778
 20
32.4668097538
 10
-7.54252668207967
 20
32.4670803003395
 10
-7.54263306065833
 20
32.4670815320315
 10
-7.54263015495239
 20
32.4672618963929
 10
-7.54273653374946
 20
32.4672631280035
 10
-7.54273362822947
 20
32.467443492368
 10
-7.54284000724495
 20
32.4674447238973
 10
-7.54283855458118
 20
32.4675349060818
 10
-7.5429449337091
 20
32.4675361375255
 10
-7.54294202857401
 20
32.467716501899
 10
-7.54304840792034
 20
32.4677177332613
 10
-7.54304550297123
 20
32.4678980976379
 10
-7.5432582621072
 20
32.4679005601101
 10
-7.54325535755597
 20
32.4680809244983
 10
-7.54357449694436
 20
32.4680846175584
 10
-7.54357740085981
 20
32.4679042531447
 10
-7.54368378045699
 20
32.4679054839765
 10
-7.54369103960231
 20
32.4674545728974
 10
-7.54379741867617
 20
32.4674558036181
 10
-7.54381774193714
 20
32.4661932523573
 10
-7.54530702888447
 20
32.4662104721806
 10
-7.54530992913705
 20
32.4660301075741
 10
-7.54552268409511
 20
32.4660325660944
 10
-7.54552558389796
 20
32.4658522014656
 10
-7.54573833845812
 20
32.4658546596095
 10
-7.54574123781127
 20
32.4656742949583
 10
-7.54584761488916
 20
32.465675523887
 10
-7.54584906445006
 20
32.4655853415551
 10
-7.54595544142848
 20
32.4655865703897
 10
-7.54595834031897
 20
32.4654062057134
 10
-7.54606471709197
 20
32.4654074344497
 10
-7.54606761574466
 20
32.4652270697594
 10
-7.54617399231223
 20
32.4652282983974
 10
-7.54617109387144
 20
32.4654086630962
 10
-7.54627747065738
 20
32.4654098916528
 10
-7.54626732665231
 20
32.4660411680857
 10
-7.54637370418638
 20
32.4660423965822
 10
-7.54637080605287
 20
32.4662227612736
 10
-7.54647718380532
 20
32.4662239896888
 10
-7.5464757348348
 20
32.4663141720368
 10
-7.54658211269968
 20
32.4663154003664
 10
-7.54657921495114
 20
32.4664957650667
 10
-7.54668559303439
 20
32.4664969933149
 10
-7.54668269547187
 20
32.4666773580183
 10
-7.54678907377351
 20
32.4666785861852
 10
-7.54678472769906
 20
32.4669491332428
 10
-7.54667834907955
 20
32.4669479050632
 10
-7.54667255379919
 20
32.4673086344376
 10
-7.54656617476232
 20
32.4673074061511
 10
-7.54656327687138
 20
32.4674877708217
 10
-7.54645689762906
 20
32.4674865424369
 10
-7.54645255042623
 20
32.4677570894199
 10
-7.54634617087251
 20
32.4677558609325
 10
-7.546343272493
 20
32.4679362255726
 10
-7.54623689273382
 20
32.4679349969869
 10
-7.54623399411649
 20
32.4681153616131
 10
-7.54612761415187
 20
32.4681141329291
 10
-7.54612036696542
 20
32.4685650444496
 10
-7.54601398647744
 20
32.4685638156545
 10
-7.54601108734561
 20
32.4687441802448
 10
-7.54590470665218
 20
32.4687429513513
 10
-7.54590325697058
 20
32.4688331336402
 10
-7.54569049539122
 20
32.4688306755752
 10
-7.54569194528475
 20
32.4687404932949
 10
-7.54558556461075
 20
32.4687392641319
 10
-7.54559136454396
 20
32.4683785350139
 10
-7.54505946339044
 20
32.4683723879361
 10
-7.54505656237713
 20
32.4685527524553
 10
-7.54495018195394
 20
32.4685515227617
 10
-7.54494728070278
 20
32.468731887267
 10
-7.54484090007413
 20
32.4687306574751
 10
-7.5448365478309
 20
32.4690012042102
 10
-7.54473016689083
 20
32.4689999743156
 10
-7.544727265151
 20
32.4691803387904
 10
-7.54462088400548
 20
32.4691791087975
 10
-7.54461653102922
 20
32.4694496554868
 10
-7.54451014957227
 20
32.4694484253913
 10
-7.54450724734375
 20
32.4696287898356
 10
-7.54440086568134
 20
32.4696275596417
 10
-7.54439796321495
 20
32.4698079240721
 10
-7.54418519948569
 20
32.4698054633978
 10
-7.54418084510164
 20
32.4700760100077
 10
-7.54407446292883
 20
32.4700747795231
 10
-7.54405414021468
 20
32.4713373301489
 10
-7.54416052387117
 20
32.4713385606931
 10
-7.5441576207345
 20
32.4715189250551
 10
-7.54426400460943
 20
32.4715201555179
 10
-7.54424803805993
 20
32.4725121594591
 10
-7.54414165301918
 20
32.4725109289494
 10
-7.54414020136979
 20
32.4726011111135
 10
-7.54403381622954
 20
32.4725998805098
 10
-7.54403091269933
 20
32.4727802448254
 10
-7.54392452735359
 20
32.4727790141233
 10
-7.54391726788463
 20
32.4732299248675
 10
-7.54381088201544
 20
32.4732286940543
 10
-7.54379781360879
 20
32.4740403332704
 10
-7.54390420043191
 20
32.4740415641219
 10
-7.54389839250651
 20
32.4744022926443
 10
-7.54411116702017
 20
32.4744047541118
 10
-7.54411697409761
 20
32.4740440255554
 10
-7.54422336094019
 20
32.4740452561373
 10
-7.5442277158622
 20
32.473774709693
 10
-7.54433410239328
 20
32.4737759401723
 10
-7.54433990844121
 20
32.4734152115441
 10
-7.54444629455481
 20
32.4734164419165
 10
-7.54444919732789
 20
32.4732360775857
 10
-7.544555583236
 20
32.4732373078598
 10
-7.5445526806749
 20
32.473417672199
 10
-7.54476545293451
 20
32.4734201324945
 10
-7.54476255077145
 20
32.4736004968454
 10
-7.54486893712296
 20
32.4736017268669
 10
-7.54486603514595
 20
32.4737820912208
 10
-7.54497242171593
 20
32.4737833211609
 10
-7.5449709708237
 20
32.4738735033401
 10
-7.54518374419509
 20
32.4738759629592
 10
-7.54518084281515
 20
32.4740563273305
 10
-7.54528722972255
 20
32.4740575570138
 10
-7.54528432852868
 20
32.4742379213882
 10
-7.54539071565456
 20
32.4742391509901
 10
-7.54538781464676
 20
32.4744195153676
 10
-7.5454942019911
 20
32.4744207448881
 10
-7.54549275158348
 20
32.4745109270791
 10
-7.5455991390403
 20
32.474512156514
 10
-7.54559623841762
 20
32.4746925209004
 10
-7.54570262609291
 20
32.4746937502539
 10
-7.5456997256563
 20
32.4748741146434
 10
-7.54580611355007
 20
32.4748753439155
 10
-7.54580321329955
 20
32.4750557083081
 10
-7.54590960141179
 20
32.4750569374989
 10
-7.54590815138282
 20
32.4751471196974
 10
-7.54612092783873
 20
32.4751495778179
 10
-7.54611802818535
 20
32.4753299422278
 10
-7.54633080509117
 20
32.4753324000057
 10
-7.54632790583589
 20
32.4755127644273
 10
-7.5466470718792
 20
32.4755164504457
 10
-7.54664417323403
 20
32.4756968148873
 10
-7.5470697288971
 20
32.4757017283542
 10
-7.54706827998882
 20
32.4757919105899
 10
-7.54738744712209
 20
32.4757955947592
 10
-7.54738454992214
 20
32.4759759592521
 10
-7.54759732846736
 20
32.4759784149325
 10
-7.54759443166554
 20
32.476158779437
 10
-7.54770082115987
 20
32.4761600071509
 10
-7.54769792454418
 20
32.4763403716585
 10
-7.54780431425699
 20
32.476341599291
 10
-7.5477970731346
 20
32.4767925105575
 10
-7.54790346338391
 20
32.4767937381213
 10
-7.54789911895088
 20
32.4770642848777
 10
-7.54800550952469
 20
32.4770655123644
 10
-7.54799971728079
 20
32.4774262413709
 10
-7.54810610828512
 20
32.4774274687847
 10
-7.54810321233639
 20
32.4776078332884
 10
-7.54820960355921
 20
32.4776090606208
 10
-7.54820815568116
 20
32.4776992428748
 10
-7.54831454701646
 20
32.4777004701216
 10
-7.54829427752881
 20
32.4789630215956
 10
-7.54840067035482
 20
32.4789642488119
 10
-7.5483977748223
 20
32.479144613295
 10
-7.54850416786682
 20
32.4791458404298
 10
-7.54850127252046
 20
32.4793262049161
 10
-7.5486076657835
 20
32.4793274319695
 10
-7.54860477062332
 20
32.4795077964588
 10
-7.54871116410487
 20
32.4795090234308
 10
-7.5487097166211
 20
32.4795992056777
 10
-7.54881611021514
 20
32.4796004325641
 10
-7.54881321544026
 20
32.4797807970622
 10
-7.54891960925281
 20
32.4797820238672
 10
-7.54891382004958
 20
32.4801427528642
 10
-7.5490202142927
 20
32.4801439795963
 10
-7.54901876708176
 20
32.4802341618464
 10
-7.54912516143737
 20
32.4802353884928
 10
-7.54911937295307
 20
32.4805961174967
 10
-7.54922576773925
 20
32.4805973440702
 10
-7.54922142662624
 20
32.4808678908216
 10
-7.54932782173698
 20
32.4808691173179
 10
-7.54932492784138
 20
32.4810494818206
 10
-7.54996329991392
 20
32.4810568389614
 10
-7.54996040726485
 20
32.4812372035096
 10
-7.55017319843151
 20
32.4812396551876
 10
-7.55016596775614
 20
32.4816905665767
 10
-7.55027236387933
 20
32.4816917923021
 10
-7.55026947177603
 20
32.4818721568567
 10
-7.55037586811775
 20
32.4818733825007
 10
-7.55037297620069
 20
32.4820537470584
 10
-7.55047937276094
 20
32.4820549726209
 10
-7.55047792689876
 20
32.4821451549019
 10
-7.55058432357151
 20
32.4821463803788
 10
-7.55058143203984
 20
32.4823267449453
 10
-7.55079422582887
 20
32.4823291956463
 10
-7.55079133469553
 20
32.4825095602244
 10
-7.55100412893455
 20
32.4825120105827
 10
-7.55100123819954
 20
32.4826923751723
 10
-7.55110763554081
 20
32.4826936002251
 10
-7.55110619026966
 20
32.4827837825221
 10
-7.55131898518365
 20
32.4827862323665
 10
-7.55131609504616
 20
32.4829665969734
 10
-7.55142249272492
 20
32.4829678217692
 10
-7.55141960277369
 20
32.4831481863791
 10
-7.55152600067099
 20
32.4831494110935
 10
-7.55152311090603
 20
32.4833297757064
 10
-7.55162950902187
 20
32.4833310003394
 10
-7.55162806423576
 20
32.4834211826481
 10
-7.5517344624641
 20
32.4834224071953
 10
-7.55173157308459
 20
32.4836027718171
 10
-7.55183797153148
 20
32.483603996283
 10
-7.55183508233825
 20
32.4837843609078
 10
-7.55194148100368
 20
32.4837855852922
 10
-7.55193859199674
 20
32.4839659499201
 10
-7.55215138977114
 20
32.4839683984361
 10
-7.55214994547008
 20
32.4840585807565
 10
-7.55225634447301
 20
32.4840598048839
 10
-7.55225345606364
 20
32.4842401695291
 10
-7.55246625451305
 20
32.484242617531
 10
-7.55246336650207
 20
32.4844229821877
 10
-7.55278256486085
 20
32.4844266535418
 10
-7.55277967746038
 20
32.4846070182184
 10
-7.5528860771383
 20
32.4846082418318
 10
-7.55288896432667
 20
32.4844278771466
 10
-7.55310176327766
 20
32.4844303240867
 10
-7.55310465001604
 20
32.4842499593792
 10
-7.5532110492891
 20
32.4842511827059
 10
-7.55321537903017
 20
32.483980635622
 10
-7.55332177799154
 20
32.4839818588461
 10
-7.55332755046519
 20
32.483621129365
 10
-7.55343394900881
 20
32.4836223524823
 10
-7.55343827797823
 20
32.4833518053446
 10
-7.55354467621016
 20
32.4833530283593
 10
-7.55354756194546
 20
32.4831726635857
 10
-7.55365395997175
 20
32.4831738865021
 10
-7.55365973094082
 20
32.4828131569216
 10
-7.55376612854939
 20
32.4828143797312
 10
-7.55377334158553
 20
32.4823634677041
 10
-7.55366694450717
 20
32.4823622449156
 10
-7.55367127256964
 20
32.4820916976958
 10
-7.55356487581584
 20
32.4820904748301
 10
-7.55356776137068
 20
32.4819101100186
 10
-7.55367415791241
 20
32.4819113328758
 10
-7.5536799285206
 20
32.4815506032197
 10
-7.55378632464463
 20
32.4815518259702
 10
-7.55378776717453
 20
32.4814616435485
 10
-7.55389416319897
 20
32.4814628662048
 10
-7.55389704802737
 20
32.4812825013491
 10
-7.55410983967144
 20
32.4812849463752
 10
-7.55411272404994
 20
32.4811045814971
 10
-7.55464470221249
 20
32.4811106924469
 10
-7.55464181889433
 20
32.4812910573672
 10
-7.5552801941743
 20
32.4812983875912
 10
-7.55527731210279
 20
32.4814787525568
 10
-7.55549010433842
 20
32.4814811952625
 10
-7.55548866350508
 20
32.4815713777517
 10
-7.55570145597853
 20
32.4815738201064
 10
-7.5557028965998
 20
32.4814836376087
 10
-7.55580929274014
 20
32.481484858647
 10
-7.5558121737513
 20
32.4813044936392
 10
-7.55591856968601
 20
32.4813057145791
 10
-7.55592577157115
 20
32.480854802015
 10
-7.55603216698212
 20
32.480856022844
 10
-7.55604080839579
 20
32.4803149276971
 10
-7.55614720317701
 20
32.4803161484109
 10
-7.55615728379138
 20
32.4796848706486
 10
-7.55626367783685
 20
32.4796860912429
 10
-7.55627807710751
 20
32.4787842657112
 10
-7.55638447009917
 20
32.4787854861735
 10
-7.55639454846379
 20
32.4781542081914
 10
-7.55650094071975
 20
32.4781554285343
 10
-7.55650381998258
 20
32.477975063376
 10
-7.55661021203293
 20
32.4779762836205
 10
-7.55661309105801
 20
32.4777959184483
 10
-7.55671948290276
 20
32.4777971385945
 10
-7.55672092229964
 20
32.4777069560022
 10
-7.5569337057964
 20
32.4777093960166
 10
-7.5569365841468
 20
32.4775290308111
 10
-7.55704297569279
 20
32.477530250675
 10
-7.55704585380545
 20
32.4773498854556
 10
-7.55725863649267
 20
32.477352324897
 10
-7.55726151415556
 20
32.4771719596553
 10
-7.55736790529678
 20
32.4771731792328
 10
-7.55737222142488
 20
32.4769026313475
 10
-7.5574786122545
 20
32.4769038508224
 10
-7.55748436657795
 20
32.476543120273
 10
-7.55759075698994
 20
32.4765443396412
 10
-7.55759507234704
 20
32.4762737917023
 10
-7.55770146244743
 20
32.476275010968
 10
-7.5577072157429
 20
32.475914280347
 10
-7.55781360542569
 20
32.4759154995059
 10
-7.55782079637044
 20
32.4754645861783
 10
-7.55792718552963
 20
32.4754658052263
 10
-7.55793437578375
 20
32.4750148918438
 10
-7.55782798715458
 20
32.4750136728168
 10
-7.55783517777811
 20
32.4745627594216
 10
-7.55794156587729
 20
32.4745639784275
 10
-7.55794012787143
 20
32.4746541611135
 10
-7.55804651608302
 20
32.4746553800337
 10
-7.55804076441935
 20
32.4750161107808
 10
-7.55814715306137
 20
32.4750173296281
 10
-7.55814283956418
 20
32.4752878776869
 10
-7.55824922853063
 20
32.4752890964568
 10
-7.55824347753514
 20
32.4756498271999
 10
-7.55834986693203
 20
32.4756510458968
 10
-7.55834555393599
 20
32.4759215939525
 10
-7.55845194365732
 20
32.4759228125722
 10
-7.55844906850653
 20
32.4761031779444
 10
-7.5585554584463
 20
32.4761043964826
 10
-7.55854970849169
 20
32.4764651272276
 10
-7.55876248923855
 20
32.4764675640681
 10
-7.55875817734124
 20
32.4767381121379
 10
-7.55886456804233
 20
32.476739330436
 10
-7.55886169362404
 20
32.4769196958175
 10
-7.55907447546953
 20
32.4769221321609
 10
-7.55907160144961
 20
32.4771024975539
 10
-7.5594971660657
 20
32.4771073691958
 10
-7.55949572947017
 20
32.4771975519071
 10
-7.55970851202875
 20
32.4771999871972
 10
-7.55969989359294
 20
32.4777410834871
 10
-7.55959350167435
 20
32.4777398658617
 10
-7.55958919205178
 20
32.4780104139758
 10
-7.55948279982156
 20
32.4780091962479
 10
-7.55947561645883
 20
32.4784601097233
 10
-7.55936922370493
 20
32.4784588918846
 10
-7.55935341857592
 20
32.4794509013653
 10
-7.55945981249607
 20
32.4794521192504
 10
-7.55945262861992
 20
32.4799030326178
 10
-7.55934623416964
 20
32.4799018147117
 10
-7.55934048652908
 20
32.4802625453644
 10
-7.55923409166111
 20
32.4802613273516
 10
-7.55923265462889
 20
32.4803515100072
 10
-7.5591262596613
 20
32.4803502919003
 10
-7.55913057105678
 20
32.480079743942
 10
-7.55902417641371
 20
32.4800785257578
 10
-7.55901411565884
 20
32.4807098042787
 10
-7.55890772027997
 20
32.4807085859751
 10
-7.55890484550873
 20
32.4808889512462
 10
-7.55879844992422
 20
32.4808877328444
 10
-7.55877832432193
 20
32.4821502895318
 10
-7.55888472139095
 20
32.4821515079926
 10
-7.55888040891626
 20
32.4824220558324
 10
-7.55898680630981
 20
32.4824232742159
 10
-7.55898105667783
 20
32.4827840046669
 10
-7.55908745450198
 20
32.4827852229774
 10
-7.55908601718397
 20
32.482875405591
 10
-7.55919241512058
 20
32.4828766238158
 10
-7.5591895406774
 20
32.4830569890473
 10
-7.55929593883251
 20
32.4830582071906
 10
-7.55929306457574
 20
32.4832385724251
 10
-7.55939946294936
 20
32.483239790487
 10
-7.559396588879
 20
32.4834201557245
 10
-7.55950298747113
 20
32.4834213737049
 10
-7.55950155053237
 20
32.4835115563258
 10
-7.55960794923697
 20
32.4835127742205
 10
-7.55960507555228
 20
32.4836931394668
 10
-7.55971147447539
 20
32.4836943572799
 10
-7.55970860097713
 20
32.4838747225292
 10
-7.55981500011875
 20
32.4838759402609
 10
-7.55981212680692
 20
32.4840563055132
 10
-7.55991852616706
 20
32.4840575231634
 10
-7.55991708960756
 20
32.4841477057917
 10
-7.56002348908017
 20
32.4841489233562
 10
-7.56002061615403
 20
32.4843292886173
 10
-7.56023341554269
 20
32.4843317234934
 10
-7.56023054301509
 20
32.4845120887658
 10
-7.56033694293115
 20
32.4845133060774
 10
-7.56033407059
 20
32.4846936713529
 10
-7.56044047072457
 20
32.484694888583
 10
-7.56043903465043
 20
32.4847850712229
 10
-7.56054543489747
 20
32.4847862883673
 10
-7.56053538294121
 20
32.4854175668384
 10
-7.56042898195178
 20
32.4854163496645
 10
-7.56042610969443
 20
32.4855967149213
 10
-7.56021330731058
 20
32.4855942802871
 10
-7.56021617999216
 20
32.4854139150471
 10
-7.5600033780582
 20
32.48541148007
 10
-7.5600005049524
 20
32.4855918452932
 10
-7.55989410378293
 20
32.4855906276614
 10
-7.55989697710085
 20
32.4854102624466
 10
-7.5596841752054
 20
32.4854078269301
 10
-7.55967842769543
 20
32.4857685573206
 10
-7.55978482906418
 20
32.4857697751407
 10
-7.5597819554828
 20
32.4859501403362
 10
-7.5601011602639
 20
32.4859537932821
 10
-7.56009972378177
 20
32.4860439758905
 10
-7.56020612549436
 20
32.4860451933636
 10
-7.56020325272296
 20
32.4862255585847
 10
-7.55999044887995
 20
32.4862231235319
 10
-7.55998326577854
 20
32.486674036519
 10
-7.55987686333635
 20
32.4866728188367
 10
-7.55987398983874
 20
32.4868531840137
 10
-7.55976758719084
 20
32.4868519662331
 10
-7.55975178132838
 20
32.4878439745636
 10
-7.55985818514302
 20
32.4878451923905
 10
-7.55984381656392
 20
32.4887470180458
 10
-7.5599502214457
 20
32.4887482358249
 10
-7.55994734786501
 20
32.4889286009481
 10
-7.55984094277109
 20
32.4889273831606
 10
-7.55983950586504
 20
32.489017565716
 10
-7.55973310067146
 20
32.4890163478344
 10
-7.55973022662797
 20
32.4891967129328
 10
-7.55962382122866
 20
32.4891954949528
 10
-7.55961807264032
 20
32.4895562251164
 10
-7.55951166682312
 20
32.4895550070297
 10
-7.55950735499623
 20
32.4898255546256
 10
-7.55940094886721
 20
32.4898243364364
 10
-7.55939807407169
 20
32.4900047014852
 10
-7.5591852614086
 20
32.4900022648201
 10
-7.55918238616307
 20
32.4901826298466
 10
-7.559075979629
 20
32.4901814113708
 10
-7.55907454189052
 20
32.4902715938778
 10
-7.55886172862947
 20
32.4902691566479
 10
-7.55884878678466
 20
32.4910807990746
 10
-7.55895519436673
 20
32.4910820177724
 10
-7.55895231854274
 20
32.4912623827496
 10
-7.55937794978394
 20
32.4912672566752
 10
-7.55938082475924
 20
32.4910868916643
 10
-7.55959363999402
 20
32.4910893280707
 10
-7.55959651451929
 20
32.4909089630375
 10
-7.55991573678309
 20
32.4909126169474
 10
-7.55991717371784
 20
32.4908224344161
 10
-7.56034280306843
 20
32.4908273050202
 10
-7.56034136655802
 20
32.4909174875683
 10
-7.56044777401779
 20
32.4909187049987
 10
-7.5604449011899
 20
32.4910990700992
 10
-7.56087053194184
 20
32.4911039389552
 10
-7.56087483990103
 20
32.4908333912519
 10
-7.56076843252168
 20
32.4908321741854
 10
-7.5607741768018
 20
32.4904714439124
 10
-7.5606677698532
 20
32.4904702267728
 10
-7.56068069506298
 20
32.4896585836172
 10
-7.56057428907552
 20
32.4896573664256
 10
-7.56057572528395
 20
32.4895671838502
 10
-7.56046931940899
 20
32.4895659665728
 10
-7.56047219201874
 20
32.4893856014263
 10
-7.56036578636236
 20
32.4893843840674
 10
-7.56036865915861
 20
32.489204018924
 10
-7.56026225372079
 20
32.4892028014836
 10
-7.56026656318527
 20
32.488932253771
 10
-7.56047937343087
 20
32.4889346885367
 10
-7.56048224595081
 20
32.4887543233714
 10
-7.56090786567038
 20
32.48875919179
 10
-7.56091073731607
 20
32.4885788265857
 10
-7.56144276104909
 20
32.4885849100438
 10
-7.56144563160839
 20
32.488404544792
 10
-7.56165844072219
 20
32.488406977529
 10
-7.56165987578008
 20
32.4883167948927
 10
-7.56187268470738
 20
32.4883192272616
 10
-7.56187555437964
 20
32.4881388619681
 10
-7.56198195864076
 20
32.4881400780093
 10
-7.56198482807524
 20
32.4879597127019
 10
-7.56209123213063
 20
32.4879609286448
 10
-7.56209553591608
 20
32.4876903806611
 10
-7.56220193965967
 20
32.4876915965014
 10
-7.56220480860579
 20
32.4875112311638
 10
-7.56231121214365
 20
32.4875124469058
 10
-7.56231551519658
 20
32.4872418988766
 10
-7.5625283216551
 20
32.4872443300657
 10
-7.56253118990076
 20
32.4870639646894
 10
-7.56285039900019
 20
32.4870676107735
 10
-7.56285326658383
 20
32.4868872453666
 10
-7.56295966941765
 20
32.4868884605398
 10
-7.56296253676354
 20
32.486708095119
 10
-7.56317534202614
 20
32.4867105251788
 10
-7.56317677547735
 20
32.486620342458
 10
-7.56338958055344
 20
32.4866227721497
 10
-7.5633924470124
 20
32.4864424066873
 10
-7.56360525168984
 20
32.4864448360026
 10
-7.56360811769895
 20
32.486264470518
 10
-7.56371451983514
 20
32.4862656850324
 10
-7.56371881848261
 20
32.4859951367828
 10
-7.56382522030703
 20
32.4859963511947
 10
-7.56383524951804
 20
32.4853650718689
 10
-7.56372884843604
 20
32.4853638574863
 10
-7.56373171407941
 20
32.4851834919609
 10
-7.56362531321592
 20
32.4851822774969
 10
-7.56362817904581
 20
32.4850019119745
 10
-7.56309617588494
 20
32.4849958383476
 10
-7.56309904274977
 20
32.4848154728618
 10
-7.56288624195446
 20
32.4848130427985
 10
-7.56288767558938
 20
32.484722860062
 10
-7.56278127530738
 20
32.4847216448997
 10
-7.56279704603539
 20
32.4837296347546
 10
-7.56290344515083
 20
32.4837308498707
 10
-7.56290774580584
 20
32.4834603016084
 10
-7.56301414460954
 20
32.483461516622
 10
-7.56301987830239
 20
32.4831007855699
 10
-7.5631262766883
 20
32.4831020004768
 10
-7.56314634232194
 20
32.4818394415654
 10
-7.56303994542061
 20
32.4818382267172
 10
-7.56306001128394
 20
32.4805756675999
 10
-7.56295361587351
 20
32.4805744527206
 10
-7.56296364907682
 20
32.4799431730921
 10
-7.562857254415
 20
32.4799419581523
 10
-7.56286728804678
 20
32.479310678487
 10
-7.56276089413354
 20
32.4793094634867
 10
-7.56277809518753
 20
32.4782272696712
 10
-7.56267170255297
 20
32.4782260546314
 10
-7.56267743645681
 20
32.4778653233332
 10
-7.56257104425273
 20
32.4778641082203
 10
-7.56257534493142
 20
32.477593559745
 10
-7.56246895305179
 20
32.4775923445549
 10
-7.56247182035093
 20
32.4774119789063
 10
-7.56236542868974
 20
32.4774107636347
 10
-7.56236829617529
 20
32.4772303979892
 10
-7.56194273044267
 20
32.4772255360374
 10
-7.56193986210899
 20
32.4774059016493
 10
-7.56130151243008
 20
32.4773986059748
 10
-7.56130438203593
 20
32.4772182404133
 10
-7.56109159928495
 20
32.4772158078196
 10
-7.56109303429028
 20
32.4771256250452
 10
-7.56098664303042
 20
32.4771244086177
 10
-7.56099238341172
 20
32.4767636775236
 10
-7.56120516508975
 20
32.476766110255
 10
-7.56120803481789
 20
32.476585744683
 10
-7.5613144254545
 20
32.4765869609055
 10
-7.56131586020294
 20
32.4764967781133
 10
-7.56142225073995
 20
32.4764979942417
 10
-7.5614251200056
 20
32.4763176286448
 10
-7.56174429101901
 20
32.4763212764656
 10
-7.56174715962297
 20
32.476140910838
 10
-7.56238550055067
 20
32.4761482040025
 10
-7.56238836785691
 20
32.4759678383192
 10
-7.56260114779335
 20
32.4759702686382
 10
-7.56260258122485
 20
32.4758800857861
 10
-7.56270897109666
 20
32.4758813008067
 10
-7.56271183772843
 20
32.47570093509
 10
-7.56281822739464
 20
32.4757021500122
 10
-7.56282109378879
 20
32.4755217842818
 10
-7.56292748324939
 20
32.4755229991058
 10
-7.56293034940592
 20
32.4753426333615
 10
-7.56303673866091
 20
32.4753438480872
 10
-7.56304103752969
 20
32.4750732994482
 10
-7.56314742647307
 20
32.4750745140714
 10
-7.56315029214158
 20
32.4748941482969
 10
-7.56325668087936
 20
32.4748953628219
 10
-7.56325954631026
 20
32.4747149970335
 10
-7.563472323381
 20
32.4747174257971
 10
-7.56347375587485
 20
32.4746272428925
 10
-7.56358014431382
 20
32.4746284571353
 10
-7.56358300907032
 20
32.4744480913137
 10
-7.56390217378963
 20
32.4744517334775
 10
-7.56390503788454
 20
32.4742713676254
 10
-7.56411781397206
 20
32.4742737952685
 10
-7.56412067761739
 20
32.4740934293942
 10
-7.56422706545875
 20
32.4740946430725
 10
-7.56422849716582
 20
32.4740044601291
 10
-7.56433488490758
 20
32.4740056737134
 10
-7.56433774809055
 20
32.4738253078142
 10
-7.5644441356267
 20
32.4738265213003
 10
-7.5644469985721
 20
32.4736461553873
 10
-7.56455338590266
 20
32.4736473687751
 10
-7.56455624861048
 20
32.4734670028483
 10
-7.5647690228668
 20
32.4734694293375
 10
-7.56477045399914
 20
32.4733792463637
 10
-7.56487684103089
 20
32.4733804594693
 10
-7.56487970306439
 20
32.4732000935092
 10
-7.56498608989055
 20
32.4732013065166
 10
-7.56499181345687
 20
32.4728405745635
 10
-7.56509819986545
 20
32.4728417874643
 10
-7.56509963063506
 20
32.4727516044684
 10
-7.56520601694404
 20
32.4727528172751
 10
-7.56521889262902
 20
32.4719411702141
 10
-7.56511250727394
 20
32.4719399574452
 10
-7.56511536867894
 20
32.4717595914251
 10
-7.56500898354223
 20
32.4717583785747
 10
-7.56501184513364
 20
32.4715780125577
 10
-7.56490546021528
 20
32.4715767996258
 10
-7.56491261461187
 20
32.4711258845805
 10
-7.56480623022983
 20
32.4711246715797
 10
-7.56480909215569
 20
32.4709443055605
 10
-7.5645963238347
 20
32.4709418793061
 10
-7.56459775500001
 20
32.4708516963029
 10
-7.56385306681985
 20
32.4708432016112
 10
-7.56385879438457
 20
32.4704824697022
 10
-7.5639651779672
 20
32.4704836834824
 10
-7.56396947325564
 20
32.4702131345239
 10
-7.56428862308811
 20
32.4702167752875
 10
-7.56429148594589
 20
32.4700364092833
 10
-7.56439786902422
 20
32.4700376226831
 10
-7.56440073164448
 20
32.4698572566651
 10
-7.56450711451724
 20
32.4698584699666
 10
-7.56450997689997
 20
32.4696781039348
 10
-7.56461635956718
 20
32.4696793171381
 10
-7.56461779064298
 20
32.469589134116
 10
-7.56472417321061
 20
32.4695903472252
 10
-7.56472989702599
 20
32.4692296151065
 10
-7.56483627917612
 20
32.4692308281091
 10
-7.56484915643305
 20
32.4684191807252
 10
-7.56474277523666
 20
32.4684179677603
 10
-7.56476996087005
 20
32.4667044896704
 10
-7.56466358169336
 20
32.4667032766953
 10
-7.56467789005425
 20
32.4658014459679
 10
-7.56478426817137
 20
32.465802658901
 10
-7.56479285224538
 20
32.4652615603746
 10
-7.56468647476399
 20
32.4652603474666
 10
-7.5646979206857
 20
32.4645388827227
 10
-7.56459154405829
 20
32.4645376697584
 10
-7.56460155964587
 20
32.4639063880659
 10
-7.56449518376647
 20
32.4639051750411
 10
-7.56450519978246
 20
32.4632738933118
 10
-7.56439882465106
 20
32.4632726802265
 10
-7.56440168652427
 20
32.4630923140144
 10
-7.56450806144379
 20
32.4630935270913
 10
-7.56451378468974
 20
32.4627327946341
 10
-7.5646201591919
 20
32.4627340076044
 10
-7.56462158988147
 20
32.4626438244826
 10
-7.56483433869307
 20
32.4626462501453
 10
-7.56483290821538
 20
32.4627364332756
 10
-7.56504565726443
 20
32.4627388585874
 10
-7.56504279671362
 20
32.4629192248606
 10
-7.56514917145961
 20
32.4629204373901
 10
-7.56514631109513
 20
32.4631008036664
 10
-7.56535906103002
 20
32.4631032284727
 10
-7.56535620106375
 20
32.4632835947603
 10
-7.56556895144796
 20
32.4632860192241
 10
-7.56556752166713
 20
32.4633762023742
 10
-7.56578027228877
 20
32.4633786264871
 10
-7.56577169474095
 20
32.4639197254098
 10
-7.56587807069702
 20
32.4639209373566
 10
-7.5658709230946
 20
32.4643718531094
 10
-7.56597729958678
 20
32.4643730649873
 10
-7.56597015235445
 20
32.4648239807273
 10
-7.56607652938276
 20
32.4648251925364
 10
-7.56605079993169
 20
32.4664484889964
 10
-7.56615717887355
 20
32.4664497007909
 10
-7.56615289074844
 20
32.466720250171
 10
-7.56625927001456
 20
32.4667214618883
 10
-7.56625355284886
 20
32.4670821943928
 10
-7.56635993254521
 20
32.467083406037
 10
-7.56635850334378
 20
32.467173589164
 10
-7.56646488315248
 20
32.4671748007225
 10
-7.56645630844562
 20
32.4677158994811
 10
-7.56656268889648
 20
32.4677171109749
 10
-7.5665612598623
 20
32.4678072941008
 10
-7.56666764042551
 20
32.4678085055089
 10
-7.56666478254991
 20
32.467988871765
 10
-7.56687754411935
 20
32.4679912943285
 10
-7.56687182913929
 20
32.468352026858
 10
-7.56697821035745
 20
32.4683532380218
 10
-7.56697106701862
 20
32.4688041536742
 10
-7.56718383053379
 20
32.4688065757739
 10
-7.56718097357747
 20
32.4689869420422
 10
-7.56728735555656
 20
32.4689881529657
 10
-7.56729021230094
 20
32.468807786689
 10
-7.56771573943337
 20
32.468812629451
 10
-7.56770288769769
 20
32.4696242778039
 10
-7.56759650495126
 20
32.4696230672105
 10
-7.56758936434495
 20
32.470073982894
 10
-7.56769574762127
 20
32.4700751935083
 10
-7.56768575124635
 20
32.4707064754378
 10
-7.5677921352709
 20
32.4707076859915
 10
-7.56778785133247
 20
32.4709782353821
 10
-7.56789423568134
 20
32.4709794458585
 10
-7.56788852409807
 20
32.4713401783772
 10
-7.56799490887725
 20
32.4713413887805
 10
-7.56799205325932
 20
32.4715217550401
 10
-7.56809843825685
 20
32.4715229653619
 10
-7.5680970105443
 20
32.4716131484939
 10
-7.56820339565419
 20
32.47161435873
 10
-7.56820054042192
 20
32.4717947249982
 10
-7.56841331108479
 20
32.4717971452176
 10
-7.56841045625096
 20
32.4719775114971
 10
-7.56862322736328
 20
32.4719799313738
 10
-7.5686203729279
 20
32.4721602976647
 10
-7.56883314448967
 20
32.4721627171986
 10
-7.5688317174744
 20
32.4722529003503
 10
-7.56936364702032
 20
32.4722589476334
 10
-7.56936507350565
 20
32.4721687644607
 10
-7.56957784515665
 20
32.4721711827365
 10
-7.5695764188833
 20
32.4722613659175
 10
-7.57000196268571
 20
32.4722662014075
 10
-7.5700033885351
 20
32.4721760182097
 10
-7.5708544755977
 20
32.4721856848428
 10
-7.57085020057417
 20
32.4724562345323
 10
-7.57074381435109
 20
32.4724550265051
 10
-7.57073668865459
 20
32.4729059426063
 10
-7.57063030190791
 20
32.4729047344685
 10
-7.57062175022606
 20
32.4734458337203
 10
-7.57051536284979
 20
32.4734446254675
 10
-7.5705139374412
 20
32.4735348086673
 10
-7.57030116249576
 20
32.4735323918837
 10
-7.5702983112355
 20
32.4737127582625
 10
-7.56997914822913
 20
32.4737091323881
 10
-7.56997629630741
 20
32.4738894987364
 10
-7.56986990843936
 20
32.4738882899235
 10
-7.56986705628016
 20
32.474068656258
 10
-7.56976066820649
 20
32.4740674473469
 10
-7.56975924201133
 20
32.4741576305079
 10
-7.56965285383803
 20
32.4741564215028
 10
-7.5696471485697
 20
32.4745171541168
 10
-7.56954075997877
 20
32.4745159450051
 10
-7.56952792179825
 20
32.4753275932701
 10
-7.56963431134321
 20
32.4753288024195
 10
-7.56963288495285
 20
32.4754189855574
 10
-7.56973927461019
 20
32.4754201946211
 10
-7.56973642202237
 20
32.4756005609014
 10
-7.57005559166864
 20
32.4756041875782
 10
-7.57005273969138
 20
32.4757845538781
 10
-7.57026551991144
 20
32.47578697123
 10
-7.57026266833274
 20
32.4759673375412
 10
-7.57047544900231
 20
32.4759697545503
 10
-7.57047402341542
 20
32.4760599377122
 10
-7.57068680432248
 20
32.4760623543701
 10
-7.57068395355364
 20
32.4762427207067
 10
-7.57089673491021
 20
32.4762451370218
 10
-7.57089388453995
 20
32.4764255033697
 10
-7.5710002754398
 20
32.4764267114007
 10
-7.5709974252561
 20
32.4766070777516
 10
-7.57121020749896
 20
32.4766094935608
 10
-7.57120878260958
 20
32.4766996767425
 10
-7.57174073885817
 20
32.4767057147136
 10
-7.57174786059111
 20
32.4762547986871
 10
-7.57185425132986
 20
32.4762560059908
 10
-7.57185709976647
 20
32.4760756395624
 10
-7.57175070923974
 20
32.476074432267
 10
-7.57175783074999
 20
32.4756235161933
 10
-7.57186422074668
 20
32.4756247234678
 10
-7.57186849325846
 20
32.4753541737949
 10
-7.57197488294349
 20
32.475355380967
 10
-7.57198057911278
 20
32.4749946480342
 10
-7.57208696838014
 20
32.4749958550997
 10
-7.57208981621461
 20
32.4748154886169
 10
-7.57219620527633
 20
32.4748166955842
 10
-7.57220047666233
 20
32.4745461458373
 10
-7.5723068654124
 20
32.4745473527022
 10
-7.57230971275926
 20
32.4743669861892
 10
-7.57252248985448
 20
32.4743693996328
 10
-7.5725253367519
 20
32.4741890330977
 10
-7.57263172509704
 20
32.4741902396764
 10
-7.57263599507748
 20
32.4739196898511
 10
-7.57252960705033
 20
32.4739184832849
 10
-7.57257657655633
 20
32.4709424345427
 10
-7.57268296108578
 20
32.4709436409712
 10
-7.57270288396743
 20
32.4696810743358
 10
-7.57259650092169
 20
32.4696798679656
 10
-7.57259934715788
 20
32.4694995012902
 10
-7.57249296433045
 20
32.4694982948385
 10
-7.57249581075316
 20
32.469317928166
 10
-7.57228304554128
 20
32.4693155150097
 10
-7.57228589236245
 20
32.4691351483485
 10
-7.57217950997799
 20
32.4691339416439
 10
-7.57218093348502
 20
32.4690437583154
 10
-7.57207455121289
 20
32.4690425515251
 10
-7.57207739841981
 20
32.4688621848725
 10
-7.57186463431853
 20
32.4688597710391
 10
-7.57186748192389
 20
32.4686794043977
 10
-7.57176110009473
 20
32.4686781973546
 10
-7.57176394788659
 20
32.4684978307162
 10
-7.57144480307311
 20
32.4684942090727
 10
-7.57144622727741
 20
32.468404025764
 10
-7.57080793845806
 20
32.468396780076
 10
-7.57081791216065
 20
32.4677654970526
 10
-7.57092429287286
 20
32.4677667048626
 10
-7.5709299915676
 20
32.46740597166
 10
-7.57103637186231
 20
32.4674071793635
 10
-7.57103922095957
 20
32.4672268127457
 10
-7.57114560104872
 20
32.467228020351
 10
-7.57114987432899
 20
32.4669574704017
 10
-7.57125625410662
 20
32.4669586779047
 10
-7.57126622412948
 20
32.4663273946132
 10
-7.57137260317175
 20
32.4663286019972
 10
-7.57138542036087
 20
32.4655169519163
 10
-7.57127904227221
 20
32.4655157445699
 10
-7.57128189067839
 20
32.4653353778788
 10
-7.571175512808
 20
32.465334170451
 10
-7.57117693710749
 20
32.4652439871075
 10
-7.57107055934942
 20
32.465242779594
 10
-7.57107340814123
 20
32.4650624129115
 10
-7.57086065306798
 20
32.4650599976317
 10
-7.57086350225815
 20
32.4648796309604
 10
-7.57075712494297
 20
32.4648784231941
 10
-7.57076139899834
 20
32.4646078731896
 10
-7.57086777599567
 20
32.4646090809435
 10
-7.5708706251222
 20
32.4644287142587
 10
-7.57108337871214
 20
32.4644311294801
 10
-7.57108622738942
 20
32.4642507627733
 10
-7.57119260398204
 20
32.4642519702409
 10
-7.57119545242197
 20
32.4640716035203
 10
-7.57130182880906
 20
32.4640728108897
 10
-7.57130325291354
 20
32.4639826275233
 10
-7.57140962920105
 20
32.4639838347987
 10
-7.57141532513155
 20
32.4636231013025
 10
-7.57152170100164
 20
32.4636243084714
 10
-7.57152882024193
 20
32.4631733915501
 10
-7.57163519558866
 20
32.4631745986083
 10
-7.57165085619223
 20
32.4621825812166
 10
-7.57175723037998
 20
32.4621837881391
 10
-7.57176150100232
 20
32.4619132379006
 10
-7.57186787487863
 20
32.4619144447207
 10
-7.57188495552443
 20
32.460832243595
 10
-7.57177858291932
 20
32.4608310368249
 10
-7.57179708729606
 20
32.459658652107
 10
-7.57169071607435
 20
32.4596574453013
 10
-7.57169213954936
 20
32.4595672618562
 10
-7.57147939733686
 20
32.4595648479838
 10
-7.57148936296676
 20
32.4589335638886
 10
-7.57159573332837
 20
32.4589347708406
 10
-7.57160142741044
 20
32.4585740370255
 10
-7.57170779735474
 20
32.458575243871
 10
-7.57171064414578
 20
32.458394876947
 10
-7.57181701388461
 20
32.4583960836943
 10
-7.57181843716467
 20
32.4583059002261
 10
-7.57192480680394
 20
32.4583071068794
 10
-7.57194046129996
 20
32.4573150885946
 10
-7.57183409282574
 20
32.4573138819872
 10
-7.57183836241797
 20
32.4570433315301
 10
-7.57173199426785
 20
32.4570421248454
 10
-7.57173768739211
 20
32.4566813909004
 10
-7.57163131967198
 20
32.4566801841425
 10
-7.57163416640777
 20
32.4564998171703
 10
-7.57152779890581
 20
32.456498610331
 10
-7.57153206927954
 20
32.456228059875
 10
-7.57142570210166
 20
32.4562268529584
 10
-7.57142854919748
 20
32.4560464859893
 10
-7.57132218223777
 20
32.4560452789913
 10
-7.57132502951997
 20
32.4558649120252
 10
-7.57121866277843
 20
32.4558637049456
 10
-7.5712200865159
 20
32.4557735214647
 10
-7.57111371988662
 20
32.4557723142996
 10
-7.57111656755427
 20
32.4555919473421
 10
-7.57101020114315
 20
32.4555907400955
 10
-7.57101589682573
 20
32.4552300061809
 10
-7.57112226281324
 20
32.4552312134108
 10
-7.57111941519647
 20
32.4554115803792
 10
-7.57143851383256
 20
32.4554152015551
 10
-7.57144136081392
 20
32.4552348345617
 10
-7.57165409284617
 20
32.4552372482133
 10
-7.57167401803834
 20
32.4539746789919
 10
-7.57156765350159
 20
32.4539734722694
 10
-7.5715747698691
 20
32.4535225546471
 10
-7.57146840586817
 20
32.4535213478557
 10
-7.57148263918522
 20
32.4526195125517
 10
-7.57137627624954
 20
32.4526183057122
 10
-7.57139620330753
 20
32.4513557361183
 10
-7.57128984186058
 20
32.4513545292474
 10
-7.57130976915454
 20
32.4500919594476
 10
-7.57120340919622
 20
32.4500907525453
 10
-7.57121337311693
 20
32.4494594675754
 10
-7.57110701390607
 20
32.4494582606126
 10
-7.57111697825627
 20
32.4488269756058
 10
-7.57101061979284
 20
32.4488257685824
 10
-7.5710163139908
 20
32.4484650342798
 10
-7.5709099559572
 20
32.4484638271833
 10
-7.57091137959665
 20
32.4483736436085
 10
-7.57112409545848
 20
32.4483760577034
 10
-7.57111982515623
 20
32.4486466084489
 10
-7.57122618341428
 20
32.4486478153742
 10
-7.57122333672605
 20
32.4488281825394
 10
-7.57132969520219
 20
32.4488293893833
 10
-7.57131973233415
 20
32.4494606744485
 10
-7.57142609155773
 20
32.4494618812317
 10
-7.57142182197938
 20
32.4497324319662
 10
-7.57152818152693
 20
32.4497336386722
 10
-7.5715210659652
 20
32.4501845565569
 10
-7.57162742604847
 20
32.450185763194
 10
-7.57162173390815
 20
32.4505464974942
 10
-7.57172809442128
 20
32.4505477040582
 10
-7.57172382556691
 20
32.4508182547817
 10
-7.57183018640403
 20
32.4508194612684
 10
-7.57182734068109
 20
32.4509998284189
 10
-7.57193370173631
 20
32.4510010348242
 10
-7.57192801063767
 20
32.4513617691258
 10
-7.57203437212277
 20
32.451362975458
 10
-7.57203294943809
 20
32.4514531590342
 10
-7.57213931103543
 20
32.4514543652807
 10
-7.57213362065671
 20
32.4518150995888
 10
-7.57223998268393
 20
32.4518163057622
 10
-7.5722371376682
 20
32.4519966729164
 10
-7.57234349991354
 20
32.4519978790084
 10
-7.57233923265994
 20
32.4522684297422
 10
-7.57244559522928
 20
32.4522696357568
 10
-7.57244275057355
 20
32.4524500029143
 10
-7.57254911336102
 20
32.4524512088475
 10
-7.572539157607
 20
32.4530824938853
 10
-7.57264552114203
 20
32.4530836997579
 10
-7.572638410228
 20
32.4535346176224
 10
-7.57274477429884
 20
32.453535823426
 10
-7.57273908587681
 20
32.45389655771
 10
-7.57284545037758
 20
32.4538977634405
 10
-7.57284402836208
 20
32.4539879470123
 10
-7.57337585149066
 20
32.4539939743387
 10
-7.57337727297669
 20
32.453903790746
 10
-7.57348363751557
 20
32.4539049959377
 10
-7.5734765305514
 20
32.4543559139083
 10
-7.57337016548305
 20
32.4543547086957
 10
-7.57336305783066
 20
32.4548056266117
 10
-7.57346942342849
 20
32.454806831845
 10
-7.57346658053488
 20
32.4549871990103
 10
-7.57357294635086
 20
32.4549884041622
 10
-7.57357010364364
 20
32.4551687713304
 10
-7.57367646967778
 20
32.4551699764008
 10
-7.57367504842054
 20
32.4552601599871
 10
-7.57378141456693
 20
32.4552613649718
 10
-7.57377146632983
 20
32.455892650067
 10
-7.57366509944213
 20
32.455891445053
 10
-7.57364662194248
 20
32.4570638314287
 10
-7.57375299020698
 20
32.4570650364968
 10
-7.57374161975188
 20
32.4577865049558
 10
-7.57384798887002
 20
32.4577877099674
 10
-7.57384514640458
 20
32.4579680770769
 10
-7.57405788508357
 20
32.4579704868473
 10
-7.57406214813672
 20
32.457699936156
 10
-7.574168517168
 20
32.457701140894
 10
-7.57417135895987
 20
32.4575207737513
 10
-7.57427772778566
 20
32.4575219783912
 10
-7.57428056934032
 20
32.4573416112348
 10
-7.57438693796064
 20
32.4573428157765
 10
-7.57438409661781
 20
32.4575231829412
 10
-7.5744904654563
 20
32.4575243874014
 10
-7.57447768005264
 20
32.4583360396133
 10
-7.57405220092382
 20
32.4583312210836
 10
-7.5740450955813
 20
32.4587821388486
 10
-7.57415146588357
 20
32.4587833436366
 10
-7.57414862391397
 20
32.4589637107414
 10
-7.57425499443443
 20
32.4589649154479
 10
-7.57425357354602
 20
32.4590550990025
 10
-7.57435994417876
 20
32.4590563036233
 10
-7.57435710259474
 20
32.4592366707368
 10
-7.57446347344566
 20
32.4592378752761
 10
-7.57446063204811
 20
32.4594182423925
 10
-7.57467337419268
 20
32.4594206512183
 10
-7.57468615837519
 20
32.4586089990772
 10
-7.5747925285037
 20
32.458610203318
 10
-7.5747967894659
 20
32.4583396525675
 10
-7.57490315928301
 20
32.4583408567059
 10
-7.57490884005343
 20
32.4579801223364
 10
-7.57501520945322
 20
32.4579813263684
 10
-7.57501946964668
 20
32.4577107755646
 10
-7.57512583873507
 20
32.4577119794943
 10
-7.5751286786205
 20
32.4575316122767
 10
-7.5752350475034
 20
32.4575328161082
 10
-7.57526202313721
 20
32.455819327193
 10
-7.57536839001419
 20
32.4558205308557
 10
-7.57537122920959
 20
32.4556401635648
 10
-7.57558396255897
 20
32.4556425706041
 10
-7.57558680130539
 20
32.4554622032911
 10
-7.57569316777779
 20
32.4554634066677
 10
-7.57569032924317
 20
32.455643773989
 10
-7.57579669593371
 20
32.4556449772841
 10
-7.57579385758554
 20
32.4558253446083
 10
-7.57590022449423
 20
32.4558265478219
 10
-7.57589880541654
 20
32.4559167314861
 10
-7.57611153946475
 20
32.4559191376522
 10
-7.57611295833063
 20
32.4558289539797
 10
-7.57621932525834
 20
32.4558301569239
 10
-7.57622500023486
 20
32.4554694222036
 10
-7.57633136674529
 20
32.4554706250414
 10
-7.57633845979384
 20
32.45501970659
 10
-7.5764448257811
 20
32.4550209093171
 10
-7.57643773326206
 20
32.4554718277894
 10
-7.57654409978517
 20
32.4554730304475
 10
-7.57653842607948
 20
32.4558337652176
 10
-7.57664479303254
 20
32.4558349678026
 10
-7.57664337469618
 20
32.4559251514959
 10
-7.57674974176148
 20
32.4559263539952
 10
-7.5767440687763
 20
32.4562870887717
 10
-7.57685043627156
 20
32.4562882911978
 10
-7.57684618178388
 20
32.4565588422784
 10
-7.57695254960319
 20
32.4565600446272
 10
-7.57694687728788
 20
32.4569207793991
 10
-7.57705324553717
 20
32.4569219816748
 10
-7.57705040955333
 20
32.4571023490609
 10
-7.57715677802077
 20
32.457103551255
 10
-7.57715536012526
 20
32.4571937349503
 10
-7.57726172870495
 20
32.4571949370587
 10
-7.57725322183433
 20
32.4577360392267
 10
-7.57693411420783
 20
32.4577324325571
 10
-7.57693269605615
 20
32.4578226162345
 10
-7.57682632675407
 20
32.4578214138276
 10
-7.57682349021987
 20
32.4580017811701
 10
-7.5767171207123
 20
32.458000578665
 10
-7.57671002873633
 20
32.4584514969771
 10
-7.5766036587055
 20
32.4584502943614
 10
-7.57660082165892
 20
32.4586306616684
 10
-7.5764944514226
 20
32.4586294589546
 10
-7.57649161413883
 20
32.458809826248
 10
-7.57638524369701
 20
32.458808623436
 10
-7.57638240617605
 20
32.4589889907156
 10
-7.57616966488774
 20
32.4589865848056
 10
-7.57616824590591
 20
32.4590767684351
 10
-7.57606187516534
 20
32.4590755653412
 10
-7.57604342644767
 20
32.4602479523477
 10
-7.57529882180211
 20
32.4602395277968
 10
-7.57529740188411
 20
32.4603297113742
 10
-7.57519102971133
 20
32.4603285075034
 10
-7.5751810893662
 20
32.4609597924778
 10
-7.57528746228049
 20
32.4609609963776
 10
-7.57528462233665
 20
32.4611413635094
 10
-7.57592286122675
 20
32.461148585072
 10
-7.57592569989941
 20
32.4609682178904
 10
-7.57603207285809
 20
32.4609694211614
 10
-7.57603633050173
 20
32.4606988703664
 10
-7.57614270314896
 20
32.4607000735351
 10
-7.57614837949467
 20
32.4603393391062
 10
-7.57625475172453
 20
32.4603405421685
 10
-7.57625617068918
 20
32.4602503585538
 10
-7.57636254281944
 20
32.4602515615221
 10
-7.57636538051788
 20
32.4600711942802
 10
-7.57647175244262
 20
32.4600723971504
 10
-7.57647742733973
 20
32.4597116626338
 10
-7.57658379884711
 20
32.4597128653975
 10
-7.57658521744962
 20
32.4596226817609
 10
-7.57679796027155
 20
32.4596250870106
 10
-7.57680079703385
 20
32.4594447197165
 10
-7.57701353945743
 20
32.4594471245903
 10
-7.5770163757707
 20
32.4592667572743
 10
-7.57712274678015
 20
32.4592679595681
 10
-7.57711991067873
 20
32.4594483268925
 10
-7.57722628190635
 20
32.4594495291048
 10
-7.57722202802448
 20
32.4597200800937
 10
-7.57711565647908
 20
32.4597188778689
 10
-7.5771099841242
 20
32.4600796124852
 10
-7.57700361216143
 20
32.460078410154
 10
-7.57700077573412
 20
32.4602587774457
 10
-7.57689440356583
 20
32.4602575750164
 10
-7.57689014855957
 20
32.4605281259314
 10
-7.57678377607983
 20
32.4605269233998
 10
-7.57677810222572
 20
32.4608876579177
 10
-7.57688447512918
 20
32.460888860466
 10
-7.57688305675574
 20
32.4609790440962
 10
-7.57709580279352
 20
32.4609814489317
 10
-7.5770972209551
 20
32.4608912652931
 10
-7.57730996680636
 20
32.4608936697609
 10
-7.57731280268679
 20
32.4607133024631
 10
-7.57752554813967
 20
32.460715706555
 10
-7.57752838357104
 20
32.4605353392352
 10
-7.5781666188105
 20
32.4605425493053
 10
-7.57816945294539
 20
32.4603621819302
 10
-7.57848857001502
 20
32.4603657857277
 10
-7.57848998675518
 20
32.4602756020257
 10
-7.57870273128806
 20
32.4602780041
 10
-7.57870556432569
 20
32.4600976366753
 10
-7.5790246805369
 20
32.4601012390881
 10
-7.57902751291365
 20
32.4599208716331
 10
-7.57934662854624
 20
32.4599244732126
 10
-7.57934946026213
 20
32.4597441057273
 10
-7.57966857531609
 20
32.4597477064735
 10
-7.57966999084677
 20
32.4596575227164
 10
-7.58009547725021
 20
32.4596623224373
 10
-7.58009830744521
 20
32.4594819548858
 10
-7.58020467885003
 20
32.4594831545832
 10
-7.58020750880789
 20
32.4593027870181
 10
-7.58031388000718
 20
32.4593039866173
 10
-7.58032095426162
 20
32.4588530676602
 10
-7.58042732493761
 20
32.4588542671489
 10
-7.58043439850443
 20
32.4584033481373
 10
-7.58054076865715
 20
32.4584045475154
 10
-7.5805435978278
 20
32.4582241798931
 10
-7.58064996777501
 20
32.4582253791731
 10
-7.58063723726129
 20
32.4590370334686
 10
-7.58074360816809
 20
32.4590382326961
 10
-7.58074219374089
 20
32.4591284165041
 10
-7.58063582272817
 20
32.4591272172724
 10
-7.5806301645325
 20
32.4594879524744
 10
-7.5805237931024
 20
32.4594867531363
 10
-7.5805209637548
 20
32.459667120721
 10
-7.58041459211917
 20
32.4596659212848
 10
-7.58041317732996
 20
32.4597561050709
 10
-7.58030680559473
 20
32.4597549055408
 10
-7.5803039757855
 20
32.4599352731007
 10
-7.58019760384474
 20
32.4599340734724
 10
-7.58019477379838
 20
32.4601144410187
 10
-7.57998202951211
 20
32.4601120414761
 10
-7.57997919901674
 20
32.4602924090003
 10
-7.57987282667124
 20
32.460291209086
 10
-7.57987141130814
 20
32.4603813928419
 10
-7.57976503886303
 20
32.4603801928336
 10
-7.57975654591611
 20
32.4609212953162
 10
-7.5798629189968
 20
32.4609224953494
 10
-7.57985301101254
 20
32.4615537815467
 10
-7.57995938484109
 20
32.4615549815191
 10
-7.57995230804945
 20
32.4620059002118
 10
-7.57973955933931
 20
32.4620035001357
 10
-7.57973672815464
 20
32.4621838675867
 10
-7.57963035359718
 20
32.4621826674056
 10
-7.57961053311305
 20
32.4634452393538
 10
-7.57939778105074
 20
32.4634428386059
 10
-7.57939636504254
 20
32.4635330222981
 10
-7.57928998891493
 20
32.4635318217852
 10
-7.57928715666768
 20
32.4637121891572
 10
-7.5791807803345
 20
32.4637109885463
 10
-7.57917511534029
 20
32.4640717232575
 10
-7.57906873858965
 20
32.4640705225401
 10
-7.57906448945972
 20
32.4643410735469
 10
-7.57895811239756
 20
32.4643398727272
 10
-7.57895244637859
 20
32.4647006073674
 10
-7.57884606889896
 20
32.4646994064413
 10
-7.57884465227245
 20
32.4647895900938
 10
-7.57873827469319
 20
32.4647883890737
 10
-7.57874252487159
 20
32.4645178381245
 10
-7.57863614761652
 20
32.464516637027
 10
-7.57863898124904
 20
32.4643362697291
 10
-7.5785326042122
 20
32.4643350685501
 10
-7.5785354380313
 20
32.4641547012551
 10
-7.57842906121269
 20
32.4641534999945
 10
-7.57843047821869
 20
32.4640633163491
 10
-7.57832410151235
 20
32.4640621150029
 10
-7.57832693571727
 20
32.4638817477164
 10
-7.57800780627192
 20
32.4638781431636
 10
-7.57801064108719
 20
32.4636977758966
 10
-7.5766277502373
 20
32.4636821469327
 10
-7.57663200654458
 20
32.4634115961842
 10
-7.57652563068755
 20
32.4634103933399
 10
-7.57652846840593
 20
32.4632300261758
 10
-7.57642209276712
 20
32.4632288232499
 10
-7.57641925483685
 20
32.4634091904057
 10
-7.57631287899249
 20
32.4634079873817
 10
-7.57630862173171
 20
32.4636785380927
 10
-7.57577674101585
 20
32.4636725215627
 10
-7.57577390175084
 20
32.4638528886551
 10
-7.5755611490851
 20
32.4638504813976
 10
-7.57555830937094
 20
32.4640308484679
 10
-7.57545193283569
 20
32.4640296446961
 10
-7.57545051286314
 20
32.4641198282251
 10
-7.57523775959978
 20
32.4641174204036
 10
-7.57522497765432
 20
32.4649290720289
 10
-7.57533135523637
 20
32.464930276022
 10
-7.57532851494617
 20
32.4651106430434
 10
-7.57543489274647
 20
32.4651118469549
 10
-7.57543205264279
 20
32.4652922139792
 10
-7.57585756475507
 20
32.4652970287604
 10
-7.57586040401112
 20
32.4651166617029
 10
-7.5760731596815
 20
32.4651190685379
 10
-7.57607599848837
 20
32.4649387014583
 10
-7.57618237612117
 20
32.4649399047327
 10
-7.57618521469078
 20
32.4647595376394
 10
-7.57629159211801
 20
32.4647607408156
 10
-7.57629301128735
 20
32.4646705572628
 10
-7.57661214328924
 20
32.46467416624
 10
-7.5766022111957
 20
32.4653054511688
 10
-7.576708589284
 20
32.4653066540106
 10
-7.57670433289528
 20
32.4655772046866
 10
-7.57681071130778
 20
32.465578407451
 10
-7.5768050364579
 20
32.4659391416835
 10
-7.57659227879157
 20
32.4659367360314
 10
-7.57659511665302
 20
32.4657563689346
 10
-7.57627598083681
 20
32.4657527598077
 10
-7.57627172308152
 20
32.4660233104135
 10
-7.57616534417092
 20
32.4660221071791
 10
-7.57616250542378
 20
32.4662024742346
 10
-7.57626888454629
 20
32.4662036774774
 10
-7.57625894947328
 20
32.4668349621583
 10
-7.57636532934386
 20
32.4668361653403
 10
-7.57635255617573
 20
32.4676478170132
 10
-7.57645893700632
 20
32.4676490201428
 10
-7.57645467948739
 20
32.4679195706887
 10
-7.5766674418034
 20
32.4679219767033
 10
-7.57667453657692
 20
32.4674710590786
 10
-7.5767809172146
 20
32.4674722619304
 10
-7.57678517368475
 20
32.4672017113269
 10
-7.57699793434333
 20
32.4672041167359
 10
-7.57699651573822
 20
32.4672943002801
 10
-7.57710289618298
 20
32.467295502854
 10
-7.57710005916566
 20
32.4674758699466
 10
-7.57720643982869
 20
32.4674770724389
 10
-7.57720076614189
 20
32.4678378066245
 10
-7.57762629055283
 20
32.467842615762
 10
-7.57762912656117
 20
32.4676622486387
 10
-7.57773550746781
 20
32.4676634506901
 10
-7.57773834323887
 20
32.4674830835531
 10
-7.57784472393991
 20
32.4674842855063
 10
-7.57784755947372
 20
32.4673039183556
 10
-7.57795393996916
 20
32.4673051202107
 10
-7.5779553576206
 20
32.4672149366292
 10
-7.57806173801641
 20
32.4672161383903
 10
-7.57806457308836
 20
32.4670357712148
 10
-7.57817095327857
 20
32.4670369728778
 10
-7.57817378811326
 20
32.4668566056887
 10
-7.57828016809789
 20
32.4668578072535
 10
-7.57828441998455
 20
32.4665872564472
 10
-7.57839079965761
 20
32.4665884579097
 10
-7.57839363400515
 20
32.4664080906904
 10
-7.57850001347262
 20
32.4664092920548
 10
-7.57850568166787
 20
32.4660485575835
 10
-7.57871843977414
 20
32.4660509600095
 10
-7.57871277242657
 20
32.466411694514
 10
-7.57881915191303
 20
32.4664128956088
 10
-7.57880215053423
 20
32.4674950990427
 10
-7.57890853129858
 20
32.4674963000975
 10
-7.57890144765159
 20
32.4679472181584
 10
-7.57900782895211
 20
32.4679484191441
 10
-7.57900499566095
 20
32.4681287863673
 10
-7.57911137717974
 20
32.4681299872715
 10
-7.57910571094536
 20
32.4684907217183
 10
-7.57921209289435
 20
32.4684919225492
 10
-7.57920217748236
 20
32.4691232078083
 10
-7.57909579479156
 20
32.4691220069484
 10
-7.57909437817285
 20
32.4692121905473
 10
-7.57888161259827
 20
32.4692097885495
 10
-7.57888302942894
 20
32.4691196049589
 10
-7.57877664675711
 20
32.4691184038294
 10
-7.5787794806114
 20
32.4689380366524
 10
-7.57846033326977
 20
32.4689344327497
 10
-7.57845749877964
 20
32.4691147999017
 10
-7.57803196823164
 20
32.4691099934068
 10
-7.57803055055318
 20
32.4692001769642
 10
-7.57792416782604
 20
32.4691989751117
 10
-7.57792133223817
 20
32.4693793422141
 10
-7.57770856637898
 20
32.4693769382229
 10
-7.57770573034188
 20
32.4695573053033
 10
-7.57759934720983
 20
32.4695561031646
 10
-7.57759651093543
 20
32.4697364702313
 10
-7.57749012759777
 20
32.4697352679944
 10
-7.57748303627101
 20
32.4701861856168
 10
-7.57780218789268
 20
32.4701897921201
 10
-7.57779935195351
 20
32.4703701591845
 10
-7.57811850426808
 20
32.470373764904
 10
-7.57811708660694
 20
32.4704639484466
 10
-7.57822347083044
 20
32.4704651501776
 10
-7.5782248883856
 20
32.4703749666308
 10
-7.57886319322369
 20
32.4703821751045
 10
-7.57886177630442
 20
32.4704723586762
 10
-7.57918092912687
 20
32.4704759617124
 10
-7.5791823457282
 20
32.4703857781282
 10
-7.57928872990902
 20
32.4703869789565
 10
-7.57929156288073
 20
32.4702066117758
 10
-7.57939794685592
 20
32.4702078125058
 10
-7.57940077959037
 20
32.4700274453115
 10
-7.57950716335992
 20
32.4700286459434
 10
-7.5795099958571
 20
32.4698482787353
 10
-7.57972276299128
 20
32.4698506797129
 10
-7.57971993091802
 20
32.4700310469376
 10
-7.57993269850142
 20
32.4700334475723
 10
-7.57992986682677
 20
32.4702138148082
 10
-7.5803554029173
 20
32.4702186150326
 10
-7.58035115662968
 20
32.4704891659261
 10
-7.58045754098606
 20
32.47049036577
 10
-7.580454710308
 20
32.4706707330338
 10
-7.58056109488267
 20
32.4706719327962
 10
-7.58055826439128
 20
32.4708523000629
 10
-7.58098380360105
 20
32.4708570982469
 10
-7.58098097393225
 20
32.4710374655414
 10
-7.58140651409103
 20
32.4710422623207
 10
-7.58140934291195
 20
32.4708618949931
 10
-7.58162211260531
 20
32.470864292827
 10
-7.58162494097703
 20
32.4706839254774
 10
-7.58173132562122
 20
32.4706851242513
 10
-7.5817341537557
 20
32.4705047568879
 10
-7.58184053819424
 20
32.4705059555637
 10
-7.58184195214603
 20
32.4704157718759
 10
-7.5819483364849
 20
32.4704169704576
 10
-7.58195116415756
 20
32.4702366030696
 10
-7.58237670072836
 20
32.4702413964649
 10
-7.58237246048168
 20
32.4705119475945
 10
-7.58247884495811
 20
32.4705131457311
 10
-7.58244916386595
 20
32.4724070033857
 10
-7.58255555057443
 20
32.4724082015194
 10
-7.58254989714134
 20
32.4727689362599
 10
-7.58265628428011
 20
32.4727701343202
 10
-7.58265204445699
 20
32.4730406853739
 10
-7.58275843192006
 20
32.4730418833568
 10
-7.58274853952045
 20
32.4736731691304
 10
-7.58285492773182
 20
32.4736743670524
 10
-7.58284644892195
 20
32.4742154691163
 10
-7.58305922663563
 20
32.4742178647404
 10
-7.58305781369056
 20
32.4743080484213
 10
-7.58327059164148
 20
32.4743104436942
 10
-7.58326776615643
 20
32.4744908110685
 10
-7.58348054455661
 20
32.4744932059985
 10
-7.58347771947032
 20
32.4746735733839
 10
-7.58369049831976
 20
32.4746759679709
 10
-7.58368767363226
 20
32.4748563353675
 10
-7.58379406327845
 20
32.4748575325345
 10
-7.58378982651789
 20
32.4751280836316
 10
-7.58389621648841
 20
32.4751292807211
 10
-7.58388915562469
 20
32.4755801992101
 10
-7.58399554613156
 20
32.4755813962304
 10
-7.58399272195393
 20
32.4757617636248
 10
-7.58409911267913
 20
32.4757629605636
 10
-7.58409346467222
 20
32.4761236953528
 10
-7.58398707352298
 20
32.4761224983975
 10
-7.58398566139947
 20
32.4762126820873
 10
-7.58387927015052
 20
32.476211485038
 10
-7.58387644567255
 20
32.4763918524052
 10
-7.58377005421789
 20
32.4763906552578
 10
-7.58376722950266
 20
32.4765710226114
 10
-7.58366083784228
 20
32.4765698253658
 10
-7.58365660040407
 20
32.4768403763736
 10
-7.58355020843195
 20
32.4768391790257
 10
-7.58354738322956
 20
32.4770195463493
 10
-7.58344099105172
 20
32.4770183489032
 10
-7.58343816561206
 20
32.4771987162131
 10
-7.58333177322849
 20
32.4771975186689
 10
-7.58332894755155
 20
32.4773778859651
 10
-7.58322255496226
 20
32.4773766883228
 10
-7.5832211420083
 20
32.4774668719647
 10
-7.5831147493193
 20
32.4774656742283
 10
-7.58310909701628
 20
32.477826408766
 10
-7.58300270390951
 20
32.4778252109232
 10
-7.58299563785859
 20
32.4782761290444
 10
-7.58288924422803
 20
32.478274931091
 10
-7.58288641755142
 20
32.4784552983217
 10
-7.58299281139403
 20
32.4784564962834
 10
-7.58298998490423
 20
32.478636863517
 10
-7.5830963789652
 20
32.4786380613971
 10
-7.58309213950122
 20
32.4789086122498
 10
-7.58287935074942
 20
32.4789062163749
 10
-7.58287228378959
 20
32.4793571343944
 10
-7.58297867869247
 20
32.4793583323975
 10
-7.58297302543507
 20
32.4797190668054
 10
-7.58244104886322
 20
32.4797130758082
 10
-7.58243822113632
 20
32.4798934429627
 10
-7.58233182562883
 20
32.4798922444853
 10
-7.58233041164988
 20
32.4799824280564
 10
-7.58222401604268
 20
32.4799812294849
 10
-7.58221835963958
 20
32.4803419637391
 10
-7.58232475567092
 20
32.4803431623271
 10
-7.58232051362037
 20
32.480613713016
 10
-7.58221411727093
 20
32.4806125144156
 10
-7.58220563236307
 20
32.4811536157321
 10
-7.58231202934873
 20
32.4811548143574
 10
-7.58229081767477
 20
32.4825075674984
 10
-7.58239721625738
 20
32.4825087660959
 10
-7.58238731773213
 20
32.4831400508201
 10
-7.58270651574485
 20
32.4831436461601
 10
-7.58270792952069
 20
32.4830534626197
 10
-7.58292072801532
 20
32.4830558590553
 10
-7.58292355512386
 20
32.4828754919538
 10
-7.58302995416854
 20
32.4828766900284
 10
-7.58303560788567
 20
32.4825159557928
 10
-7.58314200651249
 20
32.482517153761
 10
-7.58314341981994
 20
32.4824269701946
 10
-7.58335621688042
 20
32.482429365853
 10
-7.58335480378506
 20
32.4825195494277
 10
-7.58346120243081
 20
32.4825207471261
 10
-7.58345555041043
 20
32.482881481428
 10
-7.58356194948668
 20
32.4828826790531
 10
-7.5835478200544
 20
32.4837845147547
 10
-7.58365422019746
 20
32.4837857123313
 10
-7.58364856867204
 20
32.4841464465907
 10
-7.58386136982553
 20
32.4841488415073
 10
-7.58385854444917
 20
32.4843292086454
 10
-7.58407134605212
 20
32.4843316032189
 10
-7.58406993356658
 20
32.4844217867943
 10
-7.58417633448357
 20
32.4844229839503
 10
-7.58417350970569
 20
32.4846033511052
 10
-7.58427991084111
 20
32.4846045481796
 10
-7.5842770862501
 20
32.4847849153374
 10
-7.58438348760394
 20
32.4847861123301
 10
-7.58438066319982
 20
32.4849664794908
 10
-7.58448706477208
 20
32.4849676764019
 10
-7.58448565266661
 20
32.4850578599843
 10
-7.58459205435125
 20
32.4850590568097
 10
-7.58458640629055
 20
32.4854197911425
 10
-7.58469280840573
 20
32.4854209878944
 10
-7.58468998454966
 20
32.485601355061
 10
-7.58479638688327
 20
32.4856025517313
 10
-7.58478932766304
 20
32.4860534696448
 10
-7.58489573053328
 20
32.4860546662459
 10
-7.58489290701317
 20
32.4862350334102
 10
-7.58499931010184
 20
32.4862362299296
 10
-7.58499507509258
 20
32.4865067806782
 10
-7.58510147850575
 20
32.4865079771202
 10
-7.58509583216273
 20
32.4868687114494
 10
-7.58520223600649
 20
32.4868699078179
 10
-7.58520082451104
 20
32.486960091401
 10
-7.58530722846716
 20
32.4869612876837
 10
-7.58530440566949
 20
32.4871416548541
 10
-7.58541080984406
 20
32.4871428510552
 10
-7.58540798723331
 20
32.4873232182284
 10
-7.58551439162632
 20
32.4873244143479
 10
-7.5855115692025
 20
32.4875047815239
 10
-7.58561797381396
 20
32.4875059775618
 10
-7.58561374044917
 20
32.4877765283281
 10
-7.58572014538516
 20
32.4877777242884
 10
-7.58571450123482
 20
32.4881384586412
 10
-7.58582090660141
 20
32.4881396545281
 10
-7.58581949565414
 20
32.4882298381171
 10
-7.58603230661837
 20
32.4882322296294
 10
-7.58602948512924
 20
32.4884125968198
 10
-7.58645510798194
 20
32.4884173787985
 10
-7.58645792862246
 20
32.488237011575
 10
-7.58656433413923
 20
32.4882382068366
 10
-7.58656574434396
 20
32.4881480232188
 10
-7.58667214976095
 20
32.4881492183863
 10
-7.58667496993937
 20
32.4879688511382
 10
-7.58678137515051
 20
32.4879700462076
 10
-7.58678419509159
 20
32.4877896789459
 10
-7.58689060009688
 20
32.4877908739171
 10
-7.58689341980061
 20
32.4876105066418
 10
-7.58699982460005
 20
32.4876117015148
 10
-7.5870012343364
 20
32.4875215178709
 10
-7.58710763903607
 20
32.4875227126499
 10
-7.58711045827773
 20
32.4873423453499
 10
-7.58721686277155
 20
32.4873435400307
 10
-7.58721968177588
 20
32.4871631727171
 10
-7.58732608606385
 20
32.4871643672998
 10
-7.58732890483086
 20
32.4869839999725
 10
-7.58743530891298
 20
32.4869851944569
 10
-7.58743671818097
 20
32.4868950107872
 10
-7.58754312216332
 20
32.4868962051776
 10
-7.58754875874806
 20
32.4865354704684
 10
-7.58765516231243
 20
32.4865366647524
 10
-7.5876622073714
 20
32.4860857463151
 10
-7.58776861041173
 20
32.4860869404885
 10
-7.5877812901668
 20
32.4852752871792
 10
-7.58788769225886
 20
32.4852764812256
 10
-7.58789473581667
 20
32.4848255626525
 10
-7.58800113738472
 20
32.4848267565884
 10
-7.58800818025493
 20
32.484375837961
 10
-7.58790177921717
 20
32.4843746440458
 10
-7.58792995124611
 20
32.4825709692817
 10
-7.58782355233567
 20
32.4825697753591
 10
-7.5878249609771
 20
32.4824795916108
 10
-7.587718562179
 20
32.4824783976024
 10
-7.58772419710597
 20
32.4821176626125
 10
-7.58761779873834
 20
32.4821164685307
 10
-7.58762061637615
 20
32.4819361010359
 10
-7.58751421822691
 20
32.4819349068724
 10
-7.58752126274153
 20
32.4814839881324
 10
-7.58741486512879
 20
32.4814827938997
 10
-7.58741909208017
 20
32.4812122426519
 10
-7.58731269479184
 20
32.4812110483417
 10
-7.58732114916088
 20
32.4806699458345
 10
-7.58721475251508
 20
32.4806687514591
 10
-7.58721897993274
 20
32.4803982001997
 10
-7.58711258361134
 20
32.4803970057468
 10
-7.58711962971171
 20
32.4799460869747
 10
-7.58701323392678
 20
32.4799448924526
 10
-7.5870188711179
 20
32.4795841574271
 10
-7.58691247576339
 20
32.4795829628316
 10
-7.58691670390872
 20
32.4793124115608
 10
-7.5868103088786
 20
32.4793112168878
 10
-7.58681312782273
 20
32.4791308493754
 10
-7.58670673301096
 20
32.4791296546207
 10
-7.58670955214196
 20
32.4789492871112
 10
-7.58660315754855
 20
32.4789480922749
 10
-7.58660597686642
 20
32.4787677247683
 10
-7.58628679376011
 20
32.4787641397448
 10
-7.58628820372769
 20
32.4786739560019
 10
-7.5858626267649
 20
32.4786691747287
 10
-7.58586121637322
 20
32.4787593584552
 10
-7.58575482204225
 20
32.478758162908
 10
-7.58575623253995
 20
32.4786679791857
 10
-7.58543704990291
 20
32.4786643920174
 10
-7.58544269310301
 20
32.4783036571642
 10
-7.58554908688495
 20
32.4783048529604
 10
-7.58555331890079
 20
32.478034301794
 10
-7.58544692543691
 20
32.4780331060102
 10
-7.58544974696134
 20
32.4778527385675
 10
-7.58534335371581
 20
32.4778515427021
 10
-7.58534617542707
 20
32.4776711752622
 10
-7.58523978239989
 20
32.4776699793153
 10
-7.58524260429798
 20
32.4774896118783
 10
-7.58513621148914
 20
32.4774884158497
 10
-7.58513762253475
 20
32.4773982321333
 10
-7.58503122983823
 20
32.4773970360189
 10
-7.58503687438171
 20
32.4770363011564
 10
-7.58514326665416
 20
32.4770374972542
 10
-7.58515737651148
 20
32.4761356599622
 10
-7.58505098529919
 20
32.4761344639057
 10
-7.58506368458598
 20
32.4753228102648
 10
-7.58517007484418
 20
32.4753240062841
 10
-7.58517289662656
 20
32.4751436387852
 10
-7.58527928667905
 20
32.4751448347064
 10
-7.58528916197682
 20
32.474513548389
 10
-7.58518277266637
 20
32.4745123524967
 10
-7.58518700516032
 20
32.47424180121
 10
-7.58508061617419
 20
32.4742406052403
 10
-7.58508343801731
 20
32.4740602377174
 10
-7.58476427173273
 20
32.4740566492939
 10
-7.58476709418666
 20
32.4738762817903
 10
-7.58455431711912
 20
32.4738738890751
 10
-7.58455713997183
 20
32.4736935215827
 10
-7.58445075165952
 20
32.4736923250986
 10
-7.58445216318242
 20
32.4736021413545
 10
-7.58434577498242
 20
32.4736009447847
 10
-7.58434859822129
 20
32.4734205773007
 10
-7.58424221023959
 20
32.4734193806493
 10
-7.58424926875641
 20
32.4729684619364
 10
-7.58435565620812
 20
32.4729696585672
 10
-7.5843754177326
 20
32.4717070859341
 10
-7.58448180370673
 20
32.4717082824171
 10
-7.58448744920564
 20
32.471347547314
 10
-7.58459383476211
 20
32.4713487436906
 10
-7.58459806850213
 20
32.4710781923367
 10
-7.58470445374696
 20
32.4710793886111
 10
-7.58471433151113
 20
32.4704481020425
 10
-7.58482071602037
 20
32.4704492981981
 10
-7.58482635989443
 20
32.4700885629698
 10
-7.58493274398604
 20
32.470089759019
 10
-7.5849355656733
 20
32.4699093913885
 10
-7.58504194955925
 20
32.4699105873395
 10
-7.58504336028745
 20
32.4698204035181
 10
-7.58514974407372
 20
32.4698215993752
 10
-7.58514833345151
 20
32.4699117832007
 10
-7.58525471735007
 20
32.469912978972
 10
-7.58524907522212
 20
32.4702737142772
 10
-7.58546184388599
 20
32.4702761055833
 10
-7.58545902320813
 20
32.4704564732443
 10
-7.58556540776148
 20
32.4704576687709
 10
-7.58556822822737
 20
32.4702773011016
 10
-7.58567461257505
 20
32.47027849653
 10
-7.58568025300731
 20
32.4699177611587
 10
-7.58578663693737
 20
32.4699189564808
 10
-7.58579086687748
 20
32.4696484049258
 10
-7.5858972504959
 20
32.4696496001456
 10
-7.58589443075408
 20
32.4698299678585
 10
-7.58600081459076
 20
32.4698311629967
 10
-7.58599940481638
 20
32.4699213468553
 10
-7.58621217272058
 20
32.4699237368703
 10
-7.58620371521385
 20
32.4704648400431
 10
-7.58609733062271
 20
32.4704636450557
 10
-7.58608605274656
 20
32.4711851158441
 10
-7.58597966731384
 20
32.4711839207338
 10
-7.58597684756985
 20
32.4713642884092
 10
-7.58587046193146
 20
32.4713630932008
 10
-7.5858676419503
 20
32.4715434608625
 10
-7.58576125610622
 20
32.471542265556
 10
-7.58575843588789
 20
32.471722633204
 10
-7.58565204983814
 20
32.4717214377993
 10
-7.58564781914543
 20
32.4719919892489
 10
-7.58554143278401
 20
32.471990793742
 10
-7.58553861207872
 20
32.47217116136
 10
-7.58564499865213
 20
32.4721723568752
 10
-7.58564076786493
 20
32.4724429083046
 10
-7.58574715476261
 20
32.4724441037423
 10
-7.58574433441829
 20
32.4726244713634
 10
-7.58585072153427
 20
32.4726256667195
 10
-7.58584790137674
 20
32.4728060343434
 10
-7.585954288711
 20
32.4728072296179
 10
-7.58595005874546
 20
32.4730777810561
 10
-7.58605644640401
 20
32.4730789762531
 10
-7.58605080678577
 20
32.4734397115017
 10
-7.58636997107116
 20
32.4734432966031
 10
-7.58637279025689
 20
32.4732629289568
 10
-7.58658556605465
 20
32.4732653185585
 10
-7.58658838479121
 20
32.4730849508902
 10
-7.58669477248753
 20
32.473086145548
 10
-7.58669618174037
 20
32.4729959617077
 10
-7.58722811978645
 20
32.4730019336281
 10
-7.58722671106359
 20
32.4730921174891
 10
-7.58743948653807
 20
32.4730945056364
 10
-7.58743385243171
 20
32.4734552410996
 10
-7.58732746426734
 20
32.4734540470544
 10
-7.5873232383035
 20
32.4737245986253
 10
-7.58721684982742
 20
32.4737234044778
 10
-7.58721121469687
 20
32.4740841398703
 10
-7.58710482580307
 20
32.4740829456165
 10
-7.58709778121827
 20
32.4745338648061
 10
-7.58720417064209
 20
32.4745350590806
 10
-7.58719853528498
 20
32.4748957944246
 10
-7.5873049251391
 20
32.4748969886257
 10
-7.5873035163901
 20
32.4749871724624
 10
-7.58751629632925
 20
32.4749895606033
 10
-7.58751347923639
 20
32.4751699282893
 10
-7.58761986942742
 20
32.4751711222332
 10
-7.58761705252141
 20
32.475351489922
 10
-7.58836178551885
 20
32.4753598450704
 10
-7.58836460094074
 20
32.4751794773239
 10
-7.58921572304754
 20
32.4751890206064
 10
-7.58921853674815
 20
32.4750086527885
 10
-7.58953770700586
 20
32.4750122300118
 10
-7.58953489394129
 20
32.4751925978544
 10
-7.58974767456855
 20
32.475194982237
 10
-7.58974486190289
 20
32.4753753500907
 10
-7.58985125243796
 20
32.4753765421554
 10
-7.58984843995918
 20
32.475556910012
 10
-7.5897420492121
 20
32.475555717939
 10
-7.58972517253963
 20
32.4766379249157
 10
-7.58961878052667
 20
32.4766367327035
 10
-7.58961596744793
 20
32.4768171005058
 10
-7.58972235967293
 20
32.4768182927263
 10
-7.58972095323016
 20
32.4769084766296
 10
-7.59014652261704
 20
32.4769132446293
 10
-7.59014371056079
 20
32.4770936124648
 10
-7.59025010313525
 20
32.4770948042482
 10
-7.59024729126591
 20
32.4772751720865
 10
-7.59077925529259
 20
32.4772811296968
 10
-7.59077644445833
 20
32.4774614975709
 10
-7.59088283749455
 20
32.4774626888315
 10
-7.59088143217402
 20
32.4775528727706
 10
-7.59109421847732
 20
32.4775552550305
 10
-7.59109140824152
 20
32.4777356229212
 10
-7.59119780161463
 20
32.4777368139245
 10
-7.59120061163838
 20
32.4775564460256
 10
-7.59141339797934
 20
32.4775588277462
 10
-7.59141480276976
 20
32.4774686437865
 10
-7.59152119584363
 20
32.4774698345078
 10
-7.59152400519361
 20
32.4772894665761
 10
-7.59163039806172
 20
32.4772906571993
 10
-7.5916360162623
 20
32.4769299213033
 10
-7.59184880116918
 20
32.4769323022472
 10
-7.59184599250551
 20
32.4771126702144
 10
-7.5919523851804
 20
32.4771138605597
 10
-7.59194957670368
 20
32.4772942285297
 10
-7.59226875540209
 20
32.4772977990511
 10
-7.5922659475364
 20
32.4774781670404
 10
-7.59258512692738
 20
32.4774817367775
 10
-7.59258793415695
 20
32.4773013687636
 10
-7.59269432708777
 20
32.4773025584879
 10
-7.59269713408022
 20
32.4771221904604
 10
-7.5930163122742
 20
32.4771257590696
 10
-7.59300929633636
 20
32.47757667919
 10
-7.59311568961032
 20
32.4775778685672
 10
-7.59311288340335
 20
32.4777582366141
 10
-7.59343206389899
 20
32.477761804231
 10
-7.59342925830308
 20
32.4779421722973
 10
-7.59364204575559
 20
32.4779445502755
 10
-7.59363924055872
 20
32.4781249183528
 10
-7.59374563450643
 20
32.4781261072153
 10
-7.59374843949125
 20
32.4779457391298
 10
-7.59396122698135
 20
32.4779481165688
 10
-7.59396683602764
 20
32.4775873803488
 10
-7.59407322935799
 20
32.477588568917
 10
-7.59407743575887
 20
32.4773180167255
 10
-7.59429022180225
 20
32.4773203935676
 10
-7.59429302561411
 20
32.4771400254168
 10
-7.59439941843315
 20
32.4771412136949
 10
-7.59440222200792
 20
32.4769608455304
 10
-7.59450861462118
 20
32.4769620337104
 10
-7.59451001629316
 20
32.476871849622
 10
-7.59461640880667
 20
32.476873037708
 10
-7.5946192119198
 20
32.4766926695191
 10
-7.59472560422753
 20
32.4766938575069
 10
-7.59472280132644
 20
32.476874225704
 10
-7.59568033428602
 20
32.4768849136239
 10
-7.59567893378025
 20
32.4769750977574
 10
-7.59589171916325
 20
32.4769774718702
 10
-7.59588891855702
 20
32.4771578401495
 10
-7.59599531146994
 20
32.4771590270793
 10
-7.5959897106065
 20
32.4775197636382
 10
-7.59609610394976
 20
32.4775209504945
 10
-7.59606529974447
 20
32.4795050012732
 10
-7.59617169542658
 20
32.4795061881298
 10
-7.59616329439048
 20
32.480047292799
 10
-7.59605689807217
 20
32.4800461059178
 10
-7.59605549777156
 20
32.4801362900205
 10
-7.59594910135347
 20
32.4801351030453
 10
-7.59594349966433
 20
32.4804958394263
 10
-7.59583710282835
 20
32.4804946523447
 10
-7.59583430173418
 20
32.4806750205189
 10
-7.59572790469238
 20
32.4806738333393
 10
-7.59572650402986
 20
32.4807640174203
 10
-7.59562010688828
 20
32.4807628301466
 10
-7.59561730533241
 20
32.4809431982963
 10
-7.59551090798501
 20
32.4809420109246
 10
-7.59550810619202
 20
32.4811223790607
 10
-7.5954017086388
 20
32.4811211915909
 10
-7.59539750558427
 20
32.4813917437726
 10
-7.59529110771917
 20
32.4813905562006
 10
-7.59528830543944
 20
32.4815709243068
 10
-7.59518190736853
 20
32.4815697366367
 10
-7.59517209845
 20
32.4822010249372
 10
-7.59506569964303
 20
32.4821998371485
 10
-7.59506009398483
 20
32.4825605732742
 10
-7.59495369475993
 20
32.482559385379
 10
-7.59493967911572
 20
32.4834612255579
 10
-7.59483327883658
 20
32.4834600375318
 10
-7.5948304754205
 20
32.4836404055432
 10
-7.59493687591175
 20
32.4836415935775
 10
-7.59493407268273
 20
32.4838219615917
 10
-7.59546607629342
 20
32.4838279004555
 10
-7.59546887846189
 20
32.4836475324002
 10
-7.59568167952576
 20
32.4836499073
 10
-7.59568448124499
 20
32.4834695392229
 10
-7.5957908815742
 20
32.4834707265297
 10
-7.59579368305629
 20
32.4832903584391
 10
-7.59590008317966
 20
32.4832915456478
 10
-7.59590148380527
 20
32.4832013615963
 10
-7.59600788382884
 20
32.483202548711
 10
-7.59601068484918
 20
32.4830221805959
 10
-7.59611708466691
 20
32.4830233676125
 10
-7.59611988545013
 20
32.4828429994838
 10
-7.59622628506201
 20
32.4828441864022
 10
-7.59622908560811
 20
32.4826638182599
 10
-7.59633548501414
 20
32.4826650050803
 10
-7.59633688517176
 20
32.482574821003
 10
-7.596443284478
 20
32.4825760077294
 10
-7.59644888462174
 20
32.4822152713904
 10
-7.59655528351005
 20
32.4822164580104
 10
-7.59655948323405
 20
32.4819459057297
 10
-7.59666588181047
 20
32.4819470922476
 10
-7.59666868138312
 20
32.4817667240455
 10
-7.59720067329857
 20
32.4817726552454
 10
-7.59720347178576
 20
32.4815922869969
 10
-7.59752266637377
 20
32.4815958446134
 10
-7.59752546419971
 20
32.481415476335
 10
-7.59763186219613
 20
32.4814166620192
 10
-7.59763326099368
 20
32.4813264778738
 10
-7.5977396588903
 20
32.481327663464
 10
-7.59774245625458
 20
32.4811472951611
 10
-7.5979552516424
 20
32.4811496660554
 10
-7.59795804855752
 20
32.4809692977307
 10
-7.59806444604873
 20
32.4809704830348
 10
-7.59807143769702
 20
32.480519562179
 10
-7.59796504073601
 20
32.4805183768954
 10
-7.59796783756368
 20
32.4803380085518
 10
-7.59775504408456
 20
32.4803356377313
 10
-7.59775784131138
 20
32.4801552693987
 10
-7.5975450482814
 20
32.480152898235
 10
-7.59754644709751
 20
32.4800627140749
 10
-7.59744005069793
 20
32.4800615283622
 10
-7.59744284852348
 20
32.4798811600462
 10
-7.59733645234222
 20
32.4798799742518
 10
-7.59733925035484
 20
32.4796996059386
 10
-7.59723285439189
 20
32.4796984200626
 10
-7.59724964321506
 20
32.478616210119
 10
-7.59735603790564
 20
32.4786173959458
 10
-7.59738121754461
 20
32.4769940805928
 10
-7.59748761033301
 20
32.476995266256
 10
-7.59750159708635
 20
32.4760934241636
 10
-7.59760798882083
 20
32.4760946096959
 10
-7.5976107858845
 20
32.4759142412531
 10
-7.59792996048934
 20
32.4759177972863
 10
-7.59793415508387
 20
32.4756472445751
 10
-7.59804054631327
 20
32.4756484297274
 10
-7.59805033273982
 20
32.475017139992
 10
-7.59815672323339
 20
32.4750183250258
 10
-7.5981623149157
 20
32.4746575879881
 10
-7.59826870499149
 20
32.4746587729157
 10
-7.59827289836964
 20
32.474388220111
 10
-7.59837928813365
 20
32.4743894049364
 10
-7.59838208347585
 20
32.474209036385
 10
-7.59859486259858
 20
32.4742114057498
 10
-7.59859067021194
 20
32.4744819585994
 10
-7.59869706010069
 20
32.4744831431593
 10
-7.59869426535707
 20
32.4746635117272
 10
-7.59880065546407
 20
32.4746646962053
 10
-7.59879786090749
 20
32.474845064776
 10
-7.59890425123275
 20
32.4748462491725
 10
-7.59890145686323
 20
32.4750266177459
 10
-7.59900784740675
 20
32.4750278020607
 10
-7.59900645031863
 20
32.4751179863495
 10
-7.5991128409744
 20
32.4751191705786
 10
-7.59911004699147
 20
32.4752995391603
 10
-7.5992164378655
 20
32.4753007233076
 10
-7.59920665947074
 20
32.4759320133299
 10
-7.5993130510931
 20
32.475933197416
 10
-7.59931025742189
 20
32.4761135659899
 10
-7.59941664926252
 20
32.4761147499943
 10
-7.59941385577839
 20
32.4762951185709
 10
-7.59952024783728
 20
32.4762963024936
 10
-7.59951885119187
 20
32.476386486784
 10
-7.59983802772404
 20
32.4763900380251
 10
-7.5998394240514
 20
32.4762998537224
 10
-7.60005220822533
 20
32.4763022207588
 10
-7.60005081211
 20
32.4763924050697
 10
-7.60015720431234
 20
32.4763935884572
 10
-7.60015441227501
 20
32.476573957083
 10
-7.60026080469562
 20
32.4765751403888
 10
-7.60025801284538
 20
32.4767555090174
 10
-7.60036440548426
 20
32.4767566922415
 10
-7.60036161382111
 20
32.4769370608729
 10
-7.60046800667827
 20
32.4769382440153
 10
-7.60046661094336
 20
32.4770284283331
 10
-7.60067939688841
 20
32.4770307943564
 10
-7.60067660582398
 20
32.4772111630042
 10
-7.60131496508098
 20
32.4772182589659
 10
-7.60131775487316
 20
32.477037890269
 10
-7.60174332698762
 20
32.4770426190797
 10
-7.60174472145029
 20
32.4769524347129
 10
-7.60206390028348
 20
32.4769559803649
 10
-7.60206668855401
 20
32.4767756116027
 10
-7.60227947404987
 20
32.476777974905
 10
-7.60228226187141
 20
32.4765976061211
 10
-7.60238865441665
 20
32.4765987876292
 10
-7.60239144200125
 20
32.4764184188318
 10
-7.60260422668632
 20
32.4764207815621
 10
-7.60260562025725
 20
32.4763305971532
 10
-7.60281840475518
 20
32.4763329595158
 10
-7.6028211914543
 20
32.4761525906776
 10
-7.60292758350057
 20
32.4761537717159
 10
-7.60293036996276
 20
32.4759734028642
 10
-7.60303676180323
 20
32.4759745838045
 10
-7.60303954802849
 20
32.4757942149392
 10
-7.60314593966315
 20
32.4757953957814
 10
-7.60314733266044
 20
32.4757052113427
 10
-7.6033601157364
 20
32.4757075727493
 10
-7.60336290128824
 20
32.4755272038515
 10
-7.60346929262353
 20
32.4755283844118
 10
-7.60347207793846
 20
32.4753480155004
 10
-7.60357846906795
 20
32.4753491959627
 10
-7.60358125414598
 20
32.4751688270378
 10
-7.60390042693568
 20
32.475172367861
 10
-7.60390181914733
 20
32.4750821833843
 10
-7.60411460082621
 20
32.4750845434755
 10
-7.60411738480682
 20
32.4749041745017
 10
-7.60433016608653
 20
32.4749065342171
 10
-7.60433294961822
 20
32.4747261652216
 10
-7.60454573049877
 20
32.4747285245612
 10
-7.60454851358156
 20
32.474548155544
 10
-7.60465490381914
 20
32.4745493350709
 10
-7.60465629524521
 20
32.4744591505562
 10
-7.604762685383
 20
32.4744603299891
 10
-7.60476546800447
 20
32.4742799609475
 10
-7.60487185793646
 20
32.4742811402823
 10
-7.60487464032106
 20
32.4741007712272
 10
-7.60498103004725
 20
32.474101950464
 10
-7.60498520325952
 20
32.473831396859
 10
-7.60509159267391
 20
32.4738325759938
 10
-7.60509437457235
 20
32.4736522069089
 10
-7.60520076378095
 20
32.4736533859456
 10
-7.60520354544253
 20
32.4734730168471
 10
-7.60530993444534
 20
32.4734741957858
 10
-7.60531688796055
 20
32.4730232729958
 10
-7.60521049948775
 20
32.4730220940775
 10
-7.60522023489012
 20
32.4723908021434
 10
-7.60511384716552
 20
32.4723896231637
 10
-7.60512358300543
 20
32.4717583311921
 10
-7.60501719602901
 20
32.4717571521511
 10
-7.60502275965338
 20
32.4713964138683
 10
-7.60480998656712
 20
32.4713940555492
 10
-7.6048141598561
 20
32.4711235018474
 10
-7.60492054607815
 20
32.4711246810397
 10
-7.60492750090557
 20
32.470673758156
 10
-7.60503388660389
 20
32.470674937238
 10
-7.60504918551157
 20
32.4696829067306
 10
-7.60515557005027
 20
32.4696840856779
 10
-7.60515278869858
 20
32.4698644548814
 10
-7.60525917345546
 20
32.469865633747
 10
-7.60525639229088
 20
32.4700460029531
 10
-7.60536277726595
 20
32.470047181737
 10
-7.60536138678033
 20
32.4701373663422
 10
-7.60546777186758
 20
32.4701385450403
 10
-7.60544969636707
 20
32.4713109448376
 10
-7.60555608283839
 20
32.4713121234988
 10
-7.60555191173794
 20
32.4715826772781
 10
-7.60565829853344
 20
32.4715838558616
 10
-7.60565273740319
 20
32.4719445942314
 10
-7.60575912462888
 20
32.4719457727414
 10
-7.60575495403397
 20
32.4722163265168
 10
-7.60586134158384
 20
32.4722175049491
 10
-7.60585856136818
 20
32.4723978741342
 10
-7.60596494913626
 20
32.4723990524848
 10
-7.60596216910775
 20
32.4725794216726
 10
-7.60606855709403
 20
32.4725805999414
 10
-7.60607133691055
 20
32.4724002307455
 10
-7.60617772469104
 20
32.4724014089164
 10
-7.60618050427073
 20
32.4722210397069
 10
-7.60639327942637
 20
32.4722233957627
 10
-7.60639605855724
 20
32.4720430265316
 10
-7.60650244593238
 20
32.4720442044166
 10
-7.60650383538251
 20
32.4719540197949
 10
-7.60671660993942
 20
32.4719563752871
 10
-7.60671938839708
 20
32.4717760060234
 10
-7.60682577547286
 20
32.4717771836266
 10
-7.60682855369372
 20
32.4715968143494
 10
-7.60693494056371
 20
32.4715979918546
 10
-7.60693771854776
 20
32.4714176225639
 10
-7.60704410521197
 20
32.471418799971
 10
-7.6070454940887
 20
32.4713286153196
 10
-7.60715188065313
 20
32.4713297926328
 10
-7.60715465817598
 20
32.4711494233178
 10
-7.60736743089948
 20
32.4711517776583
 10
-7.60737020797357
 20
32.4709714083216
 10
-7.6076893664694
 20
32.4709749391341
 10
-7.60769214288274
 20
32.4707945697676
 10
-7.60790491482035
 20
32.4707969231769
 10
-7.60790630280574
 20
32.4707067384836
 10
-7.60801268867785
 20
32.4707079150494
 10
-7.60801546441806
 20
32.4705275456504
 10
-7.6081218500844
 20
32.4705287221182
 10
-7.60811907455617
 20
32.4707090915253
 10
-7.60822546044069
 20
32.4707102679114
 10
-7.60822407277326
 20
32.470800452617
 10
-7.60843684477287
 20
32.4708028051278
 10
-7.60844378198812
 20
32.4703518815457
 10
-7.60855016746728
 20
32.4703530576459
 10
-7.60855710399766
 20
32.4699021340098
 10
-7.60845071904843
 20
32.4699009579299
 10
-7.60845349382917
 20
32.4697205884741
 10
-7.6083471090981
 20
32.4697194123125
 10
-7.60834988406601
 20
32.4695390428595
 10
-7.60845626858511
 20
32.469540219013
 10
-7.60847014199299
 20
32.4686383716266
 10
-7.60836375853368
 20
32.4686371955137
 10
-7.60836930814721
 20
32.4682764565377
 10
-7.60826292511801
 20
32.4682752803512
 10
-7.608267087581
 20
32.4680047261172
 10
-7.60816070487591
 20
32.4680035498531
 10
-7.60816625516369
 20
32.4676428108719
 10
-7.6080598728887
 20
32.4676416345342
 10
-7.60806403585736
 20
32.4673710802963
 10
-7.60795765390648
 20
32.4673699038809
 10
-7.60796042939986
 20
32.4671895343904
 10
-7.60785404766713
 20
32.4671883578933
 10
-7.60785682334765
 20
32.4670079884056
 10
-7.60775044183305
 20
32.4670068118268
 10
-7.60774766594059
 20
32.4671871813064
 10
-7.60732213909644
 20
32.4671824740601
 10
-7.60732491583666
 20
32.467002104613
 10
-7.60700577140449
 20
32.4669985732592
 10
-7.6070071600832
 20
32.4669083885459
 10
-7.60711354144842
 20
32.4669095657496
 10
-7.60711631857529
 20
32.4667291963107
 10
-7.60732908090047
 20
32.4667315504323
 10
-7.60733185757867
 20
32.4665511809717
 10
-7.60743823853862
 20
32.4665523578896
 10
-7.60745073232983
 20
32.4657406952139
 10
-7.60734435232355
 20
32.4657395183326
 10
-7.60734851712687
 20
32.4654689640953
 10
-7.60713575776868
 20
32.4654666100877
 10
-7.60713853469707
 20
32.4652862406057
 10
-7.60703215523919
 20
32.4652850634752
 10
-7.60703493235468
 20
32.465104693996
 10
-7.60724769085279
 20
32.4651070481508
 10
-7.60724907918931
 20
32.465016863401
 10
-7.60735545834171
 20
32.4650180403396
 10
-7.60736378759487
 20
32.4644769317883
 10
-7.60747016611773
 20
32.4644781086126
 10
-7.60748127059369
 20
32.4637566304363
 10
-7.60758764827512
 20
32.4637578071382
 10
-7.6075904241202
 20
32.4635774375725
 10
-7.60769680159593
 20
32.4635786141765
 10
-7.60769957720431
 20
32.4633982445973
 10
-7.60780595447434
 20
32.4633994211033
 10
-7.60780872984602
 20
32.4632190515106
 10
-7.60791510691035
 20
32.4632202279186
 10
-7.60791649448095
 20
32.4631300431161
 10
-7.60802287144553
 20
32.4631312194303
 10
-7.60801177155482
 20
32.4638526978447
 10
-7.60790539374264
 20
32.4638515214981
 10
-7.60789012957967
 20
32.4648435541324
 10
-7.60799650855735
 20
32.4648447305238
 10
-7.60799373338632
 20
32.4650251000844
 10
-7.60810011258212
 20
32.465026276394
 10
-7.60809595009696
 20
32.4652968307369
 10
-7.60820232961684
 20
32.4652980069689
 10
-7.60819955480766
 20
32.4654783765322
 10
-7.60830593454565
 20
32.4654795526825
 10
-7.60830177260328
 20
32.4657501070296
 10
-7.60840815266536
 20
32.4657512831023
 10
-7.60840537821805
 20
32.4659316526684
 10
-7.60851175849825
 20
32.4659328286593
 10
-7.60850204847922
 20
32.4665641221267
 10
-7.60860842950737
 20
32.4665652980563
 10
-7.6086028812126
 20
32.4669260371672
 10
-7.60870926267082
 20
32.4669272130231
 10
-7.6087078756876
 20
32.4670173978015
 10
-7.60902702041733
 20
32.4670209248425
 10
-7.60902424706813
 20
32.4672012944196
 10
-7.60944977430892
 20
32.4672059959155
 10
-7.6094470017827
 20
32.4673863655198
 10
-7.60965976586414
 20
32.4673887157449
 10
-7.60966253796647
 20
32.4672083461243
 10
-7.60976891980453
 20
32.467209521094
 10
-7.60977862122587
 20
32.4665782273513
 10
-7.61031052680015
 20
32.4665841007096
 10
-7.6103146828698
 20
32.4663135461673
 10
-7.61042106368532
 20
32.4663147205572
 10
-7.61042660460101
 20
32.4659539811325
 10
-7.61053298499887
 20
32.4659551554163
 10
-7.61053575520766
 20
32.4657747856878
 10
-7.61074851559808
 20
32.4657771339697
 10
-7.61074297600346
 20
32.4661378734539
 10
-7.6108493566318
 20
32.4661390474763
 10
-7.61085212622956
 20
32.4659586777288
 10
-7.61095850665216
 20
32.4659598516533
 10
-7.61096127601324
 20
32.4657794818922
 10
-7.6110676562301
 20
32.4657806557187
 10
-7.6110690407954
 20
32.4656904708321
 10
-7.61117542091249
 20
32.4656916445647
 10
-7.61118095868799
 20
32.4653309049887
 10
-7.61128733838742
 20
32.4653320786152
 10
-7.61129010702614
 20
32.465151708811
 10
-7.61139648651983
 20
32.4651528823395
 10
-7.61139787072395
 20
32.4650626974314
 10
-7.61150425011786
 20
32.465063870866
 10
-7.6115097864487
 20
32.4647031312036
 10
-7.61161616542496
 20
32.4647043045322
 10
-7.61161893334136
 20
32.4645239346848
 10
-7.61172531211189
 20
32.4645251079154
 10
-7.61172669595487
 20
32.4644349229857
 10
-7.61183307462562
 20
32.4644360961224
 10
-7.61183584208111
 20
32.4642557262507
 10
-7.61194222054614
 20
32.4642568992895
 10
-7.61194775495912
 20
32.4638961595137
 10
-7.61205413300651
 20
32.4638973324465
 10
-7.61205551648835
 20
32.4638071474951
 10
-7.61194913854691
 20
32.4638059745664
 10
-7.61195190570395
 20
32.4636256046677
 10
-7.6118455279806
 20
32.4636244316573
 10
-7.61184829532482
 20
32.4634440617614
 10
-7.6120610503539
 20
32.4634464076762
 10
-7.6120638172496
 20
32.4632660377586
 10
-7.6122765718796
 20
32.4632683832979
 10
-7.6122834879512
 20
32.4628174584399
 10
-7.61217711116285
 20
32.4628162857355
 10
-7.6121812610495
 20
32.4625457308167
 10
-7.61207488458517
 20
32.4625445580346
 10
-7.61208041810463
 20
32.4621838181403
 10
-7.6122931701919
 20
32.4621861635823
 10
-7.61229593649078
 20
32.4620057936108
 10
-7.6124023123318
 20
32.4620069661889
 10
-7.61240646141594
 20
32.4617364112095
 10
-7.61251283694531
 20
32.4617375836856
 10
-7.61251975143227
 20
32.4612866586727
 10
-7.61241337643261
 20
32.4612854862169
 10
-7.61241614239602
 20
32.4611051162104
 10
-7.61230976761441
 20
32.4611039436728
 10
-7.61231529989086
 20
32.4607432036599
 10
-7.61220892553918
 20
32.4607420310487
 10
-7.61221030869878
 20
32.4606518460462
 10
-7.61210393445922
 20
32.4606506733492
 10
-7.61210670097176
 20
32.4604703033482
 10
-7.61200032695024
 20
32.4604691305695
 10
-7.61200309364993
 20
32.4602887605713
 10
-7.61189671984647
 20
32.4602875877108
 10
-7.6118994867333
 20
32.4601072177153
 10
-7.61211223392268
 20
32.4601095633301
 10
-7.61211361714496
 20
32.4600193783222
 10
-7.61221999064298
 20
32.4600205509908
 10
-7.61223243841207
 20
32.4592088858226
 10
-7.61233881096289
 20
32.4592100583649
 10
-7.61234572564427
 20
32.4587591332041
 10
-7.61245209767164
 20
32.4587603056363
 10
-7.61246039444986
 20
32.4582191953746
 10
-7.61256676584786
 20
32.4582203676926
 10
-7.61257091383581
 20
32.4579498125314
 10
-7.61267728492221
 20
32.4579509847475
 10
-7.61270355220916
 20
32.4562374683684
 10
-7.61259718313519
 20
32.4562362962293
 10
-7.61259994819489
 20
32.4560559260639
 10
-7.61249357933893
 20
32.4560547538431
 10
-7.61250602275504
 20
32.455243088069
 10
-7.61239965485844
 20
32.4552419157948
 10
-7.61240656818074
 20
32.4547909903379
 10
-7.61230020081984
 20
32.4547898179942
 10
-7.61230573179011
 20
32.4544290776206
 10
-7.6120929979341
 20
32.4544267326962
 10
-7.61209438087303
 20
32.4543365476075
 10
-7.6119880140602
 20
32.4543353750147
 10
-7.61200046118566
 20
32.4535237091928
 10
-7.61189409533211
 20
32.4535225365466
 10
-7.61189686150382
 20
32.4533421663572
 10
-7.61179049586825
 20
32.4533409936293
 10
-7.61179326222704
 20
32.4531606234427
 10
-7.61168689680944
 20
32.4531594506331
 10
-7.61168828008546
 20
32.4530692655419
 10
-7.61158191477994
 20
32.4530680926465
 10
-7.61158468152524
 20
32.452887722468
 10
-7.61126558628112
 20
32.4528842032676
 10
-7.61126835363707
 20
32.4527038331081
 10
-7.61116198877985
 20
32.4527026598698
 10
-7.61116614008509
 20
32.4524321046325
 10
-7.61105977555173
 20
32.4524309313166
 10
-7.61106254326943
 20
32.4522505611598
 10
-7.61095617895404
 20
32.4522493877622
 10
-7.61096171473882
 20
32.4518886474487
 10
-7.61085535085317
 20
32.4518874739775
 10
-7.6108567348898
 20
32.4517972888999
 10
-7.61075037111623
 20
32.4517961153429
 10
-7.61075590762446
 20
32.451435375035
 10
-7.61064954428063
 20
32.4514342014045
 10
-7.61065369691453
 20
32.4511636461716
 10
-7.61054733389454
 20
32.4511624724634
 10
-7.61055287107671
 20
32.4508017321503
 10
-7.61044650848644
 20
32.4508005583686
 10
-7.61044927725219
 20
32.450620188212
 10
-7.61034291487988
 20
32.4506190143486
 10
-7.61034429935936
 20
32.4505288292724
 10
-7.61023793709911
 20
32.4505276553233
 10
-7.6102434753787
 20
32.4501669150211
 10
-7.61013711354817
 20
32.4501657409985
 10
-7.61013849820849
 20
32.4500755559236
 10
-7.61003213649002
 20
32.4500743818152
 10
-7.61003767549293
 20
32.4497136415186
 10
-7.60993131420417
 20
32.4497124673367
 10
-7.60993408388026
 20
32.4495320971884
 10
-7.60982772280945
 20
32.4495309229248
 10
-7.60982910774409
 20
32.4494407378527
 10
-7.60972274678534
 20
32.4494395635033
 10
-7.60972551684781
 20
32.4492591933632
 10
-7.609619156107
 20
32.4492580189322
 10
-7.6096246965812
 20
32.4488972786521
 10
-7.60951833627008
 20
32.4488961041475
 10
-7.60951972147903
 20
32.4488059190782
 10
-7.60941336127997
 20
32.4488047444879
 10
-7.60941890247739
 20
32.4484440042133
 10
-7.609312542708
 20
32.4484428295495
 10
-7.60931531348132
 20
32.4482624594123
 10
-7.60920895392987
 20
32.4482612846668
 10
-7.60921033941312
 20
32.4481710996002
 10
-7.60910397997373
 20
32.448169924769
 10
-7.60910675113339
 20
32.4479895546399
 10
-7.60900039191193
 20
32.447988379727
 10
-7.60900316325856
 20
32.4478080096007
 10
-7.60889680425503
 20
32.4478068346061
 10
-7.60889957578864
 20
32.4476264644826
 10
-7.60879321700303
 20
32.4476252894064
 10
-7.60879460286642
 20
32.4475351043466
 10
-7.60868824419287
 20
32.4475339291847
 10
-7.6086910161128
 20
32.4473535590693
 10
-7.60847829920775
 20
32.4473512084923
 10
-7.60848107152637
 20
32.4471708383878
 10
-7.60837471329486
 20
32.4471696629727
 10
-7.60837748580044
 20
32.446989292871
 10
-7.60827112778685
 20
32.4469881173743
 10
-7.60827251413622
 20
32.4468979323254
 10
-7.60816615623469
 20
32.446896756743
 10
-7.60816892912656
 20
32.4467163866494
 10
-7.60806257144295
 20
32.4467152109854
 10
-7.60806534452177
 20
32.4465348408945
 10
-7.60785262959658
 20
32.4465324893133
 10
-7.60785540307406
 20
32.4463521192333
 10
-7.60774904583249
 20
32.4463509433162
 10
-7.60775043266779
 20
32.4462607582782
 10
-7.60764407553827
 20
32.4462595822754
 10
-7.60764684940202
 20
32.4460792122036
 10
-7.607434135585
 20
32.4460768599449
 10
-7.6074369098474
 20
32.4458964898839
 10
-7.6073305531599
 20
32.445895313628
 10
-7.60733332760922
 20
32.4457149435698
 10
-7.60722697113964
 20
32.4457137672323
 10
-7.60722835846086
 20
32.4456235822053
 10
-7.607015645752
 20
32.445621229269
 10
-7.60701842079927
 20
32.4454408592271
 10
-7.60691206466586
 20
32.4454396826324
 10
-7.60691483990004
 20
32.4452593125933
 10
-7.60680848398453
 20
32.445258135917
 10
-7.60681125940563
 20
32.4450777658807
 10
-7.60670490370802
 20
32.4450765891227
 10
-7.60670629151512
 20
32.4449864041066
 10
-7.60659993592958
 20
32.4449852272629
 10
-7.60660271173688
 20
32.4448048572348
 10
-7.60649635636924
 20
32.4448036803095
 10
-7.60650329630825
 20
32.4443527552359
 10
-7.60639694147606
 20
32.4443515782412
 10
-7.60640249373905
 20
32.4439908381744
 10
-7.60650884814784
 20
32.4439920151529
 10
-7.60650607224045
 20
32.4441723851971
 10
-7.60661242686714
 20
32.4441735620939
 10
-7.60660826327709
 20
32.4444441171624
 10
-7.60671461822753
 20
32.4444452939816
 10
-7.60671184268153
 20
32.4446256640287
 10
-7.60692455302441
 20
32.4446280174141
 10
-7.60692177787701
 20
32.4448083874721
 10
-7.60702813326946
 20
32.4448095640383
 10
-7.60702535830897
 20
32.444989934099
 10
-7.60723806953586
 20
32.4449922869783
 10
-7.60723668225803
 20
32.4450824720148
 10
-7.60734303798662
 20
32.4450836483239
 10
-7.60734026362407
 20
32.4452640184009
 10
-7.60755297552327
 20
32.445266370766
 10
-7.60755020155935
 20
32.4454467408539
 10
-7.60776291390675
 20
32.4454490928762
 10
-7.60776014034147
 20
32.445629462975
 10
-7.60797285313708
 20
32.4456318146544
 10
-7.60797146655686
 20
32.4457219997099
 10
-7.60818417958897
 20
32.4457243510384
 10
-7.60818140683337
 20
32.4459047211616
 10
-7.60828776357043
 20
32.4459058966993
 10
-7.60828499100176
 20
32.4460862668252
 10
-7.6084977049179
 20
32.4460886176475
 10
-7.6084949327479
 20
32.4462689877844
 10
-7.60860128992698
 20
32.446270163069
 10
-7.60859990393855
 20
32.4463603481395
 10
-7.60870626122968
 20
32.4463615233384
 10
-7.6087007176375
 20
32.446722263623
 10
-7.60880707535827
 20
32.4467234387484
 10
-7.60880430373675
 20
32.4469038088907
 10
-7.60891066167543
 20
32.4469049839344
 10
-7.60890927596125
 20
32.4469951690077
 10
-7.60901563401199
 20
32.4469963439657
 10
-7.60901286277679
 20
32.4471767141162
 10
-7.60922557932029
 20
32.4471790637791
 10
-7.60922280848378
 20
32.4473594339405
 10
-7.60943552547551
 20
32.4473617832605
 10
-7.60943275503771
 20
32.4475421534328
 10
-7.60953911375459
 20
32.4475433279662
 10
-7.60953772863227
 20
32.4476335130544
 10
-7.60975044629632
 20
32.4476358618601
 10
-7.6097476764566
 20
32.4478162320486
 10
-7.60996039456888
 20
32.4478185805114
 10
-7.60995762512788
 20
32.4479989507108
 10
-7.61006398440504
 20
32.4480001248157
 10
-7.61006121515103
 20
32.4481804950178
 10
-7.61016757464611
 20
32.448181669041
 10
-7.6101661901157
 20
32.4482718541441
 10
-7.61037890933616
 20
32.4482742019292
 10
-7.61037614068027
 20
32.4484545721476
 10
-7.61048250051152
 20
32.4484557459136
 10
-7.61047696354901
 20
32.4488164863505
 10
-7.61058332380993
 20
32.4488176600429
 10
-7.61058193965972
 20
32.4489078451528
 10
-7.6106883000327
 20
32.4489090187595
 10
-7.61068553192547
 20
32.4490893889834
 10
-7.61079189251639
 20
32.4490905625085
 10
-7.61078912459618
 20
32.4492709327351
 10
-7.61089548540503
 20
32.4492721061785
 10
-7.61089271767184
 20
32.4494524764078
 10
-7.61099907869862
 20
32.4494536497695
 10
-7.61099769492863
 20
32.4495438348862
 10
-7.61110405606748
 20
32.4495450081622
 10
-7.6111012887207
 20
32.4497253783997
 10
-7.61131401144045
 20
32.4497277246984
 10
-7.61131124449247
 20
32.4499080949468
 10
-7.61141760607337
 20
32.4499092679696
 10
-7.61141345592268
 20
32.4501798233442
 10
-7.61151981782741
 20
32.4501809962894
 10
-7.61151705124114
 20
32.4503613665405
 10
-7.61162341336381
 20
32.450362539404
 10
-7.61162064696459
 20
32.4505429096578
 10
-7.6117270093052
 20
32.4505440824396
 10
-7.61172285997767
 20
32.4508146378225
 10
-7.61182922264211
 20
32.4508158105266
 10
-7.61182645660463
 20
32.4509961807833
 10
-7.6120391823756
 20
32.4509985259384
 10
-7.61203641673695
 20
32.4511788962058
 10
-7.61214277984347
 20
32.4511800686568
 10
-7.61213863165682
 20
32.4514506240601
 10
-7.61224499508718
 20
32.4514517964334
 10
-7.61223946450872
 20
32.4518125369684
 10
-7.61234582836881
 20
32.4518137092682
 10
-7.61234168068778
 20
32.4520842646675
 10
-7.61244804487172
 20
32.4520854368896
 10
-7.61244527993193
 20
32.4522658071572
 10
-7.61255164433383
 20
32.4522669792976
 10
-7.61254887958112
 20
32.4524473495679
 10
-7.61265524420098
 20
32.4524485216266
 10
-7.61265386192126
 20
32.4525387067638
 10
-7.61276022665319
 20
32.4525398787368
 10
-7.61275469789611
 20
32.4529006192882
 10
-7.6128610630578
 20
32.4529017911876
 10
-7.612858298854
 20
32.4530821614634
 10
-7.61296466423365
 20
32.4530833332811
 10
-7.61296328222839
 20
32.453173518421
 10
-7.61306964772011
 20
32.4531746901529
 10
-7.61306688390286
 20
32.4533550604368
 10
-7.61349234677866
 20
32.4533597464989
 10
-7.6134895837839
 20
32.4535401168098
 10
-7.61359594973008
 20
32.4535412881089
 10
-7.61359318692243
 20
32.4537216584225
 10
-7.6138059192569
 20
32.4537240007675
 10
-7.61380453805562
 20
32.4538141859304
 10
-7.61401727062657
 20
32.4538165279243
 10
-7.6140145086291
 20
32.4539968982622
 10
-7.61443997469225
 20
32.4540015812047
 10
-7.61444273584251
 20
32.4538212108344
 10
-7.61454910216191
 20
32.4538223813374
 10
-7.61455324352335
 20
32.4535518257597
 10
-7.61465960953122
 20
32.4535529961608
 10
-7.61466237019621
 20
32.4533726257608
 10
-7.61476873599845
 20
32.453373796064
 10
-7.61477149642697
 20
32.4531934256506
 10
-7.61487786202359
 20
32.4531945958558
 10
-7.6148792421227
 20
32.4531044106431
 10
-7.61498560761958
 20
32.4531055807545
 10
-7.61499112753081
 20
32.4527448398737
 10
-7.61509749261027
 20
32.4527460098792
 10
-7.61510163216127
 20
32.4524754541924
 10
-7.61520799692921
 20
32.4524766240959
 10
-7.61521075638727
 20
32.4522962536232
 10
-7.61531712094959
 20
32.4522974234288
 10
-7.61532263936817
 20
32.4519366824511
 10
-7.61542900351308
 20
32.4519378521507
 10
-7.61543038299643
 20
32.4518476668989
 10
-7.61553674704161
 20
32.4518488365047
 10
-7.61553950577804
 20
32.4516684659889
 10
-7.61564586961761
 20
32.4516696354968
 10
-7.6156486281176
 20
32.4514892649675
 10
-7.61575499175155
 20
32.4514904343775
 10
-7.61575775001513
 20
32.4513100638348
 10
-7.61597047687796
 20
32.4513124023693
 10
-7.61597185578873
 20
32.4512222170878
 10
-7.6160782191235
 20
32.4512233862163
 10
-7.61607684031862
 20
32.4513135715018
 10
-7.61628956721842
 20
32.4513159094975
 10
-7.61629094581152
 20
32.451225724204
 10
-7.61650367252418
 20
32.4512280618324
 10
-7.61650642926836
 20
32.451047691225
 10
-7.61661279242216
 20
32.4510488598964
 10
-7.61661830541309
 20
32.4506881186493
 10
-7.61651194268284
 20
32.4506869499941
 10
-7.61652296921622
 20
32.4499654674676
 10
-7.6166293310994
 20
32.4499666360906
 10
-7.61662519651321
 20
32.4502371920602
 10
-7.61705064537811
 20
32.4502418657026
 10
-7.6170478898036
 20
32.4504222363746
 10
-7.61715425224697
 20
32.4504234045688
 10
-7.61714460828347
 20
32.4510547019067
 10
-7.61703824509889
 20
32.4510535336842
 10
-7.61703411156169
 20
32.4513240896539
 10
-7.61692774806561
 20
32.4513229213295
 10
-7.61692499213158
 20
32.4515032919612
 10
-7.61681862842988
 20
32.4515021235389
 10
-7.61681311606439
 20
32.4518628647699
 10
-7.61670675194529
 20
32.4518616962417
 10
-7.61670261728885
 20
32.4521322521387
 10
-7.61659625285823
 20
32.4521310835085
 10
-7.61658936111155
 20
32.4525820099564
 10
-7.61690845601029
 20
32.452585515638
 10
-7.61690983405426
 20
32.452495330339
 10
-7.61712256380575
 20
32.4524976670029
 10
-7.61712531945164
 20
32.4523172963847
 10
-7.61723168412483
 20
32.4523184645739
 10
-7.61723443953431
 20
32.4521380939423
 10
-7.61734080400187
 20
32.4521392620336
 10
-7.61734355917495
 20
32.4519588913885
 10
-7.61744992343688
 20
32.451960059382
 10
-7.6174513009083
 20
32.4518698740534
 10
-7.61755766507049
 20
32.451871041953
 10
-7.61756317447106
 20
32.4515103006089
 10
-7.61766953821584
 20
32.4515114684026
 10
-7.61767229266743
 20
32.4513310977144
 10
-7.61777865620659
 20
32.4513322654102
 10
-7.61778278752016
 20
32.4510617093557
 10
-7.61788915074781
 20
32.4510628769496
 10
-7.61789190471432
 20
32.4508825062318
 10
-7.61799826773635
 20
32.4508836737279
 10
-7.61800102146648
 20
32.4507033029966
 10
-7.61810738428289
 20
32.4507044703948
 10
-7.61811151451431
 20
32.4504339142757
 10
-7.61821787701921
 20
32.450435081572
 10
-7.6182206302643
 20
32.4502547108112
 10
-7.61832699256359
 20
32.4502558780095
 10
-7.61833112206746
 20
32.4499853218461
 10
-7.61843748405525
 20
32.4499864889426
 10
-7.61844023681531
 20
32.4498061181522
 10
-7.6185465985975
 20
32.4498072851508
 10
-7.6185493511212
 20
32.4496269143469
 10
-7.61865571269778
 20
32.4496280812477
 10
-7.61865708884453
 20
32.4495378958397
 10
-7.61876345032137
 20
32.4495390626466
 10
-7.61876895442338
 20
32.4491783209851
 10
-7.61887531548286
 20
32.4491794876861
 10
-7.61887806728523
 20
32.4489991168392
 10
-7.61909078899911
 20
32.4490014499557
 10
-7.61909216467932
 20
32.4489112645221
 10
-7.61930488620604
 20
32.4489135972714
 10
-7.61930351073758
 20
32.449003782713
 10
-7.61940987161603
 20
32.449004948957
 10
-7.61940712087243
 20
32.4491853198442
 10
-7.61961984307128
 20
32.449187652079
 10
-7.61961709272661
 20
32.449368022977
 10
-7.619723454047
 20
32.4493691889677
 10
-7.61972070388952
 20
32.4495495598684
 10
-7.61908253478877
 20
32.4495425625286
 10
-7.61908115906554
 20
32.4496327479528
 10
-7.61886843586936
 20
32.4496304147798
 10
-7.61886568398094
 20
32.4498107856079
 10
-7.61875932218031
 20
32.4498096188786
 10
-7.61875657005553
 20
32.4499899896933
 10
-7.61865020804929
 20
32.4499888228662
 10
-7.61864607949837
 20
32.4502593790659
 10
-7.61853971718063
 20
32.4502582121369
 10
-7.61853696457084
 20
32.4504385829219
 10
-7.61843060204748
 20
32.4504374158951
 10
-7.61842371988598
 20
32.4508883428139
 10
-7.61831735683934
 20
32.4508871756771
 10
-7.6183118505759
 20
32.4512479171719
 10
-7.61820548711187
 20
32.4512467499291
 10
-7.61819860361475
 20
32.4516976767471
 10
-7.61809223962743
 20
32.4516965093943
 10
-7.61808810913768
 20
32.4519670654569
 10
-7.61798174483883
 20
32.4519658980022
 10
-7.61797623700947
 20
32.4523266393839
 10
-7.61786987229321
 20
32.4523254718233
 10
-7.61786574103892
 20
32.4525960278334
 10
-7.61775937601112
 20
32.4525948601709
 10
-7.61775386716235
 20
32.4529556014826
 10
-7.61764750171712
 20
32.4529544337142
 10
-7.61764336969825
 20
32.4532249896718
 10
-7.61753700394148
 20
32.4532238218014
 10
-7.61753424901967
 20
32.453404192425
 10
-7.61742788305726
 20
32.4534030244567
 10
-7.61742512789903
 20
32.4535833950669
 10
-7.61731876173098
 20
32.4535822270007
 10
-7.61731600633633
 20
32.4537625975974
 10
-7.61710327359509
 20
32.4537602611796
 10
-7.61710189567673
 20
32.4538504464678
 10
-7.61688916274831
 20
32.4538481096827
 10
-7.61688640646951
 20
32.454028480239
 10
-7.61678003980273
 20
32.4540273117036
 10
-7.61677728328751
 20
32.4542076822464
 10
-7.61656454954881
 20
32.4542053448901
 10
-7.61656179258534
 20
32.4543857154114
 10
-7.61645542551342
 20
32.4543845465905
 10
-7.61645404691655
 20
32.4544747318451
 10
-7.61634767974488
 20
32.4544735629303
 10
-7.61634492232084
 20
32.4546539334273
 10
-7.61623855494353
 20
32.4546527644146
 10
-7.61623579728304
 20
32.4548331348982
 10
-7.61612942970007
 20
32.4548319657876
 10
-7.61612529284542
 20
32.4551025214908
 10
-7.6162316607461
 20
32.4551036906135
 10
-7.61622614527728
 20
32.4554644315484
 10
-7.6159070403228
 20
32.4554609238623
 10
-7.61590428191597
 20
32.4556412942974
 10
-7.61579791339831
 20
32.4556401248811
 10
-7.61579653407974
 20
32.4557303100925
 10
-7.61569016546233
 20
32.4557291405823
 10
-7.61568464770279
 20
32.4560898813986
 10
-7.6155782786679
 20
32.4560887117824
 10
-7.61556862161003
 20
32.4567200081309
 10
-7.6154622518399
 20
32.4567188383966
 10
-7.61544845445987
 20
32.4576206901681
 10
-7.61534208363672
 20
32.4576195203035
 10
-7.61533242436248
 20
32.4582508164352
 10
-7.61522605280403
 20
32.4582496464525
 10
-7.61521777255014
 20
32.4587907573458
 10
-7.61532414474413
 20
32.4587919273528
 10
-7.61532000485174
 20
32.4590624827934
 10
-7.61542637736968
 20
32.4590636527227
 10
-7.61542913709226
 20
32.4588832824222
 10
-7.61564188172293
 20
32.4588856219952
 10
-7.61563636310055
 20
32.4592463626231
 10
-7.61552999035842
 20
32.4592451928654
 10
-7.61552585100913
 20
32.4595157483101
 10
-7.61563222406905
 20
32.4595169180799
 10
-7.6156294646839
 20
32.4596972883777
 10
-7.61573583796184
 20
32.4596984580659
 10
-7.6157330787639
 20
32.4598788283664
 10
-7.61594582576201
 20
32.4598811674893
 10
-7.61594306696315
 20
32.4600615378006
 10
-7.61615581440965
 20
32.4600638765804
 10
-7.61615443521284
 20
32.4601540617422
 10
-7.61626080905127
 20
32.4601552310014
 10
-7.61625529262616
 20
32.460515971651
 10
-7.61636166689449
 20
32.4605171408365
 10
-7.61635752982879
 20
32.4607876963217
 10
-7.61625115524265
 20
32.460786527124
 10
-7.61625253437665
 20
32.4606963419677
 10
-7.61582703651746
 20
32.4606916642949
 10
-7.61582565695971
 20
32.460781849435
 10
-7.61571928240439
 20
32.4607806797882
 10
-7.61571652305852
 20
32.4609610500564
 10
-7.61561014829749
 20
32.4609598803117
 10
-7.61560738871509
 20
32.4611402505664
 10
-7.61550101374834
 20
32.4611390807238
 10
-7.61549825392941
 20
32.4613194509651
 10
-7.61539187875694
 20
32.4613182810245
 10
-7.61538773866448
 20
32.4615888363642
 10
-7.61528136318036
 20
32.4615876663216
 10
-7.61527170200724
 20
32.4622189620388
 10
-7.61516532578768
 20
32.4622177918781
 10
-7.61515842423503
 20
32.4626687173298
 10
-7.61505204749191
 20
32.4626675470591
 10
-7.61504928661579
 20
32.4628479172222
 10
-7.61494290966693
 20
32.4628467468536
 10
-7.6149373874169
 20
32.4632074871475
 10
-7.61483101005041
 20
32.4632063166729
 10
-7.61482686798027
 20
32.4634768718671
 10
-7.61472049030211
 20
32.4634757012904
 10
-7.61471358619875
 20
32.463926626567
 10
-7.61460720799699
 20
32.4639254558802
 10
-7.61460168417945
 20
32.4642861960611
 10
-7.61449530556003
 20
32.4642850252683
 10
-7.61449116231423
 20
32.4645555803776
 10
-7.61438478338312
 20
32.4645544094829
 10
-7.61437925854518
 20
32.4649151495937
 10
-7.61427287919641
 20
32.4649139785929
 10
-7.61426597248034
 20
32.4653649036808
 10
-7.61415959260794
 20
32.4653637325699
 10
-7.61414715917658
 20
32.466175397607
 10
-7.61425354000266
 20
32.4661765687543
 10
-7.6142411070251
 20
32.4669882337187
 10
-7.61434748881106
 20
32.4669894048126
 10
-7.61434610744422
 20
32.4670795898059
 10
-7.61445248934231
 20
32.467080760814
 10
-7.61445387060318
 20
32.4669905758166
 10
-7.61466663420594
 20
32.4669929175551
 10
-7.61466939628528
 20
32.46681254754
 10
-7.61477577788398
 20
32.4668137182664
 10
-7.61477853972671
 20
32.4666333482379
 10
-7.61488492111964
 20
32.4666345188663
 10
-7.61488768272576
 20
32.4664541488243
 10
-7.61499406391292
 20
32.4664553193548
 10
-7.61499820595794
 20
32.4661847642696
 10
-7.61510458683336
 20
32.4661859346981
 10
-7.61510734795394
 20
32.4660055646264
 10
-7.61521372862361
 20
32.466006734957
 10
-7.61521648950758
 20
32.4658263648719
 10
-7.61532286997149
 20
32.4658275351045
 10
-7.61532425029826
 20
32.4657373500559
 10
-7.61543063066237
 20
32.4657385201946
 10
-7.61543339108549
 20
32.4655581500852
 10
-7.61564615140835
 20
32.465560490077
 10
-7.61564339140908
 20
32.4657408602025
 10
-7.61553701103264
 20
32.4657396902435
 10
-7.61553011039675
 20
32.4661906155136
 10
-7.61542372949666
 20
32.4661894454445
 10
-7.61541958872324
 20
32.4664600005783
 10
-7.61531320751141
 20
32.4664588304072
 10
-7.61529526214103
 20
32.4676312357943
 10
-7.61518887955776
 20
32.4676300654808
 10
-7.61518473785251
 20
32.4679006205257
 10
-7.61507835495748
 20
32.4678994501102
 10
-7.61507283217358
 20
32.468260190135
 10
-7.61496644886081
 20
32.4682590196135
 10
-7.61496506804344
 20
32.4683492046123
 10
-7.61485868463086
 20
32.4683480339968
 10
-7.61485316087578
 20
32.4687087739624
 10
-7.61464039322131
 20
32.4687064324295
 10
-7.61463763088284
 20
32.468886802388
 10
-7.61389294280288
 20
32.468878604136
 10
-7.61389570662506
 20
32.4686982342341
 10
-7.61378932285029
 20
32.4686970627039
 10
-7.61379208685974
 20
32.4685166928048
 10
-7.61368570330309
 20
32.4685155211928
 10
-7.61368984958889
 20
32.4682449663461
 10
-7.61347708312999
 20
32.468242622877
 10
-7.61347570082894
 20
32.4683328078191
 10
-7.61336931750277
 20
32.4683316359457
 10
-7.6133665526702
 20
32.4685120058178
 10
-7.61326016913826
 20
32.4685108338464
 10
-7.6132546389751
 20
32.4688715735583
 10
-7.61336102293096
 20
32.4688727455459
 10
-7.61335687556167
 20
32.4691433003278
 10
-7.61346325984165
 20
32.4691444722377
 10
-7.61346049510988
 20
32.4693248420937
 10
-7.61356687960799
 20
32.4693260139218
 10
-7.61356411506348
 20
32.4695063837805
 10
-7.61367049977974
 20
32.4695075555269
 10
-7.6136691176042
 20
32.4695977404582
 10
-7.61377550243262
 20
32.4695989121188
 10
-7.61376997409267
 20
32.4699596518471
 10
-7.6138763593512
 20
32.469960823434
 10
-7.61387359535615
 20
32.4701411932981
 10
-7.61366082442134
 20
32.4701388500183
 10
-7.61366358884033
 20
32.4699584801703
 10
-7.61355720359415
 20
32.4699573084037
 10
-7.61355443896319
 20
32.4701376782436
 10
-7.61344805351122
 20
32.470136506379
 10
-7.6134466710805
 20
32.4702266912928
 10
-7.61334028552871
 20
32.4702255193344
 10
-7.61333752043676
 20
32.4704058891499
 10
-7.61323113467918
 20
32.4704047170935
 10
-7.61322836935054
 20
32.4705850868956
 10
-7.61312198338716
 20
32.4705839147412
 10
-7.61312889719237
 20
32.4701329902461
 10
-7.6130225117651
 20
32.4701318180221
 10
-7.61302527745592
 20
32.4699514482227
 10
-7.61281250704386
 20
32.4699491035213
 10
-7.61280974092911
 20
32.4701294733045
 10
-7.61270335552038
 20
32.4701283008108
 10
-7.61270197234774
 20
32.4702184856963
 10
-7.61248920133685
 20
32.4702161404314
 10
-7.61248366773663
 20
32.4705768799276
 10
-7.6123772818165
 20
32.4705757071441
 10
-7.61237036414723
 20
32.4710266314637
 10
-7.61226397770333
 20
32.4710254585701
 10
-7.6122584430327
 20
32.4713861979853
 10
-7.61215205617102
 20
32.4713850249857
 10
-7.61215067238192
 20
32.471475209832
 10
-7.61204428542042
 20
32.4714740367385
 10
-7.61203874977822
 20
32.4718347760943
 10
-7.61193236239893
 20
32.4718336028947
 10
-7.61192544217709
 20
32.4722845270389
 10
-7.61181905427401
 20
32.4722833537291
 10
-7.61180936496176
 20
32.4729146474461
 10
-7.61159658769016
 20
32.4729123005001
 10
-7.61159381883558
 20
32.4730926701052
 10
-7.61138104116472
 20
32.4730903227835
 10
-7.61137827186139
 20
32.473270692367
 10
-7.61105910476548
 20
32.473267170686
 10
-7.61105771978653
 20
32.4733573554636
 10
-7.61095133066093
 20
32.4733561813861
 10
-7.61094856047246
 20
32.4735365509291
 10
-7.61084217114104
 20
32.4735353767537
 10
-7.61083524503157
 20
32.4739863005672
 10
-7.61072885517632
 20
32.4739851262816
 10
-7.61072331375333
 20
32.4743458652919
 10
-7.61061692348023
 20
32.4743446909002
 10
-7.61061415251959
 20
32.4745250603892
 10
-7.61050776204067
 20
32.4745238858995
 10
-7.61050637644506
 20
32.4746140706379
 10
-7.61018720472741
 20
32.4746105466174
 10
-7.61018443288155
 20
32.4747909160658
 10
-7.60986526058357
 20
32.474787391212
 10
-7.60986248807689
 20
32.4749677606306
 10
-7.60964970615182
 20
32.4749654102625
 10
-7.60964693319632
 20
32.4751457796595
 10
-7.60954054203105
 20
32.4751446043325
 10
-7.609539155438
 20
32.4752347890249
 10
-7.60943276417292
 20
32.475233613604
 10
-7.60942721731472
 20
32.475594352344
 10
-7.60932082563177
 20
32.4755931768169
 10
-7.60931805195348
 20
32.4757735461707
 10
-7.6092116600647
 20
32.4757723705457
 10
-7.60920749918275
 20
32.4760429245541
 10
-7.60910110698212
 20
32.4760417488269
 10
-7.60909417152485
 20
32.4764926721271
 10
-7.60898777880034
 20
32.4764914962897
 10
-7.60897806815778
 20
32.477122788825
 10
-7.60908446162444
 20
32.4771239646908
 10
-7.60907613861099
 20
32.47766507255
 10
-7.60918253271999
 20
32.4776662483503
 10
-7.60918114563542
 20
32.4777564329928
 10
-7.60928753985664
 20
32.4777576087073
 10
-7.6092819918805
 20
32.4781183472803
 10
-7.60917559723518
 20
32.4781171715495
 10
-7.60917282299788
 20
32.4782975408198
 10
-7.6089600333017
 20
32.4782951890724
 10
-7.60896280796311
 20
32.4781148198184
 10
-7.60821804570612
 20
32.478106585928
 10
-7.60821526956032
 20
32.4782869551251
 10
-7.60810887476492
 20
32.4782857784873
 10
-7.60810748657669
 20
32.4783759630798
 10
-7.60789469679245
 20
32.4783736095265
 10
-7.60789191997327
 20
32.4785539786912
 10
-7.60778552487839
 20
32.4785528017715
 10
-7.60778274782234
 20
32.4787331709227
 10
-7.60767635252161
 20
32.478731993905
 10
-7.60767357522869
 20
32.4789123630426
 10
-7.6075671797221
 20
32.4789111859269
 10
-7.6075657909603
 20
32.4790013704897
 10
-7.60745939535388
 20
32.47900019328
 10
-7.60745661759962
 20
32.4791805623933
 10
-7.60735022178733
 20
32.4791793850856
 10
-7.60734466578022
 20
32.4795401232797
 10
-7.60723826955001
 20
32.4795389458659
 10
-7.60722854555642
 20
32.4801702376251
 10
-7.60733494252888
 20
32.4801714150674
 10
-7.60733355346816
 20
32.4802615996032
 10
-7.60658877404897
 20
32.4802533555907
 10
-7.60658599442437
 20
32.4804337246012
 10
-7.60647959717724
 20
32.4804325465174
 10
-7.60647264747688
 20
32.4808834689995
 10
-7.60657904525421
 20
32.4808846471037
 10
-7.60657348580633
 20
32.4812453850814
 10
-7.60667988401404
 20
32.4812465631119
 10
-7.60667710446494
 20
32.4814269321009
 10
-7.60593231565676
 20
32.4814186839423
 10
-7.60593092513058
 20
32.4815088684063
 10
-7.6056117297021
 20
32.4815053321205
 10
-7.60560894799485
 20
32.4816857010199
 10
-7.60550254931903
 20
32.48168452207
 10
-7.60549976737483
 20
32.4818648909559
 10
-7.60528696961764
 20
32.4818625327701
 10
-7.6052841872244
 20
32.4820429016343
 10
-7.60517778814303
 20
32.4820417223984
 10
-7.60517639683104
 20
32.4821319068244
 10
-7.60506999764984
 20
32.4821307274946
 10
-7.60506721479513
 20
32.4823110963344
 10
-7.60496081540805
 20
32.4823099169065
 10
-7.60495803231637
 20
32.4824902857327
 10
-7.60485163272341
 20
32.4824891062067
 10
-7.60484884939476
 20
32.4826694750195
 10
-7.60474244959592
 20
32.4826682953955
 10
-7.60474105781622
 20
32.4827584797957
 10
-7.60452825802508
 20
32.4827561202698
 10
-7.60452547402283
 20
32.48293648905
 10
-7.60441907392448
 20
32.4829353091441
 10
-7.60441350542116
 20
32.483296046672
 10
-7.60430710490482
 20
32.4832948666598
 10
-7.60430571265739
 20
32.4833850510343
 10
-7.60462491454322
 20
32.4833885908133
 10
-7.60462213066603
 20
32.4835689595828
 10
-7.60451572981909
 20
32.4835677797382
 10
-7.60451294570491
 20
32.4837481484942
 10
-7.60419374256507
 20
32.4837446083965
 10
-7.60419095778969
 20
32.4839249771226
 10
-7.60397815530333
 20
32.4839226165916
 10
-7.6039767626942
 20
32.4840128009445
 10
-7.60312555214919
 20
32.4840033551916
 10
-7.60312276521533
 20
32.484183723828
 10
-7.60290996221708
 20
32.4841813614744
 10
-7.60290717483409
 20
32.4843617300891
 10
-7.60280077313219
 20
32.4843605487692
 10
-7.60279798551217
 20
32.4845409173704
 10
-7.60269158360438
 20
32.4845397359525
 10
-7.60269018967897
 20
32.484629920247
 10
-7.60258378767134
 20
32.484628738735
 10
-7.60258099958973
 20
32.4848091073118
 10
-7.6024745973762
 20
32.4848079257018
 10
-7.602469020714
 20
32.4851686628228
 10
-7.60236261808246
 20
32.4851674811065
 10
-7.60236122379528
 20
32.4852576653793
 10
-7.6022548210639
 20
32.4852564835691
 10
-7.60225203225872
 20
32.4854368521025
 10
-7.60203922639039
 20
32.485434488196
 10
-7.60203643713603
 20
32.4856148567076
 10
-7.60193003399909
 20
32.4856136746113
 10
-7.60192724450768
 20
32.4857940431094
 10
-7.60171443782821
 20
32.4857916786307
 10
-7.60171304286103
 20
32.4858818628696
 10
-7.60150023599435
 20
32.4858794980231
 10
-7.60149744561703
 20
32.4860598664804
 10
-7.6013910419809
 20
32.4860586839141
 10
-7.60138546072719
 20
32.4864194207963
 10
-7.60117265262509
 20
32.4864170553613
 10
-7.60117125708394
 20
32.4865072395702
 10
-7.60085204465933
 20
32.4865036907311
 10
-7.60084925292191
 20
32.4866840591205
 10
-7.60074284858071
 20
32.4866828759861
 10
-7.60073726460676
 20
32.4870436127324
 10
-7.60052445509448
 20
32.4870412461612
 10
-7.60052305887325
 20
32.4871314303362
 10
-7.60031024917377
 20
32.4871290633971
 10
-7.60030745628832
 20
32.4873094317268
 10
-7.60020105123579
 20
32.4873082481142
 10
-7.60019825811324
 20
32.4874886164303
 10
-7.6000918528548
 20
32.4874874327195
 10
-7.60008905949515
 20
32.4876678010221
 10
-7.5999826540308
 20
32.4876666172133
 10
-7.59998125723554
 20
32.4877568013584
 10
-7.59987485167135
 20
32.4877556174556
 10
-7.59987205784995
 20
32.4879359857337
 10
-7.59976565207985
 20
32.4879348017328
 10
-7.59976006393787
 20
32.4882955382564
 10
-7.59954725156776
 20
32.4882931699521
 10
-7.59954585430451
 20
32.4883833540714
 10
-7.59943944802274
 20
32.4883821697803
 10
-7.59943665326534
 20
32.4885625380068
 10
-7.59933024677766
 20
32.4885613536175
 10
-7.59932745178313
 20
32.4887417218304
 10
-7.59922104508952
 20
32.4887405373431
 10
-7.59921964747682
 20
32.4888307214434
 10
-7.59911324068337
 20
32.488829536862
 10
-7.59911044522707
 20
32.4890099050505
 10
-7.59900403822769
 20
32.489008720371
 10
-7.59900124253425
 20
32.4891890885459
 10
-7.59889483532896
 20
32.4891879037683
 10
-7.59889203939837
 20
32.4893682719296
 10
-7.59878563198715
 20
32.4893670870539
 10
-7.59878423390641
 20
32.4894572711284
 10
-7.59857141889054
 20
32.489454901099
 10
-7.59856862228597
 20
32.4896352692277
 10
-7.59846221457524
 20
32.4896340840699
 10
-7.59845941773351
 20
32.4898144521849
 10
-7.59835300981685
 20
32.4898132669291
 10
-7.59835021273796
 20
32.4899936350306
 10
-7.59824380461538
 20
32.4899924496765
 10
-7.59824240596047
 20
32.4900826337212
 10
-7.59813599773805
 20
32.4900814482731
 10
-7.59813320019732
 20
32.4902618163501
 10
-7.59792038334685
 20
32.4902594451679
 10
-7.59791758535678
 20
32.4904398132232
 10
-7.59781117672874
 20
32.490438627489
 10
-7.59780837850149
 20
32.4906189955306
 10
-7.5975955608398
 20
32.490616623776
 10
-7.59759416150462
 20
32.4907068077867
 10
-7.59748775257705
 20
32.4907056217704
 10
-7.59748495367575
 20
32.4908859897794
 10
-7.59737854454226
 20
32.4908848036649
 10
-7.59737574540377
 20
32.4910651716603
 10
-7.59716292673117
 20
32.4910627991453
 10
-7.5971601271433
 20
32.491243167119
 10
-7.59705371760419
 20
32.4912419807184
 10
-7.5970495178572
 20
32.4915125326564
 10
-7.59694310800606
 20
32.4915113461535
 10
-7.59694030793128
 20
32.4916917140973
 10
-7.5968338978742
 20
32.4916905274963
 10
-7.59682969739683
 20
32.4919610793895
 10
-7.59672328702772
 20
32.4919598926863
 10
-7.596720486466
 20
32.4921402606002
 10
-7.59661407589095
 20
32.4921390737989
 10
-7.59661127509202
 20
32.4923194416991
 10
-7.59650486431102
 20
32.4923182547997
 10
-7.59650206327487
 20
32.4924986226863
 10
-7.59628924130723
 20
32.4924962486012
 10
-7.59628784056757
 20
32.4925864325343
 10
-7.59618142948703
 20
32.4925852453527
 10
-7.59617862777674
 20
32.4927656132067
 10
-7.59607221649026
 20
32.492764425927
 10
-7.59606941454273
 20
32.4929447937674
 10
-7.59596300305031
 20
32.4929436063895
 10
-7.59596020086554
 20
32.4931239742163
 10
-7.59574737747505
 20
32.4931215991744
 10
-7.59574597616107
 20
32.4932117830775
 10
-7.59563956436911
 20
32.4932105954176
 10
-7.59563676151017
 20
32.4933909632116
 10
-7.59542393752061
 20
32.4933885876054
 10
-7.5954211342122
 20
32.4935689553777
 10
-7.5953147220146
 20
32.4935677674315
 10
-7.59531191846894
 20
32.4937481351902
 10
-7.59520550606539
 20
32.4937469471458
 10
-7.59520410417706
 20
32.493837131019
 10
-7.59509769167366
 20
32.4938359428806
 10
-7.595094887666
 20
32.4940163106148
 10
-7.59498847495665
 20
32.4940151223782
 10
-7.59498567071172
 20
32.4941954900988
 10
-7.59487925779642
 20
32.4941943017641
 10
-7.59487645331421
 20
32.494374669471
 10
-7.59477004019295
 20
32.4943734810382
 10
-7.59476863783635
 20
32.4944636648855
 10
-7.59466222461524
 20
32.4944624763586
 10
-7.59465941967102
 20
32.4946428440411
 10
-7.59444659282315
 20
32.494640466701
 10
-7.59444378742942
 20
32.4948208343616
 10
-7.59401813295999
 20
32.4948160785693
 10
-7.59401392354904
 20
32.4950866300008
 10
-7.59390750962902
 20
32.4950854408156
 10
-7.59390470311149
 20
32.4952658084216
 10
-7.59369187486578
 20
32.4952634297648
 10
-7.59368906789871
 20
32.495443797349
 10
-7.59347623925362
 20
32.495441418316
 10
-7.59347202811931
 20
32.4957119696576
 10
-7.59336561348782
 20
32.4957107799938
 10
-7.59336280582136
 20
32.49589114754
 10
-7.59325639098391
 20
32.495889957778
 10
-7.59325358308013
 20
32.4960703253105
 10
-7.59314716803671
 20
32.4960691354504
 10
-7.59314435989561
 20
32.4962495029693
 10
-7.59303794464622
 20
32.496248313011
 10
-7.59303654046015
 20
32.4963384967643
 10
-7.59282370976795
 20
32.4963361165697
 10
-7.5928209009525
 20
32.4965164840558
 10
-7.59271448540357
 20
32.4965152938154
 10
-7.59271167635078
 20
32.4966956612879
 10
-7.59249884484725
 20
32.4966932805207
 10
-7.59249603534488
 20
32.4968736479713
 10
-7.59238961939028
 20
32.4968724574446
 10
-7.5923924291049
 20
32.4966920900021
 10
-7.59217959763902
 20
32.4966897086952
 10
-7.59217678749992
 20
32.4968700761212
 10
-7.59196395563465
 20
32.496867694438
 10
-7.59195973974219
 20
32.4971382455422
 10
-7.5918533235006
 20
32.4971370545534
 10
-7.59184629635699
 20
32.4975879730128
 10
-7.59173987959105
 20
32.4975867819134
 10
-7.59173144617479
 20
32.4981278839956
 10
-7.59183786357749
 20
32.4981290751196
 10
-7.59183645809227
 20
32.4982192587994
 10
-7.59173004058344
 20
32.4982180676712
 10
-7.5917272293819
 20
32.4983984350184
 10
-7.59162081166708
 20
32.4983972437921
 10
-7.59160815999419
 20
32.4992088967508
 10
-7.5917145786642
 20
32.4992100880142
 10
-7.59171176732454
 20
32.4993904553318
 10
-7.5918181862131
 20
32.4993916465134
 10
-7.59181678063999
 20
32.4994818301743
 10
-7.59202961864821
 20
32.499484212276
 10
-7.5920268079077
 20
32.4996645796102
 10
-7.59223964636558
 20
32.4996669613685
 10
-7.59223683602451
 20
32.4998473287137
 10
-7.59255609439524
 20
32.4998509007011
 10
-7.59255328466589
 20
32.5000312680656
 10
-7.59276612403564
 20
32.5000336489572
 10
-7.59276471937384
 20
32.5001238326457
 10
-7.59382891766034
 20
32.500135731747
 10
-7.59382611044072
 20
32.5003160992021
 10
-7.59393253051615
 20
32.5003172886257
 10
-7.59392972348373
 20
32.5004976560835
 10
-7.59403614377771
 20
32.5004988454254
 10
-7.5940333369325
 20
32.5006792128861
 10
-7.59413975744503
 20
32.5006804021461
 10
-7.59413835411917
 20
32.5007705858786
 10
-7.59435119537531
 20
32.500772964137
 10
-7.59434838912936
 20
32.5009533316143
 10
-7.59445480997912
 20
32.5009545206168
 10
-7.59445200392039
 20
32.5011348880969
 10
-7.5946648460633
 20
32.5011372658484
 10
-7.59466204040408
 20
32.5013176333395
 10
-7.59551341092464
 20
32.5013271408126
 10
-7.59551621488551
 20
32.5011467732558
 10
-7.5957290571537
 20
32.501149149208
 10
-7.59573186066494
 20
32.5009687816294
 10
-7.59583828159613
 20
32.5009699694623
 10
-7.59584108487005
 20
32.5007896018701
 10
-7.59605392632664
 20
32.5007919772497
 10
-7.59605532774191
 20
32.5007017934434
 10
-7.59616174837345
 20
32.5007029809941
 10
-7.59616455097294
 20
32.5005226133692
 10
-7.59627097139845
 20
32.5005238008218
 10
-7.59627377376062
 20
32.5003434331832
 10
-7.59648661420586
 20
32.5003458078021
 10
-7.59648941611843
 20
32.5001654401418
 10
-7.59680867619636
 20
32.5001690013707
 10
-7.59681007682483
 20
32.5000788175262
 10
-7.59712933664065
 20
32.5000823779332
 10
-7.59713213724199
 20
32.4999020102156
 10
-7.59734497672591
 20
32.499904383354
 10
-7.59734777687768
 20
32.4997240156146
 10
-7.59766703551364
 20
32.499727574623
 10
-7.59766983500356
 20
32.4995472068536
 10
-7.5978826737009
 20
32.4995495790596
 10
-7.59788407322421
 20
32.4994593951647
 10
-7.59820333099869
 20
32.4994629527868
 10
-7.59820612938974
 20
32.4992825849683
 10
-7.59852538658364
 20
32.4992861417562
 10
-7.59852818431287
 20
32.4991057739078
 10
-7.59906027869965
 20
32.4991117000473
 10
-7.59906307534253
 20
32.4989313321526
 10
-7.5994887501153
 20
32.4989360714122
 10
-7.5994859543215
 20
32.4991164393397
 10
-7.59980521110345
 20
32.4991199928644
 10
-7.59980241592149
 20
32.499300360811
 10
-7.60001525423189
 20
32.4993027293941
 10
-7.60001245944951
 20
32.4994830973516
 10
-7.60139591183503
 20
32.4994984844765
 10
-7.60139451581427
 20
32.4995886685064
 10
-7.60171377452519
 20
32.4995922172345
 10
-7.60171098310181
 20
32.4997725853149
 10
-7.60192382269815
 20
32.4997749507002
 10
-7.6019210316744
 20
32.4999553187914
 10
-7.60213387172024
 20
32.4999576838332
 10
-7.60213108109612
 20
32.5001380519355
 10
-7.60234392159144
 20
32.5001404166337
 10
-7.60234252648232
 20
32.500230600691
 10
-7.60255536721486
 20
32.5002329650376
 10
-7.60255257740248
 20
32.5004133331644
 10
-7.60319110102333
 20
32.500420424094
 10
-7.60318831245976
 20
32.5006007922644
 10
-7.60329473329732
 20
32.5006019737793
 10
-7.60329194492113
 20
32.5007823419524
 10
-7.60297268179026
 20
32.5007787971134
 10
-7.60297128727439
 20
32.5008689811857
 10
-7.60265202388114
 20
32.5008654355247
 10
-7.60264923419383
 20
32.5010458036408
 10
-7.60254281286291
 20
32.5010446215658
 10
-7.60254002293839
 20
32.5012249896683
 10
-7.60232717987066
 20
32.5012226252319
 10
-7.60232438949662
 20
32.5014029933127
 10
-7.60221796775981
 20
32.5014018109514
 10
-7.6022109911849
 20
32.5018527311094
 10
-7.60210456892357
 20
32.5018515486377
 10
-7.6020975916621
 20
32.5023024687416
 10
-7.60199116887624
 20
32.5023012861595
 10
-7.60195906902474
 20
32.5043755181097
 10
-7.60206549425224
 20
32.5043767007858
 10
-7.60206130739046
 20
32.5046472527389
 10
-7.60216773294269
 20
32.5046484353373
 10
-7.60216494188266
 20
32.5048288033075
 10
-7.60301634822351
 20
32.5048382609204
 10
-7.60301355883722
 20
32.5050186289505
 10
-7.6032264109094
 20
32.5050209924703
 10
-7.60322362192287
 20
32.5052013605113
 10
-7.60333004818064
 20
32.5052025421444
 10
-7.60332865378421
 20
32.505292726167
 10
-7.60364793291339
 20
32.5052962705386
 10
-7.60364514473885
 20
32.5054766386042
 10
-7.60385799794745
 20
32.505479001085
 10
-7.60385521017268
 20
32.5056593691616
 10
-7.60428091751396
 20
32.5056640930759
 10
-7.60428370443936
 20
32.5054837249667
 10
-7.6043901310779
 20
32.5054849057122
 10
-7.60439291776607
 20
32.5053045375894
 10
-7.60449934419849
 20
32.5053057182368
 10
-7.60451327620427
 20
32.5044038775013
 10
-7.60483255235386
 20
32.5044074187811
 10
-7.60482976663948
 20
32.5045877869634
 10
-7.60504261786164
 20
32.5045901473831
 10
-7.60503843988041
 20
32.5048606996709
 10
-7.60514486581932
 20
32.504861879758
 10
-7.60513929551526
 20
32.5052226161393
 10
-7.60524572188506
 20
32.5052237961527
 10
-7.60524154441022
 20
32.5054943484367
 10
-7.60534797110475
 20
32.5054955283723
 10
-7.60534518630276
 20
32.5056758965631
 10
-7.60555804013517
 20
32.5056782561807
 10
-7.60555525573299
 20
32.5058586243824
 10
-7.60576811001496
 20
32.5058609836564
 10
-7.60577089399245
 20
32.5056806154384
 10
-7.606090174825
 20
32.5056841536501
 10
-7.60608739148454
 20
32.5058645218925
 10
-7.60630024582868
 20
32.5058668802666
 10
-7.60629885436147
 20
32.505957064394
 10
-7.60640528164904
 20
32.5059582434501
 10
-7.60639275912007
 20
32.5067699005721
 10
-7.60649918736943
 20
32.5067710795749
 10
-7.60649640472921
 20
32.5069514478176
 10
-7.60660283319713
 20
32.5069526267386
 10
-7.60660005074441
 20
32.507132994984
 10
-7.60670647943091
 20
32.5071341738231
 10
-7.60670508830141
 20
32.5072243579479
 10
-7.6068115171003
 20
32.5072255367011
 10
-7.60680873503501
 20
32.5074059049547
 10
-7.60702159307615
 20
32.5074082622075
 10
-7.60701881141074
 20
32.507588630472
 10
-7.607125240653
 20
32.5075898089716
 10
-7.6071127238068
 20
32.5084014661317
 10
-7.60721915401092
 20
32.5084026445779
 10
-7.60721776332536
 20
32.5084928287041
 10
-7.6074306239646
 20
32.5084951853347
 10
-7.60742784299959
 20
32.5086755535994
 10
-7.60764070408843
 20
32.5086779098862
 10
-7.60763792352333
 20
32.5088582781618
 10
-7.60774435428944
 20
32.5088594561784
 10
-7.60774018371378
 20
32.5091300085939
 10
-7.60784661480467
 20
32.5091311865327
 10
-7.60784105437496
 20
32.5094919230841
 10
-7.60794748589682
 20
32.5094931009491
 10
-7.6079447058571
 20
32.5096734692249
 10
-7.60805113759755
 20
32.5096746470081
 10
-7.60804974767457
 20
32.509764831148
 10
-7.60815617952743
 20
32.5097660088453
 10
-7.60815339987523
 20
32.5099463771292
 10
-7.60825983194668
 20
32.5099475547446
 10
-7.60825427299258
 20
32.5103082913126
 10
-7.60836070549501
 20
32.5103094688543
 10
-7.60832735223355
 20
32.5124738879069
 10
-7.60822091718226
 20
32.5124727102677
 10
-7.60821813737
 20
32.5126530784789
 10
-7.60811170211251
 20
32.5126519007415
 10
-7.608108922063
 20
32.5128322689392
 10
-7.60800248659929
 20
32.5128310911036
 10
-7.60800109645901
 20
32.5129212751964
 10
-7.60778822533782
 20
32.5129189192471
 10
-7.60778544461379
 20
32.5130992874123
 10
-7.60767900885009
 20
32.5130981092945
 10
-7.6076762278888
 20
32.5132784774461
 10
-7.60746335595517
 20
32.5132761209243
 10
-7.60745918382939
 20
32.5135466731172
 10
-7.60735274755326
 20
32.5135454947091
 10
-7.60734718420706
 20
32.5139062309313
 10
-7.60745362090805
 20
32.5139074093557
 10
-7.60744666711662
 20
32.5143583296234
 10
-7.6075531043549
 20
32.5143595079782
 10
-7.60754754163482
 20
32.5147202441844
 10
-7.60765397930419
 20
32.5147214224655
 10
-7.60765258871486
 20
32.5148116065177
 10
-7.60775902649666
 20
32.5148127847128
 10
-7.60775624551181
 20
32.5149931528214
 10
-7.60786268351226
 20
32.5149943309346
 10
-7.60785712189292
 20
32.515355067152
 10
-7.60796356032447
 20
32.5153562451914
 10
-7.60796217001033
 20
32.5154464292464
 10
-7.60806860855431
 20
32.5154476072
 10
-7.60806582811986
 20
32.5156279753141
 10
-7.60817226688249
 20
32.5156291531858
 10
-7.60816531621882
 20
32.5160800734679
 10
-7.60827175551879
 20
32.5160812512698
 10
-7.60826897542232
 20
32.5162616193814
 10
-7.60837541494095
 20
32.5162627971015
 10
-7.6083726350321
 20
32.5164431652158
 10
-7.6084790747694
 20
32.516444342854
 10
-7.60847629504817
 20
32.516624710971
 10
-7.60964713490512
 20
32.5166376591392
 10
-7.60964991228931
 20
32.5164572909327
 10
-7.60975635210107
 20
32.5164584674907
 10
-7.6097619063701
 20
32.5160977310453
 10
-7.60965546698325
 20
32.5160965545036
 10
-7.60968185042431
 20
32.514383056171
 10
-7.60978828779293
 20
32.5143842326355
 10
-7.6097924530761
 20
32.5141136802106
 10
-7.60989889013227
 20
32.5141148565728
 10
-7.60990166674428
 20
32.5139344882747
 10
-7.61011454045036
 20
32.513936840713
 10
-7.6101173166127
 20
32.5137564723932
 10
-7.61043662658102
 20
32.5137600003512
 10
-7.61044356528518
 20
32.5133090794671
 10
-7.61033712915395
 20
32.5133079035914
 10
-7.61034406823421
 20
32.512856982694
 10
-7.61023763264023
 20
32.5128558067487
 10
-7.61025012355007
 20
32.512044149085
 10
-7.61035655818818
 20
32.5120453249938
 10
-7.61036349683456
 20
32.5115944040021
 10
-7.61025706272747
 20
32.5115932281136
 10
-7.6102653895358
 20
32.5110521229034
 10
-7.61037182300567
 20
32.5110532987675
 10
-7.61037598600756
 20
32.5107827461321
 10
-7.61048241916503
 20
32.5107839218941
 10
-7.61048796932264
 20
32.5104231850117
 10
-7.61059440206152
 20
32.5104243606674
 10
-7.61059856429607
 20
32.5101538079793
 10
-7.61070499672256
 20
32.5101549835328
 10
-7.61071054585709
 20
32.5097942465802
 10
-7.61092340987909
 20
32.5097965973849
 10
-7.61090815185689
 20
32.510788624042
 10
-7.61101458504535
 20
32.5107897993539
 10
-7.61101042395506
 20
32.5110603520625
 10
-7.61111685746832
 20
32.5110615272966
 10
-7.61111130968601
 20
32.5114222642387
 10
-7.61121774363026
 20
32.5114234393991
 10
-7.6112135830471
 20
32.5116939921037
 10
-7.61132001731616
 20
32.5116951671862
 10
-7.61131724377549
 20
32.5118755356573
 10
-7.61174298176329
 20
32.5118802351199
 10
-7.61174575445432
 20
32.5116998666164
 10
-7.61185218875434
 20
32.5117010412489
 10
-7.61185357498437
 20
32.511610856991
 10
-7.61196000918438
 20
32.5116120315295
 10
-7.61196555361775
 20
32.5112512944683
 10
-7.61207198739914
 20
32.5112524689006
 10
-7.61207475936628
 20
32.5110721003538
 10
-7.61218119294145
 20
32.5110732746879
 10
-7.61218257880954
 20
32.5109830904084
 10
-7.6122890122847
 20
32.5109842646485
 10
-7.61227792601634
 20
32.5117057388789
 10
-7.61238436034732
 20
32.5117069130614
 10
-7.61237881748941
 20
32.5120676501605
 10
-7.61248525225139
 20
32.5120688242692
 10
-7.6124810953616
 20
32.5123393770916
 10
-7.61269396554138
 20
32.5123417250633
 10
-7.6126911946754
 20
32.512522093621
 10
-7.61322337129521
 20
32.5125279620158
 10
-7.6132178316132
 20
32.5128886991961
 10
-7.61353713893384
 20
32.5128922192015
 10
-7.61353575431651
 20
32.5129824035054
 10
-7.61364219020863
 20
32.5129835766645
 10
-7.61363388301203
 20
32.5135246824838
 10
-7.61374031954762
 20
32.5135258555772
 10
-7.61373893509943
 20
32.5136160398798
 10
-7.61384537174741
 20
32.5136172128873
 10
-7.6138426030449
 20
32.5137975814964
 10
-7.6139490399115
 20
32.513798754422
 10
-7.61394627139669
 20
32.5139791230339
 10
-7.61447845688457
 20
32.5139849863521
 10
-7.61448122433722
 20
32.5138046176997
 10
-7.61469409815077
 20
32.5138069623808
 10
-7.61469686515384
 20
32.5136265937068
 10
-7.61490973856724
 20
32.5136289380116
 10
-7.61491112184708
 20
32.5135387536645
 10
-7.61501755845684
 20
32.5135399256778
 10
-7.61502032478554
 20
32.5133595569715
 10
-7.61512676118905
 20
32.5133607288867
 10
-7.61513229334748
 20
32.5129999914418
 10
-7.61523872933232
 20
32.5130011632508
 10
-7.61524011225027
 20
32.5129109788821
 10
-7.61534654813507
 20
32.5129121505971
 10
-7.61535207932027
 20
32.5125514130928
 10
-7.6154585147864
 20
32.5125525847016
 10
-7.61546128012953
 20
32.5123722159332
 10
-7.61556771538942
 20
32.5123733874439
 10
-7.61556909794551
 20
32.5122832030537
 10
-7.61567553310537
 20
32.5122843744703
 10
-7.61567829798662
 20
32.5121040056777
 10
-7.61578473294023
 20
32.5121051769962
 10
-7.61578749758437
 20
32.5119248081901
 10
-7.61589393233174
 20
32.5119259794106
 10
-7.61589669673877
 20
32.511745610591
 10
-7.61600313127991
 20
32.5117467817133
 10
-7.61600727752553
 20
32.5114762284618
 10
-7.61611371175423
 20
32.511477399482
 10
-7.61611647567471
 20
32.5112970306328
 10
-7.61622290969717
 20
32.5112982015549
 10
-7.61622567338055
 20
32.5111178326922
 10
-7.61633210719679
 20
32.5111190035162
 10
-7.61633348892302
 20
32.5110288190788
 10
-7.61643992263922
 20
32.5110299898087
 10
-7.61644821222981
 20
32.5104888831318
 10
-7.61655464531498
 20
32.5104900537475
 10
-7.61655878970837
 20
32.5102195003787
 10
-7.61645235694179
 20
32.5102183297752
 10
-7.61645512005227
 20
32.510037960864
 10
-7.61634868750425
 20
32.5100367901785
 10
-7.61635145080243
 20
32.5098564212701
 10
-7.61624501847298
 20
32.5098552505027
 10
-7.61624640021901
 20
32.5097650660505
 10
-7.61613996800193
 20
32.5097638951971
 10
-7.61614273168786
 20
32.5095835262968
 10
-7.61592986769699
 20
32.5095811843362
 10
-7.61593263178301
 20
32.5094008154467
 10
-7.61582620000922
 20
32.5093996443395
 10
-7.61582896428293
 20
32.5092192754526
 10
-7.6157225327277
 20
32.5092181042636
 10
-7.61572391496148
 20
32.5091279198221
 10
-7.61561748351862
 20
32.5091267485471
 10
-7.61562024818005
 20
32.5089463796683
 10
-7.61551381695574
 20
32.5089452083114
 10
-7.61551658180486
 20
32.5087648394353
 10
-7.6154101507991
 20
32.5087636679965
 10
-7.6154129158359
 20
32.5085832991231
 10
-7.6153064850487
 20
32.5085821276024
 10
-7.61530786766402
 20
32.5084919431677
 10
-7.61520143698919
 20
32.508490771561
 10
-7.61520420241368
 20
32.5083104026958
 10
-7.6150977719574
 20
32.5083092310072
 10
-7.61510053756957
 20
32.5081288621446
 10
-7.61499410733183
 20
32.5081276903742
 10
-7.61499687313166
 20
32.5079473215143
 10
-7.61489044311247
 20
32.5079461496619
 10
-7.61489735803489
 20
32.5074952275089
 10
-7.61500378752316
 20
32.5074963993411
 10
-7.61501346741184
 20
32.506865108242
 10
-7.61511989616302
 20
32.5068662799558
 10
-7.61512404427555
 20
32.5065957265953
 10
-7.61523047271437
 20
32.506596898207
 10
-7.61523600301992
 20
32.5062361603579
 10
-7.61534243104021
 20
32.5062373318634
 10
-7.615346578386
 20
32.5059667784503
 10
-7.61545300609393
 20
32.5059679498537
 10
-7.61546129998176
 20
32.5054268429669
 10
-7.61556772705883
 20
32.505428014256
 10
-7.61556910924568
 20
32.5053378297661
 10
-7.61567553622275
 20
32.5053390009612
 10
-7.61568106448376
 20
32.504978262972
 10
-7.61578749104232
 20
32.5049794340609
 10
-7.61579440069885
 20
32.5045285115238
 10
-7.61590082673274
 20
32.5045296825026
 10
-7.61590359033981
 20
32.5043493134702
 10
-7.61643571954017
 20
32.5043551669738
 10
-7.61643295699477
 20
32.5045355360465
 10
-7.61675223522602
 20
32.5045390470931
 10
-7.61674947329295
 20
32.5047194161848
 10
-7.61717517853699
 20
32.5047240963529
 10
-7.61717379798588
 20
32.5048142809128
 10
-7.61749307730216
 20
32.5048177901062
 10
-7.61749445753477
 20
32.5047276055341
 10
-7.61781373658803
 20
32.5047311139055
 10
-7.61780959682724
 20
32.5050016676541
 10
-7.61791602350917
 20
32.5050028369434
 10
-7.61791050416651
 20
32.5053635752722
 10
-7.61801693127928
 20
32.5053647444877
 10
-7.61801555153438
 20
32.5054549290705
 10
-7.61844126047177
 20
32.5054596050487
 10
-7.61844263979198
 20
32.5053694204497
 10
-7.61886834840326
 20
32.505374094972
 10
-7.61885869600528
 20
32.5060053872498
 10
-7.61896512391672
 20
32.5060065556836
 10
-7.61896374508426
 20
32.5060967402934
 10
-7.61917660113796
 20
32.5060990768992
 10
-7.61917384387927
 20
32.5062794461309
 10
-7.62023812664068
 20
32.5062911238415
 10
-7.62023537148092
 20
32.5064714931484
 10
-7.62044822853177
 20
32.5064738276268
 10
-7.62044409638305
 20
32.5067443816013
 10
-7.62055052523624
 20
32.5067455487176
 10
-7.62054777065203
 20
32.5069259180353
 10
-7.62065419972373
 20
32.5069270850696
 10
-7.62065695409558
 20
32.5067467157439
 10
-7.62076338296107
 20
32.5067478826803
 10
-7.62076751415418
 20
32.5064773286695
 10
-7.62087394270728
 20
32.5064784955038
 10
-7.62087669659291
 20
32.5062981261485
 10
-7.62108955329285
 20
32.5063004595309
 10
-7.62109230672917
 20
32.5061200901541
 10
-7.62119873487602
 20
32.5061212567023
 10
-7.62120011147877
 20
32.5060310720079
 10
-7.62130653952559
 20
32.506032238462
 10
-7.62130929250031
 20
32.505851869061
 10
-7.62141572034092
 20
32.5058530354171
 10
-7.62142122579189
 20
32.5054922965829
 10
-7.62152765321395
 20
32.5054934628329
 10
-7.62153178191911
 20
32.505222908681
 10
-7.62142535481557
 20
32.5052217424431
 10
-7.6214308600944
 20
32.5048610035711
 10
-7.62132443342169
 20
32.5048598372593
 10
-7.6213258098322
 20
32.504769652542
 10
-7.6212193832718
 20
32.5047684861442
 10
-7.62122213628672
 20
32.5045881167136
 10
-7.62111570994481
 20
32.5045869502339
 10
-7.62111846314746
 20
32.5044065808059
 10
-7.62101203702404
 20
32.5044054142443
 10
-7.62101479041444
 20
32.5042250448191
 10
-7.62112121632553
 20
32.5042262113726
 10
-7.62112534604651
 20
32.5039556572125
 10
-7.62123177164525
 20
32.5039568236639
 10
-7.62124691231429
 20
32.5029647915955
 10
-7.62114048788333
 20
32.5029636251884
 10
-7.62114461734608
 20
32.5026930709717
 10
-7.62103819323976
 20
32.5026919044866
 10
-7.62104094639649
 20
32.5025115350102
 10
-7.62093452250863
 20
32.5025103684432
 10
-7.62093727585309
 20
32.5023299989695
 10
-7.62083085218369
 20
32.5023288323206
 10
-7.62083222895286
 20
32.5022386475857
 10
-7.62072580539576
 20
32.5022374808509
 10
-7.62072855912795
 20
32.5020571113851
 10
-7.62019644249631
 20
32.5020512764018
 10
-7.62019919726544
 20
32.5018709069709
 10
-7.61998635108046
 20
32.5018685723639
 10
-7.6199891062496
 20
32.5016882029438
 10
-7.61935056911621
 20
32.5016811970118
 10
-7.61935194732846
 20
32.501591012324
 10
-7.61945837006249
 20
32.5015921802002
 10
-7.61946112625623
 20
32.5014118108124
 10
-7.61956754878411
 20
32.5014129785906
 10
-7.61957030474093
 20
32.5012326091893
 10
-7.62031526112227
 20
32.501240781061
 10
-7.62031801556836
 20
32.5010604115979
 10
-7.62042443772086
 20
32.5010615786402
 10
-7.62042581482853
 20
32.5009713939026
 10
-7.62053223688103
 20
32.5009725608509
 10
-7.62053774482561
 20
32.5006118218709
 10
-7.62064416645967
 20
32.5006129887131
 10
-7.62064692018276
 20
32.5004326192069
 10
-7.620540498761
 20
32.5004314523728
 10
-7.62054187571946
 20
32.5003412676217
 10
-7.62064829703508
 20
32.5003424344519
 10
-7.62065105072127
 20
32.5001620649376
 10
-7.62075747183075
 20
32.5001632316697
 10
-7.62076022528005
 20
32.4999828621421
 10
-7.62086664618339
 20
32.4999840287761
 10
-7.62086939939581
 20
32.499803659235
 10
-7.62108224079635
 20
32.4998059922171
 10
-7.62108361718105
 20
32.4997158074365
 10
-7.62161572025927
 20
32.4997216382973
 10
-7.62161434440529
 20
32.499811823098
 10
-7.6219336066444
 20
32.499815320547
 10
-7.62193085555487
 20
32.4999956901687
 10
-7.62203727652582
 20
32.4999968558131
 10
-7.62203452562399
 20
32.5001772254375
 10
-7.62214094681337
 20
32.500178391
 10
-7.62213819609926
 20
32.500358760627
 10
-7.62235103892104
 20
32.5003610914983
 10
-7.62234416308974
 20
32.5008120155825
 10
-7.62245058504058
 20
32.5008131809033
 10
-7.62244095936183
 20
32.5014444745929
 10
-7.62254738206187
 20
32.5014456398519
 10
-7.6225432569973
 20
32.5017161942822
 10
-7.62286252608964
 20
32.5017196895556
 10
-7.62285977665281
 20
32.5019000591932
 10
-7.62296619990818
 20
32.5019012241125
 10
-7.6229497040453
 20
32.5029834418733
 10
-7.6230561285807
 20
32.5029846067508
 10
-7.62305337939658
 20
32.5031649763668
 10
-7.62315980415045
 20
32.5031661411625
 10
-7.62316255312224
 20
32.5029857715384
 10
-7.62326897766992
 20
32.502986936236
 10
-7.62327035204045
 20
32.502896751418
 10
-7.62337677648811
 20
32.5028979160216
 10
-7.62338227348421
 20
32.5025371767198
 10
-7.62348869751336
 20
32.5025383412173
 10
-7.62349831627712
 20
32.5019070473592
 10
-7.62360473956932
 20
32.5019082117386
 10
-7.62360886148611
 20
32.5016376571957
 10
-7.62371528446599
 20
32.5016388214731
 10
-7.62372077984452
 20
32.5012780820476
 10
-7.62382720240592
 20
32.5012792462189
 10
-7.62383132355694
 20
32.5010086916236
 10
-7.62393774580602
 20
32.5010098556929
 10
-7.62394598730549
 20
32.5004687464419
 10
-7.62405240892382
 20
32.500469910397
 10
-7.62405652927228
 20
32.5001993557413
 10
-7.62426937189046
 20
32.5002016833576
 10
-7.62426525217888
 20
32.5004722380375
 10
-7.62437167381561
 20
32.5004734017228
 10
-7.62436618120554
 20
32.5008341412932
 10
-7.624472603273
 20
32.5008353049046
 10
-7.62446848406951
 20
32.5011058595804
 10
-7.62457490646155
 20
32.5011070231139
 10
-7.62456529551513
 20
32.5017383173383
 10
-7.62467171865637
 20
32.5017394808099
 10
-7.62465387033866
 20
32.5029118842468
 10
-7.62476029486608
 20
32.5029130476807
 10
-7.6247589219818
 20
32.5030032325551
 10
-7.62486534662151
 20
32.503004395903
 10
-7.62486260104687
 20
32.5031847656557
 10
-7.62507545076933
 20
32.5031870920978
 10
-7.62507270559481
 20
32.5033674618612
 10
-7.62517913067757
 20
32.5033686249553
 10
-7.62517638569085
 20
32.5035489947213
 10
-7.6253892362994
 20
32.5035513206557
 10
-7.62538786400918
 20
32.5036415055447
 10
-7.62549428942881
 20
32.5036426683809
 10
-7.6254915450423
 20
32.503823038163
 10
-7.62559797068039
 20
32.5038242009173
 10
-7.62558287728421
 20
32.5048162346666
 10
-7.62568930409628
 20
32.5048173973751
 10
-7.62568244374735
 20
32.5052683217728
 10
-7.62578887109641
 20
32.5052694844114
 10
-7.62578475513203
 20
32.5055400390459
 10
-7.62599761048557
 20
32.5055423640772
 10
-7.62599486690338
 20
32.5057227338429
 10
-7.62620772270612
 20
32.5057250585303
 10
-7.62620497952413
 20
32.5059054283066
 10
-7.62652426391125
 20
32.5059089146869
 10
-7.62652152134181
 20
32.506089284482
 10
-7.62737294834242
 20
32.5060985776008
 10
-7.62737568921303
 20
32.5059182077415
 10
-7.62780140201085
 20
32.5059228521092
 10
-7.62780414200756
 20
32.5057424822124
 10
-7.62812342603312
 20
32.5057459645192
 10
-7.6281261653683
 20
32.5055655945931
 10
-7.62844544881187
 20
32.505569076066
 10
-7.62844681815176
 20
32.5054788910888
 10
-7.62865967359903
 20
32.5054812116128
 10
-7.62866241183577
 20
32.5053008416385
 10
-7.62887526688281
 20
32.5053031617865
 10
-7.6288780046704
 20
32.5051227917907
 10
-7.62919728664977
 20
32.5051262713138
 10
-7.62920002377586
 20
32.5049459012887
 10
-7.62930645090221
 20
32.5049470609417
 10
-7.62929413459779
 20
32.5057587260486
 10
-7.62918770651589
 20
32.5057575663595
 10
-7.62918496927976
 20
32.5059379363604
 10
-7.62907854099162
 20
32.5059367765733
 10
-7.62907443477304
 20
32.5062073315526
 10
-7.62896800617248
 20
32.5062061716635
 10
-7.62896253070407
 20
32.506566911601
 10
-7.6288561016849
 20
32.5065657516059
 10
-7.62885336370166
 20
32.5067461215586
 10
-7.62874693447624
 20
32.5067449614654
 10
-7.62874282713696
 20
32.5070155163723
 10
-7.62863639759911
 20
32.5070143561772
 10
-7.62863092063639
 20
32.5073750960182
 10
-7.62852449067993
 20
32.507373935717
 10
-7.62851764380799
 20
32.5078248604679
 10
-7.62841121332672
 20
32.5078237000567
 10
-7.62839477893591
 20
32.5089059192735
 10
-7.62850121069147
 20
32.5089070797328
 10
-7.62849573279022
 20
32.5092678194447
 10
-7.62860216497667
 20
32.50926897983
 10
-7.6285980568051
 20
32.5095395346118
 10
-7.62870448931624
 20
32.5095406949191
 10
-7.62870175071701
 20
32.5097210647749
 10
-7.62880818344666
 20
32.5097222250003
 10
-7.62880544503536
 20
32.5099025948587
 10
-7.6290183109378
 20
32.5099049150555
 10
-7.62901694193538
 20
32.5099950999907
 10
-7.62912337500197
 20
32.509996259958
 10
-7.62911105466074
 20
32.5108079243505
 10
-7.62932392272388
 20
32.5108102440873
 10
-7.62932118522783
 20
32.5109906139536
 10
-7.62953405374023
 20
32.5109929333464
 10
-7.62953131664454
 20
32.5111733032232
 10
-7.62963775112233
 20
32.5111744627927
 10
-7.62964048800561
 20
32.5109940929078
 10
-7.62985335655469
 20
32.5109964117606
 10
-7.62985609298871
 20
32.5108160418544
 10
-7.62996252706001
 20
32.5108172011378
 10
-7.6299666313466
 20
32.5105466462563
 10
-7.63028593264135
 20
32.5105501235304
 10
-7.63029413913795
 20
32.510009013659
 10
-7.63018770600412
 20
32.5100078546817
 10
-7.63019180948854
 20
32.5097372997398
 10
-7.63008537667942
 20
32.5097361406845
 10
-7.63008811251755
 20
32.5095557707245
 10
-7.62987524734242
 20
32.5095534523598
 10
-7.62988208789277
 20
32.5091025274764
 10
-7.6299885199463
 20
32.5091036866837
 10
-7.62999125591128
 20
32.508923316713
 10
-7.63031055147137
 20
32.5089267937709
 10
-7.63031328677476
 20
32.5087464237707
 10
-7.63041971842795
 20
32.508747582602
 10
-7.63042108596429
 20
32.5086573975959
 10
-7.6305275175174
 20
32.5086585563332
 10
-7.63053298717691
 20
32.5082978162793
 10
-7.63074584945193
 20
32.5083001334519
 10
-7.63074858382028
 20
32.5081197634009
 10
-7.63106787664148
 20
32.5081232384609
 10
-7.63107197719251
 20
32.5078526833382
 10
-7.63117840782656
 20
32.5078538414995
 10
-7.63118387471771
 20
32.5074931013011
 10
-7.63129030493312
 20
32.5074942593564
 10
-7.63129440471883
 20
32.5072237041815
 10
-7.63140083462179
 20
32.5072248621349
 10
-7.63140630049255
 20
32.5068641218668
 10
-7.63151272997688
 20
32.5068652797141
 10
-7.63151682899732
 20
32.5065947244869
 10
-7.6316232581692
 20
32.5065958822323
 10
-7.63162599060662
 20
32.5064155120661
 10
-7.63205170650573
 20
32.5064201421157
 10
-7.63204897491775
 20
32.5066005123139
 10
-7.63236826254322
 20
32.5066039839302
 10
-7.63237099349411
 20
32.5064236137081
 10
-7.63258385151686
 20
32.506425927653
 10
-7.63258658201864
 20
32.5062455574095
 10
-7.6326930108268
 20
32.506246714239
 10
-7.63269437596236
 20
32.5061565291112
 10
-7.63280080467045
 20
32.5061576858467
 10
-7.63280626472701
 20
32.5057969453062
 10
-7.63291269301648
 20
32.5057981019357
 10
-7.63291542279582
 20
32.5056177316494
 10
-7.63355399138651
 20
32.505624669489
 10
-7.63355535562999
 20
32.5055344843198
 10
-7.63376821166329
 20
32.5055367962051
 10
-7.63377093970725
 20
32.5053564258468
 10
-7.63398379534022
 20
32.5053587373562
 10
-7.63398106772096
 20
32.5055391077305
 10
-7.63419392380299
 20
32.5055414188959
 10
-7.63419256019657
 20
32.505631604089
 10
-7.6342989883529
 20
32.5056327595408
 10
-7.63429080722356
 20
32.5061738706951
 10
-7.63418437843016
 20
32.5061727152194
 10
-7.63418301478111
 20
32.5062629004031
 10
-7.63407658588762
 20
32.5062617448334
 10
-7.63406703943044
 20
32.5068930410536
 10
-7.63417346906719
 20
32.5068941966512
 10
-7.63417074166554
 20
32.5070745669957
 10
-7.63406431181642
 20
32.5070734113901
 10
-7.63406158417804
 20
32.5072537817212
 10
-7.63395515412264
 20
32.5072526260177
 10
-7.63394287849269
 20
32.5080642924052
 10
-7.6338364474877
 20
32.5080631365758
 10
-7.63383508339216
 20
32.5081533217192
 10
-7.63362222118808
 20
32.5081510097823
 10
-7.6336167638955
 20
32.5085117503107
 10
-7.63351033237783
 20
32.5085105941913
 10
-7.63350623902583
 20
32.5087811495615
 10
-7.63339980719569
 20
32.5087799933401
 10
-7.6333970780515
 20
32.5089603635722
 10
-7.63350351009403
 20
32.5089615198016
 10
-7.63350078113784
 20
32.5091418900363
 10
-7.63360721339885
 20
32.5091430461836
 10
-7.63360994214265
 20
32.5089626759409
 10
-7.63403567039808
 20
32.5089672995985
 10
-7.63403294250383
 20
32.5091476698731
 10
-7.63413937479531
 20
32.5091488255705
 10
-7.63413664708909
 20
32.5093291958477
 10
-7.63424307959905
 20
32.5093303514631
 10
-7.63423626075788
 20
32.5097812771525
 10
-7.63434269380492
 20
32.5097824326978
 10
-7.63433996643821
 20
32.5099628029722
 10
-7.63465926625305
 20
32.5099662690921
 10
-7.63466199298257
 20
32.5097858987938
 10
-7.63476842605396
 20
32.5097870539791
 10
-7.63477524224021
 20
32.5093361281899
 10
-7.63509453989797
 20
32.509339593146
 10
-7.63509726569268
 20
32.5091592227969
 10
-7.63520369804505
 20
32.5091603775943
 10
-7.63520642360301
 20
32.5089800072319
 10
-7.63531285574908
 20
32.5089811619313
 10
-7.63531558107031
 20
32.5088007915556
 10
-7.63542201301008
 20
32.508801946157
 10
-7.63542337555537
 20
32.5087117609631
 10
-7.63563623924078
 20
32.5087140698881
 10
-7.63563487690788
 20
32.5088042550899
 10
-7.6357413088659
 20
32.5088054094214
 10
-7.63573858439422
 20
32.508985779829
 10
-7.63605788094197
 20
32.5089892423073
 10
-7.63606469048263
 20
32.5085383162183
 10
-7.63595825882494
 20
32.5085371621688
 10
-7.63596370677274
 20
32.5081764212893
 10
-7.63585727554589
 20
32.5081752671657
 10
-7.63585863762382
 20
32.5080850819465
 10
-7.63617793100405
 20
32.5080885440352
 10
-7.63617656924469
 20
32.5081787292664
 10
-7.63713445066951
 20
32.5081891107085
 10
-7.63714125462699
 20
32.5077381843598
 10
-7.63703482386419
 20
32.5077370312461
 10
-7.63703890648431
 20
32.5074664754326
 10
-7.63693247604615
 20
32.5074653222409
 10
-7.63693519797488
 20
32.5072849516998
 10
-7.63682876775517
 20
32.5072837984261
 10
-7.63683148987195
 20
32.5071034278876
 10
-7.6367250598707
 20
32.5071022745318
 10
-7.63673186558717
 20
32.506651348182
 10
-7.63705115401643
 20
32.5066548079196
 10
-7.63704843238517
 20
32.5068351784875
 10
-7.63726129179313
 20
32.5068374845452
 10
-7.63725993118075
 20
32.5069276698351
 10
-7.63736636100003
 20
32.5069288227329
 10
-7.63736363996941
 20
32.5071091933166
 10
-7.63757650005094
 20
32.5071114988582
 10
-7.63757377942075
 20
32.5072918694525
 10
-7.63789307022572
 20
32.5072953271139
 10
-7.63789035020835
 20
32.5074756977266
 10
-7.6382096417051
 20
32.507479154602
 10
-7.63820828200586
 20
32.5075693399183
 10
-7.63842114324644
 20
32.5075716440598
 10
-7.6384184242545
 20
32.5077520147043
 10
-7.63863128594412
 20
32.5077543185018
 10
-7.63862856735264
 20
32.5079346891568
 10
-7.63873499841893
 20
32.5079358409285
 10
-7.63873092080475
 20
32.5082063969128
 10
-7.63883735219568
 20
32.5082075486065
 10
-7.63883463396826
 20
32.5083879192639
 10
-7.63894106557765
 20
32.5083890708756
 10
-7.63893562947471
 20
32.5087498121902
 10
-7.63904206151494
 20
32.5087509637277
 10
-7.63903118986727
 20
32.5094724463243
 10
-7.63892475697747
 20
32.509471294755
 10
-7.63892203879246
 20
32.5096516653828
 10
-7.63881560569634
 20
32.5096505137155
 10
-7.63881288727465
 20
32.5098308843299
 10
-7.6387064539722
 20
32.5098297325646
 10
-7.63870237597553
 20
32.5101002884642
 10
-7.63848950875166
 20
32.5100979846398
 10
-7.63848678963205
 20
32.5102783552169
 10
-7.63838035581682
 20
32.5102772031617
 10
-7.63837763646051
 20
32.5104575737255
 10
-7.63827120243895
 20
32.5104564215724
 10
-7.63826848284595
 20
32.5106367921228
 10
-7.63816204861806
 20
32.5106356398717
 10
-7.63816068870624
 20
32.5107258251409
 10
-7.63805425437822
 20
32.5107246727958
 10
-7.63805153432396
 20
32.5109050433223
 10
-7.6379450997896
 20
32.5109038908792
 10
-7.63793829901661
 20
32.5113548171518
 10
-7.6378318639573
 20
32.5113536645989
 10
-7.63782642280473
 20
32.5117144055768
 10
-7.63771998732666
 20
32.511713252918
 10
-7.6377159060798
 20
32.5119838086253
 10
-7.63760947028918
 20
32.5119826558645
 10
-7.63760674921514
 20
32.5121630263214
 10
-7.63739387722728
 20
32.5121607205138
 10
-7.63739659872617
 20
32.5119803500729
 10
-7.63718372718746
 20
32.5119780439212
 10
-7.63718508814021
 20
32.5118878587066
 10
-7.63675934556059
 20
32.511883245339
 10
-7.63676206829752
 20
32.5117028749378
 10
-7.63665563288024
 20
32.5117017213788
 10
-7.63665835580526
 20
32.5115213509802
 10
-7.63644548541377
 20
32.5115190436082
 10
-7.63644820873929
 20
32.5113386732201
 10
-7.63634177376508
 20
32.5113375194071
 10
-7.63634313552493
 20
32.511247334215
 10
-7.63623670066301
 20
32.5112461803159
 10
-7.63623942437687
 20
32.5110658099357
 10
-7.63581368583967
 20
32.5110611934713
 10
-7.63581096127616
 20
32.5112415638196
 10
-7.63559809161924
 20
32.5112392550314
 10
-7.6355940040911
 20
32.51150981052
 10
-7.63548756895315
 20
32.5115086559789
 10
-7.63548484369155
 20
32.5116890262899
 10
-7.63537840834727
 20
32.5116878716508
 10
-7.6353756828489
 20
32.5118682419484
 10
-7.63526924729829
 20
32.5118670872114
 10
-7.63526788443377
 20
32.5119572723542
 10
-7.63516144878303
 20
32.5119561175232
 10
-7.63515599683923
 20
32.512316858065
 10
-7.63504956076974
 20
32.512315703128
 10
-7.63504683454888
 20
32.5124960733828
 10
-7.63483396200332
 20
32.5124937632229
 10
-7.63483259867133
 20
32.5125839483403
 10
-7.63472616230147
 20
32.5125827931213
 10
-7.63472343540681
 20
32.5127631633442
 10
-7.63461699883061
 20
32.5127620080272
 10
-7.63461154454335
 20
32.5131227484408
 10
-7.63450510754838
 20
32.5131215930178
 10
-7.63450374385512
 20
32.5132117781138
 10
-7.63439730676003
 20
32.5132106225969
 10
-7.63439185150122
 20
32.5135713629516
 10
-7.63428541398735
 20
32.5135702073287
 10
-7.63428268610895
 20
32.51375057749
 10
-7.63417624838874
 20
32.513749421769
 10
-7.63417488433419
 20
32.5138396068437
 10
-7.63406844651384
 20
32.5138384510288
 10
-7.63406571817402
 20
32.514018821166
 10
-7.63395928014733
 20
32.5140176652531
 10
-7.63395655157069
 20
32.514198035377
 10
-7.63385011333765
 20
32.5141968793661
 10
-7.63384056238392
 20
32.5148281747294
 10
-7.63373412341341
 20
32.5148270186005
 10
-7.63373139430219
 20
32.5150073886842
 10
-7.63362495512533
 20
32.5150062324573
 10
-7.63362359045435
 20
32.5150964174931
 10
-7.63351715117736
 20
32.5150952611722
 10
-7.63351169200758
 20
32.5154560012861
 10
-7.63340525231178
 20
32.5154548448592
 10
-7.63340252247786
 20
32.5156352149001
 10
-7.6332960825757
 20
32.5156340583752
 10
-7.63329471754336
 20
32.5157242433896
 10
-7.63318827754107
 20
32.5157230867707
 10
-7.63318554724565
 20
32.5159034567876
 10
-7.63307910703699
 20
32.5159023000706
 10
-7.63307637650472
 20
32.5160826700741
 10
-7.6329699360897
 20
32.5160815132591
 10
-7.63296720532058
 20
32.5162618832493
 10
-7.63286076469919
 20
32.5162607263363
 10
-7.63285939919925
 20
32.5163509113253
 10
-7.63275295847773
 20
32.5163497543183
 10
-7.63274476471261
 20
32.5168908642003
 10
-7.63263832335978
 20
32.5168897070794
 10
-7.63263695760468
 20
32.516979892051
 10
-7.63253051615172
 20
32.516978734836
 10
-7.63252778441074
 20
32.5171591047672
 10
-7.63242134275141
 20
32.5171579474542
 10
-7.63241861077355
 20
32.517338317372
 10
-7.63231216890784
 20
32.517337159961
 10
-7.63230260604948
 20
32.5179684546031
 10
-7.63240904865886
 20
32.5179696120421
 10
-7.63240631657119
 20
32.5181499819357
 10
-7.63293853077201
 20
32.5181557678204
 10
-7.63294126179727
 20
32.5179753978868
 10
-7.63304770444325
 20
32.5179765547856
 10
-7.63304497363047
 20
32.5181569247272
 10
-7.63325785936569
 20
32.5181592382708
 10
-7.63326058975351
 20
32.5179788683133
 10
-7.63336703241778
 20
32.517980024942
 10
-7.63336976256872
 20
32.5177996549711
 10
-7.63347620502661
 20
32.5178008115019
 10
-7.63347893494069
 20
32.5176204415176
 10
-7.63379826171349
 20
32.5176239105457
 10
-7.63379962634267
 20
32.5175337255395
 10
-7.63411895285161
 20
32.5175371937454
 10
-7.63412168145425
 20
32.5173568237051
 10
-7.63433456539906
 20
32.5173591353763
 10
-7.63434138573664
 20
32.5169082102121
 10
-7.634447827187
 20
32.5169093658927
 10
-7.63445601075365
 20
32.5163682556273
 10
-7.6345624515727
 20
32.5163694111939
 10
-7.63456654295509
 20
32.5160988560311
 10
-7.63467298346153
 20
32.5161000114957
 10
-7.63467843812785
 20
32.5157392712438
 10
-7.63478487821546
 20
32.5157404266025
 10
-7.63478624176058
 20
32.5156502415321
 10
-7.63489268174805
 20
32.5156513967968
 10
-7.63489540860757
 20
32.5154710266441
 10
-7.63500184838867
 20
32.5154721818107
 10
-7.63500457501138
 20
32.5152918116447
 10
-7.63521745416694
 20
32.5152941216919
 10
-7.63522154341797
 20
32.5150235664088
 10
-7.6353279826862
 20
32.5150247212854
 10
-7.63533343451078
 20
32.5146639808732
 10
-7.63607850658452
 20
32.5146720623773
 10
-7.63608123097315
 20
32.5144916921073
 10
-7.63618766965272
 20
32.5144928462399
 10
-7.63618903173169
 20
32.5144026610989
 10
-7.63629547031112
 20
32.5144038151374
 10
-7.63629819423836
 20
32.5142234448434
 10
-7.63640463261143
 20
32.514224598784
 10
-7.63641144179196
 20
32.5137736730054
 10
-7.63651787964001
 20
32.513774826836
 10
-7.63652741149377
 20
32.5131435306617
 10
-7.63642097438925
 20
32.513142376859
 10
-7.63642642145388
 20
32.5127816361743
 10
-7.63685216820902
 20
32.5127862507813
 10
-7.63684944553858
 20
32.5129666211582
 10
-7.63706231937749
 20
32.5129689279376
 10
-7.6370595971076
 20
32.5131492983251
 10
-7.63716603424861
 20
32.5131504515877
 10
-7.63716875630607
 20
32.5129700811923
 10
-7.63727519324072
 20
32.512971234357
 10
-7.63727791506144
 20
32.5127908639482
 10
-7.63738435178974
 20
32.5127920170149
 10
-7.63738707337371
 20
32.5126116465927
 10
-7.63749350989566
 20
32.5126127995614
 10
-7.63749487057232
 20
32.5125226143444
 10
-7.63770774342203
 20
32.5125249200038
 10
-7.63771046433226
 20
32.5123445495497
 10
-7.63824264550073
 20
32.5123503120832
 10
-7.63824536532454
 20
32.512169941584
 10
-7.63835180136403
 20
32.5121710938127
 10
-7.63835452095112
 20
32.5119907233001
 10
-7.63846095678426
 20
32.5119918754308
 10
-7.63846231646249
 20
32.5119016901685
 10
-7.63878162367973
 20
32.5119051460088
 10
-7.6387843423807
 20
32.5117247754563
 10
-7.63899721346438
 20
32.5117270788838
 10
-7.63899993171623
 20
32.51154670831
 10
-7.63910636705476
 20
32.5115478598808
 10
-7.63910908506991
 20
32.5113674892937
 10
-7.63932195534035
 20
32.5113697921494
 10
-7.6393233141264
 20
32.5112796068458
 10
-7.63985548937766
 20
32.51128536239
 10
-7.6398582058695
 20
32.5111049917392
 10
-7.63996464072554
 20
32.51110614257
 10
-7.6399673569807
 20
32.5109257719058
 10
-7.64007379163039
 20
32.5109269226387
 10
-7.64007650764888
 20
32.5107465519612
 10
-7.64018294209223
 20
32.5107477025961
 10
-7.64018701575586
 20
32.5104771465578
 10
-7.64029344988666
 20
32.5104782970909
 10
-7.64030023867374
 20
32.5100273703135
 10
-7.6404066722796
 20
32.5100285207367
 10
-7.6404121027753
 20
32.5096677792747
 10
-7.64051853596243
 20
32.509668929592
 10
-7.64052260845194
 20
32.5093983734695
 10
-7.64062904132653
 20
32.5093995236849
 10
-7.64063718550467
 20
32.5088584113797
 10
-7.64074361774816
 20
32.5088595614812
 10
-7.64075990417538
 20
32.5077773366779
 10
-7.64097276613193
 20
32.5077796365156
 10
-7.64097548002685
 20
32.5075992656803
 10
-7.6415076339624
 20
32.50760501366
 10
-7.64150899036982
 20
32.5075148282205
 10
-7.64172185177408
 20
32.5075171267745
 10
-7.64172456414601
 20
32.5073367558756
 10
-7.64193742514975
 20
32.5073390540537
 10
-7.64192386517157
 20
32.5082409085739
 10
-7.64181743360478
 20
32.5082397594901
 10
-7.64180794051632
 20
32.5088710575465
 10
-7.64170150821224
 20
32.5088699083449
 10
-7.64168930142088
 20
32.5096815771419
 10
-7.64158286816709
 20
32.5096804278147
 10
-7.64155166836149
 20
32.5117546919318
 10
-7.64165810405799
 20
32.5117558413504
 10
-7.64165403460046
 20
32.5120263974991
 10
-7.64176047062164
 20
32.5120275468395
 10
-7.6417550450183
 20
32.5123882883681
 10
-7.64186148147039
 20
32.5123894376344
 10
-7.64185741252291
 20
32.5126599937786
 10
-7.64175097575217
 20
32.5126588445004
 10
-7.64175233218027
 20
32.5125686591243
 10
-7.64164589552181
 20
32.51256750976
 10
-7.64164860857226
 20
32.5123871390118
 10
-7.64143573569836
 20
32.512384840029
 10
-7.64143844914943
 20
32.5122044692913
 10
-7.64111914052131
 20
32.5122010201659
 10
-7.64111642643297
 20
32.5123813908799
 10
-7.64090355361967
 20
32.5123790909971
 10
-7.64090083908223
 20
32.5125594616898
 10
-7.64079440247225
 20
32.5125583116054
 10
-7.64079304508822
 20
32.5126484969458
 10
-7.64068660837809
 20
32.5126473467674
 10
-7.64068389337942
 20
32.5128277174361
 10
-7.64057745646292
 20
32.5128265671598
 10
-7.64056252236828
 20
32.5138186056979
 10
-7.64045608428945
 20
32.5138174552879
 10
-7.64045472650188
 20
32.5139076405975
 10
-7.64024185014997
 20
32.5139053394995
 10
-7.64023913413175
 20
32.5140857100988
 10
-7.64002625737921
 20
32.5140834086248
 10
-7.64002354091184
 20
32.5142637792028
 10
-7.63991710233223
 20
32.5142626283228
 10
-7.63991031052651
 20
32.5147135547244
 10
-7.64001674963724
 20
32.5147147056242
 10
-7.64001131650837
 20
32.5150754467372
 10
-7.63990487697273
 20
32.5150742958214
 10
-7.63990351856912
 20
32.5151644810923
 10
-7.63979707893332
 20
32.5151633300826
 10
-7.63979436189544
 20
32.5153437006124
 10
-7.63990080174369
 20
32.5153448516301
 10
-7.63989808489399
 20
32.5155252221625
 10
-7.64053672538565
 20
32.5155321264259
 10
-7.64053400978645
 20
32.5157124970005
 10
-7.64064045010208
 20
32.515713647404
 10
-7.64063909239961
 20
32.5158038326933
 10
-7.64053265197775
 20
32.5158026822859
 10
-7.64052450499819
 20
32.5163437939696
 10
-7.64031162289787
 20
32.516341492837
 10
-7.64031026483425
 20
32.516431678105
 10
-7.63956517693058
 20
32.5164236212774
 10
-7.63956245929786
 20
32.5166039917536
 10
-7.63913669406511
 20
32.5165993858398
 10
-7.63913397555823
 20
32.5167797562788
 10
-7.63881465106
 20
32.5167763008743
 10
-7.63881193189141
 20
32.5169566712841
 10
-7.63870549019167
 20
32.5169555192946
 10
-7.63870413049204
 20
32.5170457044935
 10
-7.63859768869214
 20
32.51704455241
 10
-7.63859496906217
 20
32.5172249227958
 10
-7.63838208505563
 20
32.5172226183428
 10
-7.63837936497641
 20
32.5174029887073
 10
-7.63816648056922
 20
32.5174006838783
 10
-7.63816376004075
 20
32.5175810542215
 10
-7.63805731763378
 20
32.5175799016639
 10
-7.63805051567507
 20
32.5180308274785
 10
-7.63815695861324
 20
32.518031980056
 10
-7.63815423799971
 20
32.5182123503803
 10
-7.63826068115643
 20
32.5182135028757
 10
-7.6382566005093
 20
32.5184840583641
 10
-7.63815015703384
 20
32.5184829058568
 10
-7.63814743635955
 20
32.5186632761677
 10
-7.63804099267768
 20
32.5186621235624
 10
-7.63803827176659
 20
32.51884249386
 10
-7.6379318278783
 20
32.5188413411567
 10
-7.6379304673074
 20
32.5189315262995
 10
-7.63782402331894
 20
32.5189303735022
 10
-7.63782130194641
 20
32.5191107437758
 10
-7.63760841356273
 20
32.5191084378952
 10
-7.6376056917409
 20
32.5192888081474
 10
-7.63749924734568
 20
32.5192876550641
 10
-7.63749652528703
 20
32.519468025303
 10
-7.63717719150035
 20
32.519464565489
 10
-7.63717583014316
 20
32.5195547505945
 10
-7.63706938545352
 20
32.519553597139
 10
-7.63706666250839
 20
32.519733967338
 10
-7.63696021761232
 20
32.5197328137846
 10
-7.63694796310198
 20
32.5205444795776
 10
-7.63705440895433
 20
32.5205456331669
 10
-7.63705168587542
 20
32.5207260033363
 10
-7.63758391629092
 20
32.5207317699719
 10
-7.63758663830727
 20
32.5205513997627
 10
-7.637799530091
 20
32.5205537057707
 10
-7.63780225165801
 20
32.5203733355402
 10
-7.63812158874166
 20
32.520376793853
 10
-7.63812430964684
 20
32.5201964235933
 10
-7.63844364614765
 20
32.5201998810719
 10
-7.63844092588
 20
32.5203802513556
 10
-7.63833448016114
 20
32.5203790989448
 10
-7.63832903912792
 20
32.52073983948
 10
-7.63822259299012
 20
32.5207386869633
 10
-7.63822123261037
 20
32.5208288720898
 10
-7.63811478637239
 20
32.520827719479
 10
-7.63811206538214
 20
32.5210080897199
 10
-7.63800561893772
 20
32.5210069370111
 10
-7.63800289771065
 20
32.5211873072388
 10
-7.63789645105979
 20
32.521186154432
 10
-7.63788964735448
 20
32.5216370799576
 10
-7.63799609453664
 20
32.5216382327842
 10
-7.63799337322449
 20
32.521818602993
 10
-7.63809982062525
 20
32.5218197557376
 10
-7.63809709950132
 20
32.522000125949
 10
-7.63852289001523
 20
32.5220047360588
 10
-7.63852561028906
 20
32.5218243658156
 10
-7.6388449526007
 20
32.5218278224287
 10
-7.63884767221265
 20
32.5216474521562
 10
-7.63948635572476
 20
32.5216543629034
 10
-7.6394795598372
 20
32.5221052886938
 10
-7.63926666424625
 20
32.5221029854318
 10
-7.63926394542367
 20
32.5222833557226
 10
-7.63905104943195
 20
32.5222810520845
 10
-7.63904833016003
 20
32.522461422354
 10
-7.63862253739934
 20
32.5224568139655
 10
-7.638619817253
 20
32.5226371841978
 10
-7.63787467866795
 20
32.5226291159954
 10
-7.6378733178418
 20
32.5227193010817
 10
-7.63766042094538
 20
32.5227169950626
 10
-7.63766178198406
 20
32.5226268099843
 10
-7.63755533365124
 20
32.5226256568437
 10
-7.63755397250628
 20
32.522715841918
 10
-7.63744752407327
 20
32.5227146886834
 10
-7.63743935643829
 20
32.5232557990772
 10
-7.63754580550892
 20
32.5232569523357
 10
-7.63754172192816
 20
32.5235275075265
 10
-7.63764817132368
 20
32.5235286607069
 10
-7.63764544911865
 20
32.5237090308353
 10
-7.63775189873279
 20
32.5237101839336
 10
-7.637749176716
 20
32.5238905540646
 10
-7.63689757827278
 20
32.5238813266927
 10
-7.63690030198993
 20
32.5237009566254
 10
-7.63572935710416
 20
32.5236882596665
 10
-7.63572663104902
 20
32.523868629646
 10
-7.63562018133792
 20
32.5238674748288
 10
-7.63561881819494
 20
32.5239576598125
 10
-7.63551236838366
 20
32.5239565049012
 10
-7.6355096418669
 20
32.5241368748567
 10
-7.63540319184916
 20
32.5241357198474
 10
-7.63540046509549
 20
32.5243160897896
 10
-7.63529401487129
 20
32.5243149346822
 10
-7.63529128788071
 20
32.524495304611
 10
-7.63539773831746
 20
32.5244964597263
 10
-7.63539364810476
 20
32.5247670146214
 10
-7.63550009886643
 20
32.5247681696586
 10
-7.63549737224006
 20
32.5249485395899
 10
-7.63560382322038
 20
32.5249496945451
 10
-7.63560109678222
 20
32.525130064479
 10
-7.63570754798118
 20
32.5251312193521
 10
-7.63570618485925
 20
32.525221404321
 10
-7.63581263617057
 20
32.525222559108
 10
-7.63580718404708
 20
32.5255832989861
 10
-7.63591363578962
 20
32.5255844536991
 10
-7.63591090990391
 20
32.525764823638
 10
-7.6360173618651
 20
32.5257659782689
 10
-7.6360159990194
 20
32.5258561632403
 10
-7.63612245109296
 20
32.5258573177851
 10
-7.63611972559586
 20
32.5260376877319
 10
-7.63622617788807
 20
32.5260388421946
 10
-7.6362234525792
 20
32.526219212144
 10
-7.63632990509007
 20
32.5262203665246
 10
-7.63632717996942
 20
32.5264007364766
 10
-7.63643363269895
 20
32.5264018907751
 10
-7.63643227023578
 20
32.5264920757531
 10
-7.63653872307768
 20
32.5264932299655
 10
-7.63653599834567
 20
32.5266735999254
 10
-7.63674890447286
 20
32.5266759080961
 10
-7.63674618014166
 20
32.5268562780665
 10
-7.63685263342696
 20
32.5268574320247
 10
-7.63684990928401
 20
32.5270378019977
 10
-7.63695636278797
 20
32.5270389558738
 10
-7.63695500081365
 20
32.5271291408623
 10
-7.63727436168089
 20
32.5271326019622
 10
-7.63726210650824
 20
32.5279442669055
 10
-7.63715565192311
 20
32.5279431132597
 10
-7.6371515664372
 20
32.5282136682046
 10
-7.63704511153928
 20
32.5282125144569
 10
-7.63703693976546
 20
32.5287536242865
 10
-7.63671757319483
 20
32.5287501624311
 10
-7.63672029778155
 20
32.5285697925171
 10
-7.63629447662294
 20
32.5285651754809
 10
-7.6362972020357
 20
32.5283848055935
 10
-7.63597783686843
 20
32.5283813418945
 10
-7.63597511081788
 20
32.528561711758
 10
-7.6358686555617
 20
32.5285605570036
 10
-7.63585911344895
 20
32.5291918514555
 10
-7.63596556944922
 20
32.5291930062378
 10
-7.6359614801999
 20
32.5294635609947
 10
-7.63606793652517
 20
32.5294647156989
 10
-7.63606248453273
 20
32.5298254553719
 10
-7.63616894128929
 20
32.529826610002
 10
-7.63616485254996
 20
32.5300971647545
 10
-7.63648422381291
 20
32.5301006281403
 10
-7.63648149859409
 20
32.5302809979925
 10
-7.63690732788034
 20
32.5302856146111
 10
-7.63690460348763
 20
32.5304659844898
 10
-7.63701106103701
 20
32.5304671384272
 10
-7.63700833683259
 20
32.5306475083085
 10
-7.63711479460067
 20
32.5306486621639
 10
-7.63711343259564
 20
32.5307388471065
 10
-7.63721989047612
 20
32.5307400008757
 10
-7.63721716666043
 20
32.5309203707649
 10
-7.63732362475961
 20
32.530921524452
 10
-7.63731409195729
 20
32.5315528190495
 10
-7.63688825662035
 20
32.531548203649
 10
-7.63689098115907
 20
32.5313678338026
 10
-7.63657160535812
 20
32.5313643713303
 10
-7.63656888018152
 20
32.5315447411528
 10
-7.63646242138075
 20
32.5315435868073
 10
-7.63645969596719
 20
32.5317239566164
 10
-7.63635323695988
 20
32.5317228021728
 10
-7.63635051130934
 20
32.5319031719686
 10
-7.63624405209548
 20
32.531902017427
 10
-7.63624268915477
 20
32.5319922023188
 10
-7.63634914847494
 20
32.5319933568645
 10
-7.63633688269145
 20
32.5328050208668
 10
-7.63623042241442
 20
32.5328038662853
 10
-7.63622769640516
 20
32.5329842360408
 10
-7.63612123592158
 20
32.5329830813612
 10
-7.63611850967533
 20
32.5331634511034
 10
-7.6360120489852
 20
32.5331622963257
 10
-7.63600114290609
 20
32.5338837752086
 10
-7.63578821984291
 20
32.5338814653194
 10
-7.63578549283695
 20
32.5340618350107
 10
-7.63567903110184
 20
32.5340606799229
 10
-7.63567221294873
 20
32.5345116041077
 10
-7.63556575068807
 20
32.5345104489099
 10
-7.63555756806538
 20
32.5350515578633
 10
-7.63545110517284
 20
32.5350504025516
 10
-7.63544974127474
 20
32.5351405873684
 10
-7.63534327828196
 20
32.5351394319626
 10
-7.63534055025482
 20
32.5353198015843
 10
-7.63523408705546
 20
32.5353186460803
 10
-7.63522863050276
 20
32.5356793852917
 10
-7.63512216688416
 20
32.5356782296817
 10
-7.63512080262442
 20
32.5357684144772
 10
-7.63501433890558
 20
32.5357672587731
 10
-7.63500615258116
 20
32.5363083674937
 10
-7.63511261693802
 20
32.5363095232217
 10
-7.63510306669332
 20
32.5369408166958
 10
-7.63531599691408
 20
32.5369431279374
 10
-7.63531463278171
 20
32.537033312722
 10
-7.63552756323952
 20
32.5370356236112
 10
-7.63551801563122
 20
32.5376669171216
 10
-7.63541154965487
 20
32.5376657616941
 10
-7.63538972372775
 20
32.5391087179778
 10
-7.63528325605591
 20
32.5391075623965
 10
-7.63527779890503
 20
32.5394683013976
 10
-7.63517133081386
 20
32.5394671457101
 10
-7.63516723756766
 20
32.5397376999349
 10
-7.63527370597789
 20
32.5397388556343
 10
-7.6352682486564
 20
32.5400995945977
 10
-7.63537471749816
 20
32.540100750223
 10
-7.63537062476214
 20
32.5403713044434
 10
-7.63547709392906
 20
32.5403724599905
 10
-7.63547436562064
 20
32.540552829472
 10
-7.63558083500638
 20
32.540553984937
 10
-7.63557810688631
 20
32.5407343544211
 10
-7.63589751571823
 20
32.5407378202994
 10
-7.63589615196814
 20
32.5408280050514
 10
-7.6361090914326
 20
32.5408303151943
 10
-7.6361063643396
 20
32.5410106847103
 10
-7.63631930425386
 20
32.5410129945087
 10
-7.63631657756196
 20
32.5411933640352
 10
-7.6366359881172
 20
32.541196828081
 10
-7.63663326203913
 20
32.541377197626
 10
-7.63769796641281
 20
32.5413887386678
 10
-7.6376966044283
 20
32.5414789234781
 10
-7.6378030750055
 20
32.5414800770907
 10
-7.63779762743209
 20
32.5418408163344
 10
-7.63769115642943
 20
32.5418396627059
 10
-7.63768843239349
 20
32.5420200323118
 10
-7.63747548998095
 20
32.5420177247685
 10
-7.63747412774112
 20
32.5421079095615
 10
-7.6373676564376
 20
32.5421067556507
 10
-7.63736493172696
 20
32.5422871252246
 10
-7.63725846021679
 20
32.5422859712157
 10
-7.63725573526906
 20
32.5424663407762
 10
-7.63714926355223
 20
32.5424651866693
 10
-7.63714653836743
 20
32.5426455562164
 10
-7.63704006644395
 20
32.5426444020114
 10
-7.63703870373604
 20
32.542734586779
 10
-7.63693223171227
 20
32.5427334324799
 10
-7.63692950606547
 20
32.542913802003
 10
-7.63682303383504
 20
32.5429126476058
 10
-7.63682030795114
 20
32.5430930171156
 10
-7.63671383551405
 20
32.5430918626204
 10
-7.63671110939305
 20
32.5432722321168
 10
-7.6366046367493
 20
32.5432710775234
 10
-7.6366032735733
 20
32.5433612622656
 10
-7.63649680082926
 20
32.5433601075782
 10
-7.63649407424624
 20
32.5435404770506
 10
-7.63638760129554
 20
32.543539322265
 10
-7.63638078419955
 20
32.5439902459026
 10
-7.63627431072305
 20
32.5439890910069
 10
-7.63625931140585
 20
32.5449811228472
 10
-7.63615283676524
 20
32.5449799678176
 10
-7.63614874559534
 20
32.5452505219157
 10
-7.63625522055509
 20
32.5452516769572
 10
-7.63624703868916
 20
32.5457927851409
 10
-7.63635351429333
 20
32.5457939401162
 10
-7.63635215073408
 20
32.5458841248128
 10
-7.63645862645073
 20
32.545885279702
 10
-7.63645589952674
 20
32.546065649099
 10
-7.63656237546225
 20
32.546066803906
 10
-7.63655964872669
 20
32.5462471733057
 10
-7.63666612488107
 20
32.5462483280306
 10
-7.63666339833394
 20
32.5464286974328
 10
-7.63676987470719
 20
32.5464298520755
 10
-7.63676851153088
 20
32.5465200367786
 10
-7.63666203505124
 20
32.5465188821319
 10
-7.63665385522718
 20
32.5470599902981
 10
-7.63654737811527
 20
32.5470588355373
 10
-7.63654601468355
 20
32.547149020223
 10
-7.63643953747133
 20
32.5471478653681
 10
-7.63643135611481
 20
32.5476889734299
 10
-7.63632487827029
 20
32.547687818461
 10
-7.63632351458316
 20
32.5477780031293
 10
-7.63621703663834
 20
32.5477768480662
 10
-7.63620885374926
 20
32.5483179560237
 10
-7.63610237517212
 20
32.5483168008465
 10
-7.63610101122956
 20
32.5484069854974
 10
-7.63599453255212
 20
32.5484058302262
 10
-7.63599180443591
 20
32.5485861995159
 10
-7.63588532555175
 20
32.5485850441466
 10
-7.6358785046226
 20
32.5490359673274
 10
-7.63577202521252
 20
32.549034811848
 10
-7.63576247491099
 20
32.5496661042167
 10
-7.63554951461941
 20
32.5496637929316
 10
-7.63554678548136
 20
32.5498441621518
 10
-7.63512086412006
 20
32.549839538468
 10
-7.63512359410938
 20
32.5496591692798
 10
-7.63469767369688
 20
32.5496545441857
 10
-7.63469903910803
 20
32.5495643596056
 10
-7.63448607915118
 20
32.5495620465257
 10
-7.63448881038082
 20
32.5493816773773
 10
-7.63353049279226
 20
32.5493712641278
 10
-7.63352775964729
 20
32.5495516332043
 10
-7.63342127973292
 20
32.5495504757179
 10
-7.63341991304488
 20
32.5496406602502
 10
-7.63310047301917
 20
32.5496371872382
 10
-7.63309773898633
 20
32.5498175562747
 10
-7.63299125877715
 20
32.5498163984157
 10
-7.63297621998948
 20
32.5508084279761
 10
-7.63286973861588
 20
32.550807269983
 10
-7.63286837131032
 20
32.5508974544765
 10
-7.63276188983641
 20
32.5508962963893
 10
-7.63275915499414
 20
32.5510766653641
 10
-7.63265267331351
 20
32.5510755071788
 10
-7.63264993823398
 20
32.5512558761402
 10
-7.6317980833062
 20
32.5512466073485
 10
-7.63179124124381
 20
32.5516975295685
 10
-7.63189772362048
 20
32.5516986885029
 10
-7.63189225028624
 20
32.5520594262707
 10
-7.63199873309471
 20
32.552060585131
 10
-7.63199736485229
 20
32.5521507695736
 10
-7.63221033070039
 20
32.5521530870318
 10
-7.63220759462291
 20
32.5523334559289
 10
-7.63231407776897
 20
32.5523346145308
 10
-7.6323113418799
 20
32.5525149834305
 10
-7.63241782524491
 20
32.5525161419502
 10
-7.63241508954425
 20
32.5526965108525
 10
-7.63252157312821
 20
32.5526976692901
 10
-7.63249148114974
 20
32.554681726948
 10
-7.63259796708125
 20
32.5546828853834
 10
-7.63258292115414
 20
32.5556749140119
 10
-7.63268940826256
 20
32.5556760724011
 10
-7.63267709836679
 20
32.5564877321029
 10
-7.6327835864393
 20
32.5564888904379
 10
-7.63277948335009
 20
32.5567594436595
 10
-7.63288597174804
 20
32.5567606019164
 10
-7.6328832365376
 20
32.5569409707321
 10
-7.63298972515455
 20
32.5569421289068
 10
-7.63298699013256
 20
32.5571224977251
 10
-7.63309347896851
 20
32.5571236558176
 10
-7.63309211155481
 20
32.5572138402287
 10
-7.63319860050331
 20
32.557214998235
 10
-7.63319039653154
 20
32.5577561046975
 10
-7.63329688612485
 20
32.5577572626377
 10
-7.63329278437588
 20
32.5580278158627
 10
-7.63318629446323
 20
32.5580266579106
 10
-7.63318082495332
 20
32.5583873955092
 10
-7.63307433462095
 20
32.5583862374509
 10
-7.63307296712176
 20
32.5584764218431
 10
-7.63296647668904
 20
32.5584752636907
 10
-7.63296374145942
 20
32.5586556324632
 10
-7.63285725081991
 20
32.5586544742126
 10
-7.63285451535294
 20
32.5588348429717
 10
-7.63274802450662
 20
32.5588336846229
 10
-7.63274528880232
 20
32.5590140533687
 10
-7.63263879774919
 20
32.5590128949218
 10
-7.63263742978142
 20
32.5591030792886
 10
-7.63253093862795
 20
32.5591019207475
 10
-7.63252820246116
 20
32.5592822894692
 10
-7.63242171110088
 20
32.5592811308299
 10
-7.63241897469673
 20
32.5594614995382
 10
-7.63220599156867
 20
32.5594591819731
 10
-7.63220325471424
 20
32.55963955066
 10
-7.63199027118478
 20
32.5596372327183
 10
-7.63199300846505
 20
32.5594568640474
 10
-7.63146055081296
 20
32.5594510676549
 10
-7.63146328913336
 20
32.5592706990186
 10
-7.63114381525423
 20
32.5592672201251
 10
-7.63114655418893
 20
32.5590868515074
 10
-7.63061409891059
 20
32.5590810515882
 10
-7.63061546890105
 20
32.5589908672973
 10
-7.6305089779702
 20
32.558989707047
 10
-7.63050760787328
 20
32.5590798913338
 10
-7.62997515277849
 20
32.5590740887095
 10
-7.62997241150173
 20
32.559254457239
 10
-7.62975942908082
 20
32.5592521355421
 10
-7.62975668735374
 20
32.5594325040502
 10
-7.62954370453149
 20
32.5594301819766
 10
-7.62954096235409
 20
32.5596105504633
 10
-7.62943447073923
 20
32.5596093892832
 10
-7.62942487218022
 20
32.5602406789164
 10
-7.62953136454031
 20
32.5602418401246
 10
-7.6295272510997
 20
32.5605123928163
 10
-7.62963374378531
 20
32.5605135539463
 10
-7.62962825953797
 20
32.5608742908658
 10
-7.62973475265556
 20
32.5608754519217
 10
-7.62973063972517
 20
32.5611460046092
 10
-7.62983713316828
 20
32.5611471655869
 10
-7.62983439139702
 20
32.5613275340465
 10
-7.62994088505919
 20
32.561328694942
 10
-7.62993128941222
 20
32.5619599845363
 10
-7.62950531181909
 20
32.5619553403009
 10
-7.62950805431489
 20
32.5617749718842
 10
-7.62929506598096
 20
32.5617726492414
 10
-7.62929780887815
 20
32.5615922808354
 10
-7.628978327062
 20
32.5615887962189
 10
-7.62897969882082
 20
32.5614986120259
 10
-7.6285537235776
 20
32.5614939646242
 10
-7.6285523513929
 20
32.5615841488012
 10
-7.62844585749094
 20
32.5615829867213
 10
-7.62844311289022
 20
32.5617633550632
 10
-7.62833661878145
 20
32.5617621928851
 10
-7.62833387394327
 20
32.5619425612136
 10
-7.62822737962769
 20
32.5619413989374
 10
-7.62822463455206
 20
32.5621217672525
 10
-7.62811814002966
 20
32.562120604878
 10
-7.62811402205082
 20
32.5623911573285
 10
-7.62800752721513
 20
32.5623899948518
 10
-7.62799517198932
 20
32.5632016520945
 10
-7.6281016677833
 20
32.5632028146073
 10
-7.62809892232308
 20
32.5633831828767
 10
-7.62820541833615
 20
32.5633843453073
 10
-7.6282013004193
 20
32.5636548977133
 10
-7.62809480408679
 20
32.5636537352706
 10
-7.62809205856528
 20
32.5638341035265
 10
-7.62766607244472
 20
32.5638294528218
 10
-7.62766332604683
 20
32.5640098210402
 10
-7.62745033259741
 20
32.5640074951307
 10
-7.6274489591763
 20
32.5640976792299
 10
-7.6273424623543
 20
32.5640965161358
 10
-7.62732735314599
 20
32.5650885410934
 10
-7.62743385113932
 20
32.5650897042316
 10
-7.62743110414378
 20
32.5652700723963
 10
-7.6276441005748
 20
32.5652723984181
 10
-7.62763998067442
 20
32.565542950679
 10
-7.62753348213637
 20
32.5655417877012
 10
-7.62753073529248
 20
32.5657221558603
 10
-7.62731773780881
 20
32.565719829618
 10
-7.62731499051442
 20
32.5659001977557
 10
-7.62699549369597
 20
32.5658967076916
 10
-7.6269941197201
 20
32.5659868917464
 10
-7.62678112165883
 20
32.5659845645779
 10
-7.62677837326269
 20
32.5661649326675
 10
-7.62667187402827
 20
32.5661637689399
 10
-7.62666775106856
 20
32.566434321052
 10
-7.6265612515208
 20
32.5664331572223
 10
-7.62655575372928
 20
32.5667938933368
 10
-7.62644925376167
 20
32.5667927294008
 10
-7.62643275851991
 20
32.5678749375668
 10
-7.62653925976552
 20
32.5678761015511
 10
-7.62653651068563
 20
32.5680564695679
 10
-7.62664301215039
 20
32.56805763347
 10
-7.62664026325895
 20
32.5682380014895
 10
-7.62685326663289
 20
32.568240329039
 10
-7.62685189239098
 20
32.5683305130548
 10
-7.62695839419366
 20
32.5683316766983
 10
-7.62695564590443
 20
32.5685120447338
 10
-7.62684914388874
 20
32.5685108810823
 10
-7.62684639536196
 20
32.5686912491043
 10
-7.6267398931394
 20
32.5686900853546
 10
-7.62673714437505
 20
32.5688704533632
 10
-7.62663064194561
 20
32.5688692895152
 10
-7.62662926744772
 20
32.5689594735135
 10
-7.6265227649179
 20
32.5689583095713
 10
-7.6265200156907
 20
32.5691386775558
 10
-7.62641351295401
 20
32.5691375135154
 10
-7.62641076348923
 20
32.5693178814864
 10
-7.62630426054565
 20
32.5693167173478
 10
-7.62629738624373
 20
32.5697676372318
 10
-7.62640388971987
 20
32.5697688013906
 10
-7.62640114016915
 20
32.5699491693428
 10
-7.62650764386445
 20
32.5699503334194
 10
-7.6265048945022
 20
32.5701307013743
 10
-7.62661139841667
 20
32.5701318653687
 10
-7.62661002383285
 20
32.5702220493481
 10
-7.62682303189323
 20
32.5702243770744
 10
-7.62681753434871
 20
32.5705851130107
 10
-7.62692403881417
 20
32.5705862767546
 10
-7.62689792616062
 20
32.5722997722341
 10
-7.62700443265613
 20
32.5723009359641
 10
-7.62700168403993
 20
32.572481303889
 10
-7.62710819075463
 20
32.5724824675368
 10
-7.62709857115033
 20
32.5731137552598
 10
-7.62699206368993
 20
32.5731125915839
 10
-7.62698519182725
 20
32.5735635113255
 10
-7.62687868384033
 20
32.5735623475394
 10
-7.62687593483923
 20
32.5737427154185
 10
-7.62676942664538
 20
32.5737415515341
 10
-7.62676667740666
 20
32.5739219193999
 10
-7.62655366061124
 20
32.5739195913443
 10
-7.62654953606791
 20
32.5741901431087
 10
-7.62644302735981
 20
32.5741889789336
 10
-7.62644990210066
 20
32.5737380593395
 10
-7.62634339393137
 20
32.5737368950942
 10
-7.62635026905139
 20
32.5732859754866
 10
-7.6262437614209
 20
32.5732848111711
 10
-7.6262520120015
 20
32.5727437076216
 10
-7.62614550501633
 20
32.57274254324
 10
-7.62615238086394
 20
32.5722916235984
 10
-7.62604587441755
 20
32.5722904591467
 10
-7.62605962671747
 20
32.5713886198026
 10
-7.62595312134245
 20
32.5713874553009
 10
-7.62595862251656
 20
32.5710267195416
 10
-7.62585211757376
 20
32.5710255549657
 10
-7.62585486833701
 20
32.570845187086
 10
-7.62564185889591
 20
32.5708428576798
 10
-7.62564323448136
 20
32.5707526737459
 10
-7.62479119781487
 20
32.5707433525446
 10
-7.6247939506716
 20
32.5705629847372
 10
-7.62447443766217
 20
32.5705594878223
 10
-7.62447719113343
 20
32.5703791200337
 10
-7.62437068702227
 20
32.570377954223
 10
-7.62436793333799
 20
32.5705583220036
 10
-7.62415492470807
 20
32.5705559900956
 10
-7.62415079349643
 20
32.5708265417322
 10
-7.62404428887114
 20
32.5708253756308
 10
-7.62403878007679
 20
32.5711861111114
 10
-7.62393227503157
 20
32.5711849449037
 10
-7.62392814305168
 20
32.5714554964879
 10
-7.62382163769305
 20
32.5714543301779
 10
-7.6238119954457
 20
32.5720856171325
 10
-7.62370548934757
 20
32.5720844507041
 10
-7.62369997893052
 20
32.5724451860609
 10
-7.62338045939472
 20
32.5724416861862
 10
-7.62338597109008
 20
32.5720809508777
 10
-7.62306645288796
 20
32.5720774502393
 10
-7.6230609399143
 20
32.5724381854996
 10
-7.62295443343314
 20
32.5724370184236
 10
-7.62295029831869
 20
32.5727075698425
 10
-7.62305680511944
 20
32.5727087369306
 10
-7.6230444004025
 20
32.5735203911508
 10
-7.62293789264298
 20
32.5735192240265
 10
-7.6229323788493
 20
32.5738799591844
 10
-7.62282587066981
 20
32.5738787919537
 10
-7.62282173494032
 20
32.5741493432959
 10
-7.62271522644738
 20
32.5741481759629
 10
-7.62270557545069
 20
32.5747794623526
 10
-7.62259906621815
 20
32.5747782949012
 10
-7.62260182388963
 20
32.5745979273761
 10
-7.62249531487632
 20
32.5745967598426
 10
-7.62249945165699
 20
32.5743262085569
 10
-7.62239294296945
 20
32.5743250409453
 10
-7.62239570100551
 20
32.5741446734228
 10
-7.6222891925372
 20
32.574143505729
 10
-7.62229332986471
 20
32.5738729544472
 10
-7.62218682172216
 20
32.5738717866753
 10
-7.62218958012277
 20
32.5736914191554
 10
-7.62091148544949
 20
32.5736773989515
 10
-7.62090872449208
 20
32.5738577663746
 10
-7.62069570837334
 20
32.5738554283947
 10
-7.62069432767233
 20
32.5739456120962
 10
-7.62058781951567
 20
32.5739444429669
 10
-7.62055882113278
 20
32.5758383003014
 10
-7.62066533152675
 20
32.5758394695154
 10
-7.62065566554065
 20
32.5764707551897
 10
-7.6207621766866
 20
32.5764719243417
 10
-7.62075389195448
 20
32.5770130263198
 10
-7.62064738016924
 20
32.5770118571436
 10
-7.62064599925242
 20
32.5771020407979
 10
-7.6205394873668
 20
32.5771008715274
 10
-7.6205436304184
 20
32.5768303205726
 10
-7.62043711885859
 20
32.576829151224
 10
-7.62044678650899
 20
32.576197865644
 10
-7.62034027570118
 20
32.5761966962334
 10
-7.62034580036334
 20
32.5758359616027
 10
-7.62023928998788
 20
32.575834792118
 10
-7.62024343373938
 20
32.5755642411429
 10
-7.62013692368971
 20
32.5755630715801
 10
-7.62014244903152
 20
32.5752023369439
 10
-7.62003593941418
 20
32.575201167307
 10
-7.62003732084076
 20
32.5751109836487
 10
-7.61993081133613
 20
32.5751098139256
 10
-7.61993357438385
 20
32.5749294466129
 10
-7.61982706509847
 20
32.5749282768076
 10
-7.61982982833459
 20
32.5747479094976
 10
-7.61972331926846
 20
32.5747467396102
 10
-7.61972608269298
 20
32.5745663723028
 10
-7.61951306500536
 20
32.5745640322735
 10
-7.61951444692144
 20
32.5744738486259
 10
-7.61940793819343
 20
32.5744726784799
 10
-7.61941070222014
 20
32.5742923111887
 10
-7.61930419371137
 20
32.5742911409606
 10
-7.61930695792647
 20
32.5741107736721
 10
-7.61909394135359
 20
32.5741084329613
 10
-7.61909670597014
 20
32.5739280656836
 10
-7.61899019790602
 20
32.5739268952009
 10
-7.61899158031157
 20
32.5738367115641
 10
-7.61877856441492
 20
32.5738343703363
 10
-7.61878132963363
 20
32.5736540030746
 10
-7.61846180647416
 20
32.5736504905805
 10
-7.61845904061625
 20
32.5738308578179
 10
-7.61835253269571
 20
32.573829686798
 10
-7.61834285125278
 20
32.5744609720582
 10
-7.61844935991906
 20
32.5744621431064
 10
-7.61844244495009
 20
32.5749130611292
 10
-7.61822942655833
 20
32.5749107189022
 10
-7.6182321929906
 20
32.5747303517133
 10
-7.61791266608851
 20
32.5747268377204
 10
-7.61791543313529
 20
32.5745464705504
 10
-7.61748939820463
 20
32.5745417839957
 10
-7.6174907821449
 20
32.5744516004249
 10
-7.61738427353422
 20
32.5744504285647
 10
-7.61738288948742
 20
32.5745406121315
 10
-7.61695685468035
 20
32.5745359237724
 10
-7.61695408571591
 20
32.5747162908697
 10
-7.61674106792332
 20
32.5747139461327
 10
-7.616738298508
 20
32.5748943132084
 10
-7.61663178940791
 20
32.5748931406964
 10
-7.61662901975478
 20
32.5750735077586
 10
-7.61652251044779
 20
32.5750723351484
 10
-7.61652112550541
 20
32.5751625186734
 10
-7.61641461609806
 20
32.5751613459688
 10
-7.61640907584054
 20
32.5755220800393
 10
-7.61630256601322
 20
32.5755209072284
 10
-7.61629979563426
 20
32.5757012742475
 10
-7.61619328560005
 20
32.5757001013382
 10
-7.61619190029475
 20
32.5757902848417
 10
-7.61608539016017
 20
32.5757891118381
 10
-7.61607984845095
 20
32.5761498458223
 10
-7.61597333789639
 20
32.5761486727123
 10
-7.61597056679157
 20
32.5763290396882
 10
-7.61607707755922
 20
32.5763302128063
 10
-7.61607569210408
 20
32.5764203962962
 10
-7.61618220298446
 20
32.5764215693281
 10
-7.61617943226871
 20
32.5766019363121
 10
-7.61628594336837
 20
32.5766031092618
 10
-7.61628040228882
 20
32.5769638432298
 10
-7.61617389076297
 20
32.5769626702639
 10
-7.61617250537106
 20
32.5770528537485
 10
-7.61563994730184
 20
32.5770469875452
 10
-7.61563717543399
 20
32.5772273544699
 10
-7.61553066362561
 20
32.5772261809504
 10
-7.61552789151989
 20
32.5774065478616
 10
-7.6154213795046
 20
32.5774053742438
 10
-7.61541860716103
 20
32.5775857411415
 10
-7.61531209493883
 20
32.5775845674254
 10
-7.6153107086512
 20
32.5776747508681
 10
-7.61520419632863
 20
32.5776735770577
 10
-7.61519865069003
 20
32.5780343107991
 10
-7.61509213794744
 20
32.5780331368823
 10
-7.61506579278675
 20
32.579746621782
 10
-7.61517230755396
 20
32.5797477957758
 10
-7.61516953446226
 20
32.5799281625871
 10
-7.61527604944879
 20
32.5799293364988
 10
-7.61527327654545
 20
32.5801097033128
 10
-7.61548630696334
 20
32.5801120508815
 10
-7.61548492071551
 20
32.5802022342946
 10
-7.61527189008449
 20
32.5801998867178
 10
-7.61526911714401
 20
32.5803802535238
 10
-7.61516260162466
 20
32.5803790795919
 10
-7.61516537477827
 20
32.580198712794
 10
-7.6149523441844
 20
32.5801963646758
 10
-7.61495373096505
 20
32.5801061812829
 10
-7.61484721578397
 20
32.5801050070925
 10
-7.61484998953983
 20
32.5799246403108
 10
-7.61474347457807
 20
32.5799234660382
 10
-7.61474902244172
 20
32.579562732475
 10
-7.61464250791241
 20
32.5795615581284
 10
-7.6146438949694
 20
32.5794713747382
 10
-7.61432435173831
 20
32.5794678511691
 10
-7.61432296436163
 20
32.579558034547
 10
-7.61421644985709
 20
32.5795568598395
 10
-7.61421367487203
 20
32.5797372265833
 10
-7.61410716016056
 20
32.5797360517773
 10
-7.61410022205665
 20
32.580186968593
 10
-7.61399370681856
 20
32.5801857936766
 10
-7.61395623550322
 20
32.582620743789
 10
-7.61374319929074
 20
32.5826183934665
 10
-7.61374597552497
 20
32.5824380268414
 10
-7.61363945764118
 20
32.5824368515529
 10
-7.61364917501175
 20
32.5818055683511
 10
-7.6135426578802
 20
32.5818043930007
 10
-7.61354959920609
 20
32.5813534764078
 10
-7.61344308261359
 20
32.5813523009875
 10
-7.6134458593137
 20
32.581171934349
 10
-7.61323282657359
 20
32.5811695832537
 10
-7.61321616344323
 20
32.5822517829065
 10
-7.61332268108907
 20
32.5822529585479
 10
-7.61330740694092
 20
32.5832449747702
 10
-7.61320088812271
 20
32.5832437990842
 10
-7.61320366550952
 20
32.5830634325186
 10
-7.61299062831805
 20
32.583061080892
 10
-7.61299618386989
 20
32.582700347777
 10
-7.61288966570978
 20
32.5826991718446
 10
-7.61289105468881
 20
32.5826089885666
 10
-7.61278453664147
 20
32.5826078125479
 10
-7.6127900929219
 20
32.5822470794384
 10
-7.61289661054293
 20
32.5822482554408
 10
-7.61290355522105
 20
32.5817973390033
 10
-7.61279703813289
 20
32.5817961630212
 10
-7.61279981617387
 20
32.5816157964448
 10
-7.61269329930507
 20
32.5816146203806
 10
-7.61269052105094
 20
32.5817949869488
 10
-7.61258400397519
 20
32.5817938107862
 10
-7.6125812254831
 20
32.5819741773409
 10
-7.61247470820041
 20
32.58197300108
 10
-7.61247748690564
 20
32.5817926345334
 10
-7.6123709698423
 20
32.5817914581903
 10
-7.61237374873587
 20
32.5816110916464
 10
-7.61226723189187
 20
32.5816099152212
 10
-7.61227001097377
 20
32.58142954868
 10
-7.61216349434912
 20
32.5814283721727
 10
-7.61216766324514
 20
32.581157822363
 10
-7.61206114694642
 20
32.5811566457776
 10
-7.6120680955152
 20
32.5807057294214
 10
-7.61196157975552
 20
32.580704552766
 10
-7.61196713892512
 20
32.5803438196731
 10
-7.61186062359792
 20
32.5803426429437
 10
-7.61186340335862
 20
32.5801622763972
 10
-7.61175688825075
 20
32.5801610995857
 10
-7.61175827822836
 20
32.5800709163145
 10
-7.61165176323326
 20
32.5800697394169
 10
-7.61165454338298
 20
32.5798893728785
 10
-7.61154802860722
 20
32.5798881958987
 10
-7.61155080894523
 20
32.5797078293632
 10
-7.61144429438881
 20
32.5797066523012
 10
-7.61144707491511
 20
32.5795262857684
 10
-7.61102101760399
 20
32.5795215766508
 10
-7.61101267339306
 20
32.5800626761357
 10
-7.61090615844142
 20
32.5800614986064
 10
-7.61089642250016
 20
32.580692781249
 10
-7.61100293819776
 20
32.5806939588068
 10
-7.61099876587805
 20
32.5809645085027
 10
-7.61110528190156
 20
32.5809656859824
 10
-7.61110250053718
 20
32.5811460524477
 10
-7.61099598430053
 20
32.5811448749599
 10
-7.61099320269817
 20
32.5813252414117
 10
-7.61109971914796
 20
32.5813264189077
 10
-7.61109276556624
 20
32.5817773350339
 10
-7.6111992825551
 20
32.5817785124599
 10
-7.61119511065127
 20
32.5820490621317
 10
-7.61130162796607
 20
32.5820502394797
 10
-7.61129884687895
 20
32.5822306059289
 10
-7.6114053644131
 20
32.5822317831947
 10
-7.61139285017294
 20
32.5830434321859
 10
-7.6114993686725
 20
32.5830446093981
 10
-7.61149658787511
 20
32.5832249758338
 10
-7.61160310659404
 20
32.5832261529639
 10
-7.61159337435368
 20
32.583857435475
 10
-7.6116998938249
 20
32.5838586125432
 10
-7.61169572309138
 20
32.5841291621828
 10
-7.61180224288857
 20
32.5841303391729
 10
-7.61179668224998
 20
32.584491072023
 10
-7.61190320247972
 20
32.5844922489391
 10
-7.61188652124715
 20
32.5855744474086
 10
-7.61199304276218
 20
32.5855756242832
 10
-7.61198331237658
 20
32.5862069066625
 10
-7.61177026786039
 20
32.5862045527662
 10
-7.61176609696244
 20
32.5864751023128
 10
-7.61208566470542
 20
32.5864786330583
 10
-7.61208705469114
 20
32.5863884498653
 10
-7.61219357717795
 20
32.5863896265959
 10
-7.61219218729882
 20
32.5864798097929
 10
-7.61251175511627
 20
32.5864833394553
 10
-7.61250897597899
 20
32.5866637058697
 10
-7.61282854449187
 20
32.5866672347441
 10
-7.61282298742205
 20
32.5870279676054
 10
-7.61218384789372
 20
32.587020908947
 10
-7.61218245797114
 20
32.5871110921346
 10
-7.61196941129814
 20
32.5871087385182
 10
-7.61196385069297
 20
32.5874694712228
 10
-7.61185732693937
 20
32.5874682942629
 10
-7.61185037551022
 20
32.5879192100929
 10
-7.61195689979684
 20
32.587920387073
 10
-7.61195133896821
 20
32.588281119729
 10
-7.61163176484768
 20
32.5882775884691
 10
-7.61162759320155
 20
32.5885481379104
 10
-7.6115210681873
 20
32.588546960631
 10
-7.61151828684562
 20
32.5887273269103
 10
-7.61162481207309
 20
32.5887285041978
 10
-7.61160812478076
 20
32.589810701809
 10
-7.6117146512938
 20
32.589811879055
 10
-7.61171187020472
 20
32.5899922453127
 10
-7.6118183969372
 20
32.5899934224765
 10
-7.61181561603651
 20
32.590173788737
 10
-7.61192214298844
 20
32.5901749658186
 10
-7.6119207526354
 20
32.5902651489509
 10
-7.61224033384826
 20
32.5902686796663
 10
-7.61224172388145
 20
32.5901784965219
 10
-7.61245477784115
 20
32.5901808498726
 10
-7.61245755746243
 20
32.5900004835634
 10
-7.61256408423836
 20
32.5900016600953
 10
-7.61255713567172
 20
32.5904525758785
 10
-7.61266366298694
 20
32.5904537523403
 10
-7.61265810444842
 20
32.5908144849588
 10
-7.61276463219633
 20
32.5908156613467
 10
-7.61276324265281
 20
32.590905844502
 10
-7.61286977051354
 20
32.5909070208036
 10
-7.61286421270391
 20
32.5912677534276
 10
-7.61297074099734
 20
32.5912689296551
 10
-7.61296657289485
 20
32.5915394791211
 10
-7.61307310151435
 20
32.5915406552705
 10
-7.61306754438402
 20
32.5919013878892
 10
-7.61317407343623
 20
32.5919025639646
 10
-7.6131712950471
 20
32.5920829302739
 10
-7.61327782431877
 20
32.5920841062672
 10
-7.61327643522153
 20
32.5921742894239
 10
-7.61338296460603
 20
32.5921754653308
 10
-7.6133801866062
 20
32.5923558316483
 10
-7.6136997754367
 20
32.5923593588519
 10
-7.61369422064218
 20
32.5927200915194
 10
-7.61380075069127
 20
32.5927212670895
 10
-7.61379936208377
 20
32.5928114502571
 10
-7.61401242241381
 20
32.5928138011347
 10
-7.61400964560674
 20
32.592994167482
 10
-7.61422270638811
 20
32.5929965180147
 10
-7.61421992998278
 20
32.5931768843727
 10
-7.61411339937573
 20
32.5931757091434
 10
-7.61411062273234
 20
32.593356075488
 10
-7.61389756111029
 20
32.5933537247423
 10
-7.61390033818022
 20
32.5931733584139
 10
-7.6126219715281
 20
32.593159246453
 10
-7.61261919189895
 20
32.593339612684
 10
-7.61251266117166
 20
32.5933384360923
 10
-7.61251127124114
 20
32.5934286192017
 10
-7.61261780207507
 20
32.5934297957975
 10
-7.61261224271747
 20
32.5937905282379
 10
-7.61271877398414
 20
32.5937917047596
 10
-7.61271599448138
 20
32.5939720709799
 10
-7.61282252596754
 20
32.5939732474194
 10
-7.61282113631349
 20
32.5940634305316
 10
-7.61292766791249
 20
32.5940646068849
 10
-7.61292488879905
 20
32.5942449731132
 10
-7.61303142061753
 20
32.5942461493844
 10
-7.61302447325858
 20
32.594697064952
 10
-7.61313100561646
 20
32.5946982411531
 10
-7.61312822684274
 20
32.5948786073788
 10
-7.61323475942011
 20
32.5948797834978
 10
-7.61323198083486
 20
32.5950601497262
 10
-7.6131254480442
 20
32.5950589735992
 10
-7.61310599575963
 20
32.5963215369902
 10
-7.61321253004335
 20
32.5963227131741
 10
-7.61320836185841
 20
32.59659326245
 10
-7.61331489646829
 20
32.5965944385557
 10
-7.61330656057084
 20
32.5971355370953
 10
-7.61341309582684
 20
32.5971367131351
 10
-7.61340892811434
 20
32.5974072623989
 10
-7.61330239253837
 20
32.5974060863469
 10
-7.61330517123289
 20
32.5972257201805
 10
-7.61319863587643
 20
32.5972245440464
 10
-7.61320280419165
 20
32.5969539947989
 10
-7.61309626916136
 20
32.5969528185866
 10
-7.61309904822046
 20
32.596772452423
 10
-7.61299251340968
 20
32.5967712761285
 10
-7.61299668227176
 20
32.5965007268851
 10
-7.61289014778714
 20
32.5964995505125
 10
-7.6128929272108
 20
32.5963191843516
 10
-7.6127863929457
 20
32.5963180078969
 10
-7.61278917255784
 20
32.5961376417387
 10
-7.61268263851223
 20
32.5961364652018
 10
-7.61268541831285
 20
32.5959560990463
 10
-7.61257888448675
 20
32.5959549224272
 10
-7.6125802744844
 20
32.5958647393515
 10
-7.61247374077116
 20
32.5958635626461
 10
-7.61247652096113
 20
32.5956831964988
 10
-7.61226345397986
 20
32.5956808428334
 10
-7.61226623457159
 20
32.5955004766969
 10
-7.61205316804173
 20
32.5954981226866
 10
-7.61205038702341
 20
32.5956784888069
 10
-7.6119438535545
 20
32.5956773116582
 10
-7.61194107229805
 20
32.5958576777649
 10
-7.61172800495226
 20
32.5958553231804
 10
-7.61172661410143
 20
32.5959455062236
 10
-7.61140701280939
 20
32.5959419736574
 10
-7.6114042304492
 20
32.5961223397155
 10
-7.61129769648431
 20
32.5961211620047
 10
-7.61129491388597
 20
32.5963015280492
 10
-7.611188379714
 20
32.59630035024
 10
-7.61118559687751
 20
32.596480716271
 10
-7.61107906249845
 20
32.5964795383634
 10
-7.61108462857316
 20
32.5961188063122
 10
-7.61119116252563
 20
32.5961199842036
 10
-7.61119533669649
 20
32.5958494351389
 10
-7.61130187033522
 20
32.5958506129278
 10
-7.61130465287143
 20
32.5956702468698
 10
-7.61141118630308
 20
32.5956714245602
 10
-7.61141396860116
 20
32.5954910584887
 10
-7.61152050182573
 20
32.5954922360807
 10
-7.61152328388567
 20
32.5953118699957
 10
-7.61162981690316
 20
32.5953130474893
 10
-7.61164650746139
 20
32.5942308508169
 10
-7.6115399757236
 20
32.594229673372
 10
-7.61154275760965
 20
32.5940493072492
 10
-7.61143622609135
 20
32.5940481297221
 10
-7.61143761713169
 20
32.5939579466627
 10
-7.61133108572624
 20
32.5939567690494
 10
-7.61133665025205
 20
32.5935960368147
 10
-7.61112358831289
 20
32.5935936813497
 10
-7.61112637096506
 20
32.5934133152405
 10
-7.61101984021807
 20
32.5934121373807
 10
-7.61102123164147
 20
32.5933219543281
 10
-7.61059510914216
 20
32.5933172420023
 10
-7.61059093357369
 20
32.5935877911072
 10
-7.61048440264449
 20
32.5935866127878
 10
-7.61048161868783
 20
32.5937669788429
 10
-7.61037508755157
 20
32.5937658004252
 10
-7.6103778717215
 20
32.5935854343782
 10
-7.61027134080474
 20
32.5935842558783
 10
-7.61027412516308
 20
32.5934038898341
 10
-7.6101675944658
 20
32.593402711252
 10
-7.61017177127659
 20
32.5931321621877
 10
-7.60995871054048
 20
32.5931298047771
 10
-7.60996428038757
 20
32.5927690727051
 10
-7.61007081032599
 20
32.5927702514393
 10
-7.61007498732613
 20
32.5924997023589
 10
-7.61028804658183
 20
32.592502059532
 10
-7.61029361497529
 20
32.5921413273735
 10
-7.61018708577085
 20
32.5921401488483
 10
-7.6101884779603
 20
32.5920499658093
 10
-7.60997541978332
 20
32.5920476084962
 10
-7.60997820457008
 20
32.5918672424305
 10
-7.60976514684447
 20
32.5918648847726
 10
-7.60976793203287
 20
32.5916845187178
 10
-7.60966140339265
 20
32.5916833397615
 10
-7.60966558144849
 20
32.5914127906814
 10
-7.60955905313436
 20
32.591411611647
 10
-7.60956880246005
 20
32.5907803304412
 10
-7.60946227489849
 20
32.590779151345
 10
-7.60946506057738
 20
32.5905987852822
 10
-7.60935853323528
 20
32.5905976061039
 10
-7.60936131910254
 20
32.5904172400439
 10
-7.60914826486347
 20
32.5904148814327
 10
-7.60914547856974
 20
32.5905952474765
 10
-7.60893242392908
 20
32.590592888488
 10
-7.60892963718398
 20
32.5907732545101
 10
-7.60882310965974
 20
32.5907720748723
 10
-7.60881892917557
 20
32.5910426238832
 10
-7.60871240133769
 20
32.5910414441429
 10
-7.60870264591049
 20
32.5916727250926
 10
-7.60859611733247
 20
32.5916715452335
 10
-7.60859054223924
 20
32.5920322771588
 10
-7.60848401324094
 20
32.5920310971931
 10
-7.60848261934544
 20
32.592121280167
 10
-7.60837609024674
 20
32.5921201001071
 10
-7.60836354394757
 20
32.5929317467746
 10
-7.60847007400594
 20
32.5929329268712
 10
-7.60846728608426
 20
32.5931132927906
 10
-7.60857381636212
 20
32.5931144728051
 10
-7.6085710286288
 20
32.5932948387272
 10
-7.60867755912616
 20
32.5932960186595
 10
-7.6086761653568
 20
32.5933862016227
 10
-7.60888922658344
 20
32.5933885612246
 10
-7.60888643945259
 20
32.593568927163
 10
-7.60899297028851
 20
32.5935701068367
 10
-7.60898600288568
 20
32.5940210216796
 10
-7.60824028343264
 20
32.5940127619255
 10
-7.60823749493502
 20
32.5941931277963
 10
-7.60802443186362
 20
32.5941907670376
 10
-7.60802164291455
 20
32.5943711328867
 10
-7.60791511117491
 20
32.5943699523638
 10
-7.60791232198766
 20
32.5945503181993
 10
-7.60780579004096
 20
32.594549137578
 10
-7.60780160589346
 20
32.594819686309
 10
-7.60769507363307
 20
32.5948185055851
 10
-7.60769228395698
 20
32.5949988713909
 10
-7.60758575148953
 20
32.5949976905686
 10
-7.60758296157525
 20
32.5951780563608
 10
-7.60747642890075
 20
32.5951768754401
 10
-7.6074694534728
 20
32.5956277898766
 10
-7.60736292027131
 20
32.5956266088453
 10
-7.60735873461986
 20
32.5958971574787
 10
-7.60725220110465
 20
32.5958959763449
 10
-7.60724243362002
 20
32.5965272564139
 10
-7.60702936511522
 20
32.5965248938183
 10
-7.60703076070215
 20
32.5964347109635
 10
-7.60713729484479
 20
32.5964358923024
 10
-7.60714706303235
 20
32.5958046122524
 10
-7.60704052963625
 20
32.595803430942
 10
-7.60705029826503
 20
32.5951721508544
 10
-7.60715683091462
 20
32.5951733321362
 10
-7.60716241242456
 20
32.5948126006116
 10
-7.6072689446538
 20
32.5948137817869
 10
-7.60727313040092
 20
32.5945432331171
 10
-7.60737966231647
 20
32.5945444141898
 10
-7.60738942809524
 20
32.5939131338844
 10
-7.60728289692616
 20
32.5939119528401
 10
-7.60728568730588
 20
32.5937315870346
 10
-7.6071791563563
 20
32.5937304059082
 10
-7.60718194692437
 20
32.5935500401054
 10
-7.60707541619429
 20
32.5935488588969
 10
-7.60707820695071
 20
32.5933684930968
 10
-7.60697167644013
 20
32.5933673118061
 10
-7.60697307191563
 20
32.5932771289082
 10
-7.60707960231958
 20
32.5932783101948
 10
-7.60708797440193
 20
32.5927372127542
 10
-7.60698144463777
 20
32.592736031492
 10
-7.60698563091474
 20
32.5924654827657
 10
-7.6068791014767
 20
32.5924643014255
 10
-7.60688189251011
 20
32.5922839356093
 10
-7.60677536329156
 20
32.592282754187
 10
-7.6067781545133
 20
32.5921023883736
 10
-7.60645856753481
 20
32.5920988435893
 10
-7.6064557756733
 20
32.5922792093782
 10
-7.60634924647968
 20
32.5922780275948
 10
-7.60634645437998
 20
32.5924583933701
 10
-7.60613339558493
 20
32.592456029516
 10
-7.60613618811114
 20
32.5922756637569
 10
-7.60602965893622
 20
32.5922744817026
 10
-7.60603245165075
 20
32.5920941159463
 10
-7.60592592269532
 20
32.5920929338098
 10
-7.60593011204023
 20
32.5918223851775
 10
-7.60582358341091
 20
32.591821202963
 10
-7.60582637648959
 20
32.5916408372094
 10
-7.60561331967617
 20
32.5916384725259
 10
-7.6056161131564
 20
32.5914581067833
 10
-7.60550958497229
 20
32.5914569243143
 10
-7.60551936270302
 20
32.5908256442012
 10
-7.6054128352715
 20
32.5908244616705
 10
-7.60541981971088
 20
32.5903735472839
 10
-7.60531329281868
 20
32.5903723646833
 10
-7.60533564368271
 20
32.5889294384849
 10
-7.60608132011824
 20
32.5889377143368
 10
-7.60608271624796
 20
32.5888475314094
 10
-7.606295766501
 20
32.588849895118
 10
-7.6062985583153
 20
32.5886695292428
 10
-7.60640508323795
 20
32.5886707109535
 10
-7.60640787481409
 20
32.5884903450647
 10
-7.60651439952976
 20
32.5884915266771
 10
-7.60652137782803
 20
32.5880406119112
 10
-7.6066279020169
 20
32.5880417934128
 10
-7.60663069307937
 20
32.5878614274889
 10
-7.60673721706126
 20
32.5878626088921
 10
-7.60674140328843
 20
32.5875920599839
 10
-7.60684792695673
 20
32.5875932412846
 10
-7.60685629860324
 20
32.5870521434073
 10
-7.60696282163816
 20
32.5870533245933
 10
-7.60696421678418
 20
32.5869631416049
 10
-7.60685769385585
 20
32.586961960423
 10
-7.60687025084903
 20
32.5861503135037
 10
-7.60697677281797
 20
32.5861514946489
 10
-7.60698932834721
 20
32.5853398475837
 10
-7.60666976533709
 20
32.5853363039871
 10
-7.60666697462353
 20
32.5855166699866
 10
-7.60645393222157
 20
32.5855143071212
 10
-7.60645114105672
 20
32.585694673099
 10
-7.60623809825332
 20
32.5856923098563
 10
-7.60623670244836
 20
32.5857824928351
 10
-7.60581061648996
 20
32.5857777652503
 10
-7.6058078240086
 20
32.5859581311711
 10
-7.6054882589657
 20
32.5859545845103
 10
-7.60548546581983
 20
32.5861349504012
 10
-7.60537894393814
 20
32.5861337679923
 10
-7.60537475385278
 20
32.5864043168063
 10
-7.60526823165754
 20
32.5864031342949
 10
-7.60526264436335
 20
32.5867638660117
 10
-7.60515612174796
 20
32.5867626833937
 10
-7.60515193089204
 20
32.5870332321549
 10
-7.60504540796308
 20
32.5870320494344
 10
-7.6050468050279
 20
32.5869418665194
 10
-7.60494028221178
 20
32.5869406837127
 10
-7.60494307653589
 20
32.5867603178869
 10
-7.60473003134877
 20
32.586757952019
 10
-7.60473282607432
 20
32.5865775862041
 10
-7.60451978133855
 20
32.5865752199915
 10
-7.60451698618661
 20
32.5867555857901
 10
-7.60441046361489
 20
32.5867544025402
 10
-7.6044076682248
 20
32.5869347683252
 10
-7.60408809990749
 20
32.5869312180096
 10
-7.60409089593718
 20
32.5867508522491
 10
-7.60366480578762
 20
32.5867461172639
 10
-7.60368018819482
 20
32.5857541056641
 10
-7.60336062416587
 20
32.5857505536122
 10
-7.60336202284884
 20
32.5856603707436
 10
-7.60325550162494
 20
32.5856591865499
 10
-7.60326389423115
 20
32.5851180893347
 10
-7.60315737365304
 20
32.5851169050753
 10
-7.60316436785274
 20
32.5846659907126
 10
-7.60305784781382
 20
32.5846648063833
 10
-7.60307043793906
 20
32.5838531604823
 10
-7.60296391886565
 20
32.5838519760995
 10
-7.602975110516
 20
32.5831305130172
 10
-7.60286859230148
 20
32.5831293285769
 10
-7.60287838541364
 20
32.5824980483377
 10
-7.60277186795141
 20
32.5824968638357
 10
-7.60277746430437
 20
32.5821361322571
 10
-7.60267094727469
 20
32.5821349476811
 10
-7.60267514479354
 20
32.5818643989953
 10
-7.60256862808982
 20
32.5818632143414
 10
-7.6025784228278
 20
32.5812319340557
 10
-7.60225887499212
 20
32.5812283796384
 10
-7.60225747544287
 20
32.5813185625282
 10
-7.60215095940357
 20
32.5813173775378
 10
-7.60214816007319
 20
32.581497743305
 10
-7.602041643827
 20
32.5814965582163
 10
-7.60203604466496
 20
32.5818572897182
 10
-7.60192952799873
 20
32.5818561045229
 10
-7.60190012851915
 20
32.583749944468
 10
-7.60179360962106
 20
32.5837487590965
 10
-7.6017824082415
 20
32.5844702217435
 10
-7.60167588849699
 20
32.584469036249
 10
-7.60166608621554
 20
32.5851003159656
 10
-7.60155956573117
 20
32.5850991303523
 10
-7.60155396386356
 20
32.5854598615729
 10
-7.60166048477429
 20
32.5854610472025
 10
-7.6016562836277
 20
32.5857315956161
 10
-7.60176280486446
 20
32.5857327811678
 10
-7.6017530027164
 20
32.5863640607807
 10
-7.60185952470557
 20
32.5863652462708
 10
-7.60185672424876
 20
32.5865456118705
 10
-7.60196324645737
 20
32.5865467972785
 10
-7.60195624573892
 20
32.5869977112746
 10
-7.60206276848678
 20
32.5869988966128
 10
-7.60205436805794
 20
32.5875399933882
 10
-7.60194784467047
 20
32.5875388080255
 10
-7.60194084360817
 20
32.5879897219474
 10
-7.60204736752865
 20
32.5879909073306
 10
-7.60203336600121
 20
32.588892735114
 10
-7.60213989099401
 20
32.5888939204478
 10
-7.60213429063442
 20
32.5892546515397
 10
-7.60202776521518
 20
32.5892534661896
 10
-7.6020305656207
 20
32.5890731006545
 10
-7.60192404042093
 20
32.5890719152223
 10
-7.60193104185836
 20
32.5886210013814
 10
-7.601504943254
 20
32.5886162588317
 10
-7.60150214184492
 20
32.5887966243394
 10
-7.60139561699625
 20
32.5887954384681
 10
-7.60139421617572
 20
32.5888856212158
 10
-7.60128769122669
 20
32.5888844352502
 10
-7.60128488935365
 20
32.5890648007334
 10
-7.60117836419766
 20
32.5890636146693
 10
-7.60117556208637
 20
32.589243980139
 10
-7.60106903672342
 20
32.5892427939764
 10
-7.60106623437388
 20
32.5894231594325
 10
-7.6008531832403
 20
32.5894207868203
 10
-7.60085598601627
 20
32.5892404213805
 10
-7.60096251136672
 20
32.5892416077236
 10
-7.60096531390445
 20
32.5890612422703
 10
-7.60107183904792
 20
32.589062428515
 10
-7.60107604248776
 20
32.5887918803126
 10
-7.60118256731767
 20
32.5887930664547
 10
-7.60119097338879
 20
32.588251969989
 10
-7.60129749758531
 20
32.5882531560163
 10
-7.60130170021661
 20
32.587982607753
 10
-7.60119517633991
 20
32.587981421738
 10
-7.60119797827604
 20
32.5878010562305
 10
-7.60066536005239
 20
32.5877951248424
 10
-7.60067236744831
 20
32.5873442111524
 10
-7.60056584435536
 20
32.5873430246245
 10
-7.60056864748312
 20
32.5871626591472
 10
-7.60046212460963
 20
32.5871614725372
 10
-7.60045932126867
 20
32.5873418380063
 10
-7.60035279818824
 20
32.5873406512978
 10
-7.60034999460904
 20
32.5875210167533
 10
-7.60024347132166
 20
32.5875198299463
 10
-7.60024206941607
 20
32.5876100126679
 10
-7.60013554602836
 20
32.5876088257667
 10
-7.60013274198519
 20
32.5877891911976
 10
-7.59991969480213
 20
32.5877868171079
 10
-7.59991689030751
 20
32.5879671825171
 10
-7.59959731894025
 20
32.5879636206809
 10
-7.59959451378096
 20
32.5881439860602
 10
-7.59948798979119
 20
32.5881427985927
 10
-7.59948378168547
 20
32.5884133466392
 10
-7.59937725738215
 20
32.5884121590692
 10
-7.5993744517338
 20
32.5885925244185
 10
-7.59926792722353
 20
32.58859133675
 10
-7.59926512133692
 20
32.5887717020858
 10
-7.59905207190873
 20
32.5887693264617
 10
-7.59906470012008
 20
32.5879576824819
 10
-7.59917122387159
 20
32.5879588703022
 10
-7.59917683582066
 20
32.5875981395931
 10
-7.59896378917674
 20
32.5875957638949
 10
-7.59897080503814
 20
32.587144850519
 10
-7.59886428225858
 20
32.587143662555
 10
-7.59886849202004
 20
32.5868731145256
 10
-7.59897501447981
 20
32.5868743024773
 10
-7.59897782074292
 20
32.5866939371094
 10
-7.59908434299576
 20
32.5866951249627
 10
-7.59908714902062
 20
32.5865147595812
 10
-7.59919367106653
 20
32.5865159473359
 10
-7.59920349121006
 20
32.5858846684295
 10
-7.59909696991031
 20
32.5858834807034
 10
-7.59910398464359
 20
32.5854325671788
 10
-7.59921050541038
 20
32.5854337548844
 10
-7.59922313057634
 20
32.5846221104183
 10
-7.5993296503901
 20
32.5846232979967
 10
-7.59934227408947
 20
32.5838116533843
 10
-7.59944879295023
 20
32.5838128408357
 10
-7.5994501954456
 20
32.5837226580901
 10
-7.59934367669142
 20
32.5837214706429
 10
-7.59935349472971
 20
32.5830901914148
 10
-7.59924697672785
 20
32.583089003906
 10
-7.59925539258446
 20
32.5825479073968
 10
-7.59914887522833
 20
32.5825467198222
 10
-7.59915588880281
 20
32.5820958060479
 10
-7.59904937198581
 20
32.5820946184036
 10
-7.59905919147303
 20
32.5814633390915
 10
-7.59895267540829
 20
32.5814621513857
 10
-7.59897512050309
 20
32.580019227061
 10
-7.59908163486278
 20
32.5800204147013
 10
-7.59909145334161
 20
32.5793891351719
 10
-7.59898493972784
 20
32.5793879475602
 10
-7.59898634244918
 20
32.579297764769
 10
-7.59877331545356
 20
32.5792953892833
 10
-7.5987719125191
 20
32.5793855720663
 10
-7.59866539892413
 20
32.579384384184
 10
-7.59865698054648
 20
32.5799254808292
 10
-7.59855046631841
 20
32.579924292832
 10
-7.59853924061153
 20
32.5806457549172
 10
-7.59843272553722
 20
32.5806445667971
 10
-7.59842991883472
 20
32.5808249322967
 10
-7.59821688827863
 20
32.5808225557692
 10
-7.5982140811248
 20
32.581002921247
 10
-7.59810756564302
 20
32.5810017328397
 10
-7.59810335454556
 20
32.581272281034
 10
-7.59820987034704
 20
32.5812734694536
 10
-7.59820706313053
 20
32.5814538349179
 10
-7.59831357915141
 20
32.5814550232555
 10
-7.59830375444221
 20
32.5820863023667
 10
-7.59819723767533
 20
32.5820851140005
 10
-7.59818039332334
 20
32.5831673065596
 10
-7.59807387528382
 20
32.5831661180539
 10
-7.59807106759092
 20
32.5833464834533
 10
-7.59796454934451
 20
32.5833452948492
 10
-7.59796174141337
 20
32.583525660235
 10
-7.59785522296008
 20
32.5835244715324
 10
-7.59784820248962
 20
32.5839753849528
 10
-7.59774168350969
 20
32.5839741961394
 10
-7.59773887506446
 20
32.5841545614899
 10
-7.59763235587763
 20
32.5841533725781
 10
-7.59762954719414
 20
32.5843337379151
 10
-7.59741650841296
 20
32.5843313598043
 10
-7.59741510384864
 20
32.5844215424625
 10
-7.59730858436087
 20
32.5844203532676
 10
-7.59730577500026
 20
32.5846007185718
 10
-7.59687969625922
 20
32.584595960857
 10
-7.59688250647252
 20
32.5844155955856
 10
-7.59666946756598
 20
32.5844132162031
 10
-7.59667930460706
 20
32.5837819377682
 10
-7.59678582331111
 20
32.5837831274758
 10
-7.59679565929868
 20
32.5831518489461
 10
-7.59690217726294
 20
32.5831530385348
 10
-7.59690639227234
 20
32.5828824905609
 10
-7.59701290992315
 20
32.582883680047
 10
-7.59701993428047
 20
32.5824327667097
 10
-7.59712645140467
 20
32.582433956085
 10
-7.59714892658915
 20
32.5809910331131
 10
-7.59704241117008
 20
32.5809898438034
 10
-7.59704522066837
 20
32.5808094784158
 10
-7.59661915990732
 20
32.5808047203073
 10
-7.5966163495565
 20
32.580985085662
 10
-7.59650983416879
 20
32.5809838959011
 10
-7.59650561827579
 20
32.5812544439108
 10
-7.59639910257466
 20
32.5812532540473
 10
-7.59639348086987
 20
32.5816139846916
 10
-7.59628696474874
 20
32.5816127947214
 10
-7.59628415364555
 20
32.5817931600273
 10
-7.59617763731755
 20
32.5817919699587
 10
-7.59618044863388
 20
32.581611604661
 10
-7.59564786815373
 20
32.5816056530054
 10
-7.5956450557717
 20
32.581786018262
 10
-7.59553853948137
 20
32.5817848276519
 10
-7.59553713317436
 20
32.581875010274
 10
-7.59543061678374
 20
32.5818738195696
 10
-7.59542499106665
 20
32.5822345500283
 10
-7.59531847425601
 20
32.5822333592172
 10
-7.59531144143548
 20
32.5826842722396
 10
-7.59541795877898
 20
32.5826854630712
 10
-7.59540811331249
 20
32.5833167412746
 10
-7.59551463140831
 20
32.5833179320448
 10
-7.59550900571562
 20
32.5836786624334
 10
-7.59540248719347
 20
32.5836774716469
 10
-7.59540108064802
 20
32.5837676542365
 10
-7.59529456202558
 20
32.5837664633556
 10
-7.59529174870266
 20
32.5839468285227
 10
-7.59497219223353
 20
32.5839432553137
 10
-7.594969378246
 20
32.5841236204508
 10
-7.59486285922236
 20
32.5841224291924
 10
-7.59485582361067
 20
32.5845733419909
 10
-7.59496234316723
 20
32.5845745332698
 10
-7.5949553079314
 20
32.585025446055
 10
-7.5948487878419
 20
32.5850242547556
 10
-7.59485019500822
 20
32.5849340722053
 10
-7.5945306350972
 20
32.5849304977777
 10
-7.59453626497868
 20
32.5845697676126
 10
-7.59442974544725
 20
32.5845685759726
 10
-7.59443396811212
 20
32.5842980283469
 10
-7.5945404873238
 20
32.5842992199745
 10
-7.59454893184437
 20
32.583758124662
 10
-7.59422937614667
 20
32.5837545495824
 10
-7.59422656069213
 20
32.5839349146673
 10
-7.59412004192564
 20
32.5839337227854
 10
-7.5941172262328
 20
32.5841140878567
 10
-7.59401070725943
 20
32.5841128958763
 10
-7.59400789132827
 20
32.584293260934
 10
-7.59390137214802
 20
32.5842920688551
 10
-7.59389996406643
 20
32.5843822513778
 10
-7.59379344478589
 20
32.5843810592045
 10
-7.59380752638471
 20
32.583479233958
 10
-7.59348797177825
 20
32.5834756570201
 10
-7.59348515486931
 20
32.5836560220556
 10
-7.59337863646657
 20
32.5836548295542
 10
-7.59337441073625
 20
32.5839253770849
 10
-7.59326789202006
 20
32.583924184481
 10
-7.59326084847749
 20
32.5843750969845
 10
-7.59315432923468
 20
32.5843739042698
 10
-7.59314869386106
 20
32.5847346342319
 10
-7.5930421741982
 20
32.5847334414104
 10
-7.59304499211077
 20
32.5845530764403
 10
-7.59293847266737
 20
32.5845518835368
 10
-7.59295115392173
 20
32.5837402411414
 10
-7.59284463544387
 20
32.5837390481847
 10
-7.59284604454725
 20
32.5836488656937
 10
-7.59241997112504
 20
32.5836440929808
 10
-7.59242279016557
 20
32.5834637280277
 10
-7.59252930829853
 20
32.583464921333
 10
-7.59253212710072
 20
32.5832845563663
 10
-7.5927451629592
 20
32.5832869426898
 10
-7.59274798130992
 20
32.5831065777012
 10
-7.59285449903544
 20
32.5831077707193
 10
-7.59285590809478
 20
32.5830175882189
 10
-7.59296242572002
 20
32.5830187811426
 10
-7.59297087930451
 20
32.5824776860868
 10
-7.59307739629658
 20
32.5824788788957
 10
-7.59307880509874
 20
32.5823886963775
 10
-7.59329183888862
 20
32.5823910817163
 10
-7.59330733295262
 20
32.5813990738371
 10
-7.59320081722682
 20
32.5813978812581
 10
-7.59321067743547
 20
32.5807666034605
 10
-7.59310416246192
 20
32.5807654108201
 10
-7.59310838849098
 20
32.5804948631846
 10
-7.59332141780499
 20
32.5804972483506
 10
-7.59332423469999
 20
32.5803168832371
 10
-7.5935372636129
 20
32.5803192680256
 10
-7.5935400800565
 20
32.5801389028902
 10
-7.59375310856832
 20
32.5801412873014
 10
-7.59375592456052
 20
32.5799609221441
 10
-7.59396895267124
 20
32.5799633061779
 10
-7.59397317597304
 20
32.5796927584072
 10
-7.59386666223422
 20
32.5796915664478
 10
-7.59386947795044
 20
32.5795112012689
 10
-7.59376296443102
 20
32.5795100092275
 10
-7.59376578033521
 20
32.5793296440514
 10
-7.59365926703519
 20
32.5793284519279
 10
-7.59366630721843
 20
32.5788775389846
 10
-7.59355979445749
 20
32.5788763467915
 10
-7.59356261069988
 20
32.5786959816129
 10
-7.59366912324772
 20
32.5786971737978
 10
-7.59367053125293
 20
32.5786069912023
 10
-7.59377704370051
 20
32.5786081832929
 10
-7.59377985947896
 20
32.5784278180898
 10
-7.59399288396676
 20
32.5784302019837
 10
-7.59399569929386
 20
32.5782498367587
 10
-7.59410221133408
 20
32.5782510285621
 10
-7.59409939622008
 20
32.5784313937953
 10
-7.59431242074559
 20
32.5784337771478
 10
-7.59430960603266
 20
32.578614142392
 10
-7.59441611851794
 20
32.5786153339412
 10
-7.59441893301776
 20
32.5784349686887
 10
-7.59463195758097
 20
32.5784373514998
 10
-7.5946375856528
 20
32.5780766209458
 10
-7.59474409751762
 20
32.5780778121996
 10
-7.59475394565559
 20
32.5774465336494
 10
-7.59464743453662
 20
32.5774453424244
 10
-7.59465165539259
 20
32.5771747944663
 10
-7.59454514459954
 20
32.5771736031634
 10
-7.5945479586852
 20
32.5769932378596
 10
-7.59433493754412
 20
32.5769908549995
 10
-7.59433775203084
 20
32.5768104897067
 10
-7.59412473134107
 20
32.5768081065021
 10
-7.59412613878809
 20
32.5767179238619
 10
-7.59391311833655
 20
32.5767155403047
 10
-7.59391171067645
 20
32.5768057229367
 10
-7.59348566942263
 20
32.5768009547231
 10
-7.59348707750891
 20
32.5767107721076
 10
-7.59359358770639
 20
32.5767119642922
 10
-7.59359921956246
 20
32.5763512338001
 10
-7.59370572934006
 20
32.576352425878
 10
-7.59370854501729
 20
32.5761720606156
 10
-7.59392156416518
 20
32.5761744444844
 10
-7.59392297178129
 20
32.5760842618429
 10
-7.59402948125812
 20
32.5760854536378
 10
-7.5940322962584
 20
32.5759050883427
 10
-7.59413880552844
 20
32.5759062800391
 10
-7.5941416202905
 20
32.5757259147303
 10
-7.59435463842328
 20
32.5757282978362
 10
-7.59435745273405
 20
32.5755479325056
 10
-7.59520952381183
 20
32.5755574612543
 10
-7.59520671120567
 20
32.5757378266507
 10
-7.5963783119376
 20
32.5757509193423
 10
-7.59638112219993
 20
32.5755705538555
 10
-7.59648763118196
 20
32.5755717435507
 10
-7.59648903619717
 20
32.5754815608012
 10
-7.59659554507893
 20
32.575482750402
 10
-7.59659835487746
 20
32.5753023848908
 10
-7.59670486355243
 20
32.5753035743931
 10
-7.59670767311279
 20
32.5751232088683
 10
-7.59681418158095
 20
32.5751243982722
 10
-7.59681699090316
 20
32.5749440327338
 10
-7.59692349916452
 20
32.5749452220393
 10
-7.5969305218276
 20
32.574494308149
 10
-7.59703702956257
 20
32.5744954973438
 10
-7.59704124276557
 20
32.5742249489811
 10
-7.59693473535019
 20
32.5742237597986
 10
-7.59693754433389
 20
32.574043394225
 10
-7.59683103713785
 20
32.5740422049605
 10
-7.59683384630953
 20
32.5738618393896
 10
-7.59672733933282
 20
32.5738606500431
 10
-7.59673014869247
 20
32.5736802844751
 10
-7.59662364193509
 20
32.5736790950466
 10
-7.59662504671203
 20
32.5735889122646
 10
-7.59651854006745
 20
32.57358772275
 10
-7.59652134981557
 20
32.5734073571902
 10
-7.59641484339031
 20
32.5734061675936
 10
-7.59642186818346
 20
32.5729552536912
 10
-7.59663487997499
 20
32.5729576327532
 10
-7.59663768942224
 20
32.5727772671664
 10
-7.59706371222837
 20
32.572782024175
 10
-7.59706652079835
 20
32.5726016585499
 10
-7.59749254285263
 20
32.5726064140823
 10
-7.59749535054535
 20
32.572426048419
 10
-7.59760185586155
 20
32.5724272370684
 10
-7.59760325959198
 20
32.5723370542306
 10
-7.59770976480793
 20
32.5723382427857
 10
-7.59771257203695
 20
32.5721578770979
 10
-7.59760606703405
 20
32.5721566885511
 10
-7.59761168184297
 20
32.5717959571757
 10
-7.59665314093365
 20
32.5717852563422
 10
-7.59665454557887
 20
32.5716950735319
 10
-7.59644153676992
 20
32.5716926945848
 10
-7.59644434646762
 20
32.5715123289766
 10
-7.59623133810984
 20
32.5715099496851
 10
-7.5962341482085
 20
32.5713295840879
 10
-7.59612764425205
 20
32.571328394315
 10
-7.59613045453866
 20
32.5711480287206
 10
-7.59538492851043
 20
32.5711396978422
 10
-7.59538633438992
 20
32.5710495150718
 10
-7.59517332722281
 20
32.5710471340171
 10
-7.59517613938901
 20
32.5708667684886
 10
-7.5948566293245
 20
32.5708631962547
 10
-7.59485944210466
 20
32.5706828307454
 10
-7.59411392033182
 20
32.5706744924334
 10
-7.59411110606049
 20
32.5708548578852
 10
-7.59389809947017
 20
32.570852474682
 10
-7.59389528474766
 20
32.571032840112
 10
-7.59357577427024
 20
32.571029264606
 10
-7.59357436658001
 20
32.5711194473066
 10
-7.59336135941346
 20
32.5711170631768
 10
-7.5933585435881
 20
32.5712974285575
 10
-7.59314553602064
 20
32.5712950440503
 10
-7.59314271974407
 20
32.5714754094091
 10
-7.59282320780095
 20
32.5714718319471
 10
-7.59282039086013
 20
32.5716521972759
 10
-7.59239437417189
 20
32.5716474260307
 10
-7.59239296526598
 20
32.5717376086766
 10
-7.5920734524963
 20
32.5717340292831
 10
-7.5920706340265
 20
32.5719143945462
 10
-7.59143160737887
 20
32.5719072332742
 10
-7.59142878760567
 20
32.5720875984825
 10
-7.59121577834742
 20
32.5720852106537
 10
-7.59121295812296
 20
32.57226557584
 10
-7.59099994846381
 20
32.5722631876339
 10
-7.59099853812911
 20
32.5723533702168
 10
-7.59089203320246
 20
32.5723521759743
 10
-7.59088921230111
 20
32.5725325411278
 10
-7.59067620204062
 20
32.5725301523557
 10
-7.59067338068799
 20
32.5727105174873
 10
-7.59046037002662
 20
32.5727081283379
 10
-7.5904575482227
 20
32.5728884934476
 10
-7.59024453716044
 20
32.5728861039209
 10
-7.59024312603599
 20
32.5729762864655
 10
-7.58992360917028
 20
32.5729727014863
 10
-7.58993066632737
 20
32.5725217888116
 10
-7.5897176561803
 20
32.5725193984157
 10
-7.5897204794251
 20
32.5723390333528
 10
-7.58961397457406
 20
32.5723378380278
 10
-7.58961820971354
 20
32.5720672904358
 10
-7.58972471424502
 20
32.5720684857484
 10
-7.58973741836442
 20
32.5712568428623
 10
-7.58963091479158
 20
32.5712556475868
 10
-7.58963514970414
 20
32.5709850999461
 10
-7.58942214321645
 20
32.5709827091492
 10
-7.58942496688602
 20
32.5708023440652
 10
-7.58921196084959
 20
32.5707999529239
 10
-7.58921478491999
 20
32.5706195878509
 10
-7.58836276273071
 20
32.5706100197435
 10
-7.58835993695614
 20
32.5707903847504
 10
-7.58729490765717
 20
32.5707784164151
 10
-7.58728076775444
 20
32.5716802409556
 10
-7.58738727172106
 20
32.5716814382364
 10
-7.58738444387778
 20
32.5718618031365
 10
-7.58727793969812
 20
32.5718606058475
 10
-7.58727228350973
 20
32.5722213356151
 10
-7.58716577891031
 20
32.5722201382193
 10
-7.58716153638316
 20
32.5724906855184
 10
-7.5870550314705
 20
32.57248948802
 10
-7.58704937425314
 20
32.5728502177167
 10
-7.58651684765416
 20
32.5728442287891
 10
-7.58651543280142
 20
32.5729344111892
 10
-7.58630242199301
 20
32.5729320149784
 10
-7.58629959184249
 20
32.5731123797581
 10
-7.58619308623472
 20
32.5731111815091
 10
-7.58619025584587
 20
32.5732915462751
 10
-7.58608375003137
 20
32.5732903479277
 10
-7.5860809194042
 20
32.57347071268
 10
-7.58586790736806
 20
32.5734683156979
 10
-7.58586649183194
 20
32.5735584980638
 10
-7.58575998571683
 20
32.5735572994332
 10
-7.58575715441259
 20
32.5737376641527
 10
-7.58565064809074
 20
32.5737364654237
 10
-7.58564781654816
 20
32.5739168301294
 10
-7.58554131001958
 20
32.5739156313019
 10
-7.58553706233871
 20
32.574186178338
 10
-7.58532404866135
 20
32.5741837803876
 10
-7.58532829698139
 20
32.5739132333763
 10
-7.58522179047178
 20
32.5739120342782
 10
-7.58522462286658
 20
32.5737316696055
 10
-7.58501161029243
 20
32.5737292711551
 10
-7.58501444308804
 20
32.5735489064936
 10
-7.5849079370235
 20
32.5735477071413
 10
-7.58490510401485
 20
32.5737280717946
 10
-7.58479859774359
 20
32.5737268723439
 10
-7.58479576449658
 20
32.5739072369834
 10
-7.58458275154694
 20
32.5739048377947
 10
-7.58457991784852
 20
32.5740852024124
 10
-7.58447341117013
 20
32.5740840026744
 10
-7.58447907896777
 20
32.5737232734504
 10
-7.58458558522005
 20
32.5737244731717
 10
-7.58461250385253
 20
32.5720110089837
 10
-7.58450599962416
 20
32.572009809341
 10
-7.5845088332446
 20
32.5718294446695
 10
-7.58440232923559
 20
32.5718282449449
 10
-7.58440657993835
 20
32.5715576979399
 10
-7.58430007625521
 20
32.5715564981375
 10
-7.58430291023845
 20
32.5713761334691
 10
-7.58419640677467
 20
32.5713749335847
 10
-7.58419924094562
 20
32.5711945689192
 10
-7.58409273770119
 20
32.5711933689529
 10
-7.58409557205986
 20
32.5710130042902
 10
-7.58398906903478
 20
32.571011804242
 10
-7.58399048631113
 20
32.5709216219128
 10
-7.58388398339889
 20
32.5709204217784
 10
-7.58388681814564
 20
32.5707400571243
 10
-7.58367381276619
 20
32.5707376566016
 10
-7.58367664791366
 20
32.5705572919585
 10
-7.58357014544645
 20
32.5705560915702
 10
-7.58357298078161
 20
32.5703757269301
 10
-7.58346647853375
 20
32.5703745264598
 10
-7.58347073180854
 20
32.5701039795018
 10
-7.58336422988653
 20
32.5701027789538
 10
-7.58336706558441
 20
32.5699224143167
 10
-7.58326056388175
 20
32.5699212136867
 10
-7.58326481770061
 20
32.5696506667334
 10
-7.58315831632379
 20
32.5696494660256
 10
-7.58316398841964
 20
32.5692887367522
 10
-7.58305748747517
 20
32.5692875359708
 10
-7.58306032369811
 20
32.5691071713343
 10
-7.58295382297297
 20
32.569105970471
 10
-7.58295524118144
 20
32.5690157881548
 10
-7.58284874056914
 20
32.5690145872055
 10
-7.58285157718009
 20
32.5688342225774
 10
-7.58274507678712
 20
32.5688330215462
 10
-7.58274791358573
 20
32.568652656921
 10
-7.58264141341209
 20
32.5686514558078
 10
-7.58264425039837
 20
32.5684710911855
 10
-7.58253775044406
 20
32.5684698899904
 10
-7.5825391690342
 20
32.5683797076814
 10
-7.58243266919272
 20
32.5683785064003
 10
-7.58243550656698
 20
32.5681981417864
 10
-7.58232900694484
 20
32.5681969404234
 10
-7.58233184450675
 20
32.5680165758125
 10
-7.58222534510393
 20
32.5680153743675
 10
-7.58222960171877
 20
32.5677448274534
 10
-7.58212310264177
 20
32.5677436259307
 10
-7.5821287784655
 20
32.5673828967096
 10
-7.58202227982081
 20
32.5673816951133
 10
-7.58202511790763
 20
32.5672013305029
 10
-7.58191861948226
 20
32.5672001288247
 10
-7.58192003862266
 20
32.5671099465216
 10
-7.58181354031012
 20
32.5671087447574
 10
-7.58181637878489
 20
32.5669283801554
 10
-7.58170988069167
 20
32.5669271783093
 10
-7.58171271935407
 20
32.5667468137103
 10
-7.58149972361259
 20
32.566744409764
 10
-7.58150398219758
 20
32.5664738628802
 10
-7.58139748465581
 20
32.5664726607843
 10
-7.58140032389376
 20
32.5662922961966
 10
-7.5812938265713
 20
32.5662910940187
 10
-7.58129666599686
 20
32.566110729434
 10
-7.58119016889372
 20
32.5661095271742
 10
-7.58119300850688
 20
32.5659291625924
 10
-7.58108651162305
 20
32.5659279602507
 10
-7.58109361107744
 20
32.5654770487932
 10
-7.58098711473236
 20
32.5654758463821
 10
-7.58099421456065
 20
32.5650249349115
 10
-7.58088771875431
 20
32.565023732431
 10
-7.58090475897318
 20
32.5639415448136
 10
-7.58101125350179
 20
32.5639427472444
 10
-7.58101693294595
 20
32.5635820179787
 10
-7.58112342705502
 20
32.5635832203027
 10
-7.5811333650929
 20
32.5629519440068
 10
-7.58102687172913
 20
32.5629507417119
 10
-7.58102829152994
 20
32.5628605593827
 10
-7.58081530503435
 20
32.5628581545306
 10
-7.58081814504281
 20
32.5626777898847
 10
-7.58039217297947
 20
32.5626729791316
 10
-7.58039501381431
 20
32.5624926145134
 10
-7.5800755354722
 20
32.5624890055267
 10
-7.58008263904526
 20
32.56203809402
 10
-7.57986965458023
 20
32.5620356876194
 10
-7.57987249639089
 20
32.5618553230239
 10
-7.57976600438082
 20
32.5618541196967
 10
-7.57976884637903
 20
32.561673755104
 10
-7.57944937102565
 20
32.5616701446062
 10
-7.57945079233462
 20
32.5615799623204
 10
-7.57934430066932
 20
32.5615787586449
 10
-7.57934998626758
 20
32.5612180295045
 10
-7.57924349503446
 20
32.5612168257555
 10
-7.57924633800843
 20
32.5610364611855
 10
-7.57913984699457
 20
32.5610352573546
 10
-7.57914695485069
 20
32.5605843459267
 10
-7.57904046437547
 20
32.5605831420264
 10
-7.57904472933233
 20
32.5603125951659
 10
-7.57883174903966
 20
32.5603101871198
 10
-7.57883459273831
 20
32.560129822556
 10
-7.57862161289685
 20
32.5601274141658
 10
-7.57862445699591
 20
32.5599470496132
 10
-7.5790504158526
 20
32.5599518659997
 10
-7.57905325907464
 20
32.5597715014085
 10
-7.57926623811527
 20
32.5597739090441
 10
-7.57928045171563
 20
32.5588720859239
 10
-7.57917396325663
 20
32.5588708821927
 10
-7.57918107035103
 20
32.5584199706027
 10
-7.57928755827779
 20
32.5584211743132
 10
-7.57929324341329
 20
32.5580604450002
 10
-7.57939973092063
 20
32.5580616486039
 10
-7.57940257323741
 20
32.557881283931
 10
-7.58025447182148
 20
32.5578909094479
 10
-7.58025163120778
 20
32.5580712741872
 10
-7.581210019516
 20
32.5580820960711
 10
-7.58120718079291
 20
32.5582624608797
 10
-7.58163313216848
 20
32.5582672682949
 10
-7.58163029427158
 20
32.5584476331313
 10
-7.58194975850846
 20
32.5584512377709
 10
-7.58195259576669
 20
32.5582708729096
 10
-7.58237854731966
 20
32.5582756778003
 10
-7.582381383701
 20
32.5580953129005
 10
-7.58291382222026
 20
32.5581013169437
 10
-7.58291665751184
 20
32.5579209519971
 10
-7.58312963253809
 20
32.5579233529667
 10
-7.5831310499615
 20
32.5578331704831
 10
-7.58323753737768
 20
32.5578343708285
 10
-7.58324037199263
 20
32.5576540058489
 10
-7.5834533464182
 20
32.5576564062526
 10
-7.58345901472063
 20
32.5572956762441
 10
-7.58356550151715
 20
32.5572968762942
 10
-7.5835669184705
 20
32.5572066937845
 10
-7.58367340516691
 20
32.5572078937403
 10
-7.58367623884174
 20
32.5570275287086
 10
-7.5837827253316
 20
32.557028728566
 10
-7.58378839217961
 20
32.5566679984699
 10
-7.58389487825004
 20
32.5566691982205
 10
-7.58389629483979
 20
32.556579015689
 10
-7.58400278081012
 20
32.5565802153453
 10
-7.5840424397749
 20
32.5540551037981
 10
-7.58414892277154
 20
32.5540563032483
 10
-7.58415175515215
 20
32.553875938089
 10
-7.58425823794227
 20
32.5538771374409
 10
-7.58426107008474
 20
32.5536967722679
 10
-7.58436755266835
 20
32.5536979715213
 10
-7.58437746422287
 20
32.5530666933443
 10
-7.58448394606787
 20
32.5530678924786
 10
-7.58448819346286
 20
32.5527973446558
 10
-7.58438171193711
 20
32.5527961455339
 10
-7.58438454371499
 20
32.5526157803203
 10
-7.58417158110812
 20
32.5526133818226
 10
-7.58417441328636
 20
32.5524330166201
 10
-7.58406793220524
 20
32.5524318172443
 10
-7.58407218074442
 20
32.5521612694428
 10
-7.5841786615063
 20
32.5521624688062
 10
-7.58418715777544
 20
32.5516213731419
 10
-7.58429363790518
 20
32.5516225723903
 10
-7.58429788563515
 20
32.5513520245275
 10
-7.58440436545199
 20
32.5513532236733
 10
-7.58440719702754
 20
32.5511728584164
 10
-7.58451367663789
 20
32.5511740574638
 10
-7.58451792363458
 20
32.5509035095559
 10
-7.58462440293202
 20
32.5509047085008
 10
-7.58462723401873
 20
32.5507243432139
 10
-7.58473371310969
 20
32.5507255420603
 10
-7.58473654395831
 20
32.5505451767597
 10
-7.58484302284278
 20
32.5505463755077
 10
-7.58484726874908
 20
32.5502758275342
 10
-7.58495374732066
 20
32.5502770261797
 10
-7.58495657768046
 20
32.550096660849
 10
-7.58506305604556
 20
32.5500978593961
 10
-7.58506588616728
 20
32.5499174940518
 10
-7.58527884249082
 20
32.549919890859
 10
-7.58528167216166
 20
32.5497395254927
 10
-7.58538815012011
 20
32.5497407237528
 10
-7.58538956483966
 20
32.5496505410635
 10
-7.58549604269802
 20
32.5496517392294
 10
-7.58549887190536
 20
32.5494713738384
 10
-7.58571182721545
 20
32.5494737698832
 10
-7.58571465597193
 20
32.5492934044703
 10
-7.58582113342365
 20
32.5492946023492
 10
-7.58582396194207
 20
32.5491142369227
 10
-7.58593043918731
 20
32.5491154347032
 10
-7.58593185333065
 20
32.5490252519838
 10
-7.58603833047582
 20
32.5490264496701
 10
-7.58604115853076
 20
32.5488460842189
 10
-7.58614763546945
 20
32.5488472818067
 10
-7.58615046328634
 20
32.5486669163419
 10
-7.58625694001856
 20
32.5486681138314
 10
-7.58625976759741
 20
32.5484877483529
 10
-7.58636624412314
 20
32.5484889457439
 10
-7.58636765779671
 20
32.5483987629985
 10
-7.58647413422237
 20
32.5483999602953
 10
-7.58647978842792
 20
32.5480392292836
 10
-7.58658626443432
 20
32.5480404264738
 10
-7.58658909128644
 20
32.5478600609516
 10
-7.58669556708637
 20
32.5478612580433
 10
-7.58670969990438
 20
32.54695943031
 10
-7.58660322516832
 20
32.5469582332596
 10
-7.58660605186896
 20
32.5467778677049
 10
-7.58649957735198
 20
32.5467766705726
 10
-7.58650240424014
 20
32.5465963050209
 10
-7.58597003281379
 20
32.5465903180489
 10
-7.58597144678032
 20
32.5465001352916
 10
-7.58565202431943
 20
32.5464965420394
 10
-7.58565061003375
 20
32.5465867247842
 10
-7.58501176464421
 20
32.5465795358216
 10
-7.58500893477731
 20
32.5467599012575
 10
-7.58479598593914
 20
32.5467575041991
 10
-7.58479315562143
 20
32.5469378696132
 10
-7.584580206383
 20
32.5469354721777
 10
-7.58457737561447
 20
32.5471158375698
 10
-7.58447090079196
 20
32.5471146387086
 10
-7.58446948529183
 20
32.5472048213985
 10
-7.58436301036926
 20
32.5472036224431
 10
-7.58436017913726
 20
32.5473839878105
 10
-7.58425370400824
 20
32.5473827887567
 10
-7.58425087253817
 20
32.5475631541104
 10
-7.5841443972027
 20
32.5475619549582
 10
-7.58414156549456
 20
32.5477423202982
 10
-7.58403508995264
 20
32.5477411210476
 10
-7.5840336739827
 20
32.5478313037114
 10
-7.5839271983407
 20
32.5478301043665
 10
-7.58392436616907
 20
32.548010469682
 10
-7.58381789032062
 20
32.5480092702386
 10
-7.58381505791092
 20
32.5481896355404
 10
-7.58370858185601
 20
32.5481884359986
 10
-7.58370433287484
 20
32.5484589839287
 10
-7.58349138014565
 20
32.54845658455
 10
-7.58348854703434
 20
32.5486369498134
 10
-7.58327559390488
 20
32.5486345500576
 10
-7.58327276034269
 20
32.5488149152991
 10
-7.58284685330855
 20
32.5488101146729
 10
-7.58284968772189
 20
32.5486297494646
 10
-7.58274321119197
 20
32.548628549091
 10
-7.58275029764653
 20
32.5481776360674
 10
-7.58264382165489
 20
32.5481764356244
 10
-7.58265657783187
 20
32.5473647921341
 10
-7.58276305286601
 20
32.5473659925398
 10
-7.58276730449191
 20
32.547095444673
 10
-7.58287377921322
 20
32.5470966449761
 10
-7.58287661338608
 20
32.5469162797165
 10
-7.58298308790094
 20
32.5469174799213
 10
-7.58298592183572
 20
32.546737114648
 10
-7.58309239614414
 20
32.5467383147543
 10
-7.58309522984084
 20
32.5465579494674
 10
-7.58320170394283
 20
32.5465591494753
 10
-7.58320878754194
 20
32.5461082362136
 10
-7.58310231397186
 20
32.5461070362263
 10
-7.58310514757997
 20
32.5459266709205
 10
-7.58299867422898
 20
32.5459254708514
 10
-7.58300009112993
 20
32.5458352882006
 10
-7.58268067143405
 20
32.5458316874651
 10
-7.58268350585523
 20
32.5456513221843
 10
-7.5821511408858
 20
32.5456453191976
 10
-7.58215397634544
 20
32.5454649539528
 10
-7.58183455807802
 20
32.5454613511043
 10
-7.58183172198012
 20
32.5456417163242
 10
-7.58172524902422
 20
32.5456405151861
 10
-7.58172241268824
 20
32.5458208803924
 10
-7.58161593952592
 20
32.5458196791559
 10
-7.5816116846553
 20
32.5460902269427
 10
-7.58150521118018
 20
32.5460890256037
 10
-7.58149528218239
 20
32.5467203036965
 10
-7.58160175640218
 20
32.5467215050645
 10
-7.58159891970143
 20
32.5469018702301
 10
-7.58170539414032
 20
32.5469030715163
 10
-7.58169546623286
 20
32.5475343495821
 10
-7.58158899104927
 20
32.5475331482669
 10
-7.58155211048096
 20
32.5498778946813
 10
-7.58144563253747
 20
32.5498766931681
 10
-7.58143853909755
 20
32.5503276058147
 10
-7.58133206062838
 20
32.5503264041907
 10
-7.58131361556006
 20
32.55149877686
 10
-7.58120713571396
 20
32.5514975750919
 10
-7.58119720256569
 20
32.5521288525595
 10
-7.58109072198107
 20
32.5521276506722
 10
-7.58110065587421
 20
32.5514963732336
 10
-7.58099417604079
 20
32.5514951712853
 10
-7.58099701445175
 20
32.551314806299
 10
-7.58089053483748
 20
32.5513136042687
 10
-7.58089337343591
 20
32.5511332392853
 10
-7.58057393526957
 20
32.5511296326788
 10
-7.58057677448108
 20
32.5509492677148
 10
-7.5804702953178
 20
32.5509480653407
 10
-7.58047739376765
 20
32.550497152928
 10
-7.58058387239891
 20
32.5504983552814
 10
-7.58058813107354
 20
32.5502278078052
 10
-7.58069460939194
 20
32.550229010056
 10
-7.58070738411591
 20
32.549417367517
 10
-7.58060090675511
 20
32.5494161653035
 10
-7.58060800413411
 20
32.5489652527553
 10
-7.58050152731162
 20
32.5489640504724
 10
-7.5805072055263
 20
32.5486033204261
 10
-7.57986834727796
 20
32.5485961049358
 10
-7.57986550690658
 20
32.5487764699118
 10
-7.5796525537823
 20
32.5487740640107
 10
-7.57965539457925
 20
32.5485936990513
 10
-7.57922948925795
 20
32.5485888862008
 10
-7.57922664760985
 20
32.548769251127
 10
-7.5791201710826
 20
32.5487680476808
 10
-7.57911732919633
 20
32.5489484125933
 10
-7.57890437573529
 20
32.5489460054138
 10
-7.57891290259466
 20
32.5484049107099
 10
-7.57901937868364
 20
32.5484061143198
 10
-7.57902364170848
 20
32.5481355669372
 10
-7.57913011748464
 20
32.5481367704445
 10
-7.57913295925669
 20
32.5479564055077
 10
-7.57923943482642
 20
32.5479576089166
 10
-7.57924227636031
 20
32.5477772439661
 10
-7.57945522709325
 20
32.5477796504968
 10
-7.5794566476379
 20
32.5476894680112
 10
-7.57966959818343
 20
32.5476918741731
 10
-7.57967243882816
 20
32.5475115091813
 10
-7.57977891389766
 20
32.5475127121188
 10
-7.5797888552097
 20
32.5468814345757
 10
-7.57957590656642
 20
32.5468790286688
 10
-7.57957874730974
 20
32.546698663661
 10
-7.57947227321039
 20
32.5466974605806
 10
-7.5794694322543
 20
32.5468778255801
 10
-7.57904353506924
 20
32.5468730123243
 10
-7.57905348128323
 20
32.5462417349186
 10
-7.5789470077475
 20
32.5462405314084
 10
-7.57894984967857
 20
32.5460601664315
 10
-7.57884337636195
 20
32.5460589628395
 10
-7.57885048161048
 20
32.5456080503943
 10
-7.57895695439522
 20
32.5456092539656
 10
-7.57895979623746
 20
32.5454288889697
 10
-7.57917274140046
 20
32.5454312958252
 10
-7.57917558279182
 20
32.5452509308074
 10
-7.57928205517008
 20
32.5452521340917
 10
-7.57928347574987
 20
32.5451619515766
 10
-7.57949642031269
 20
32.5451643578664
 10
-7.5795163047852
 20
32.543901802397
 10
-7.57962277558693
 20
32.5439030053486
 10
-7.57962845621099
 20
32.5435422751492
 10
-7.57973492659358
 20
32.5435434779941
 10
-7.57973776665483
 20
32.5433631128781
 10
-7.57984423683104
 20
32.5433643156246
 10
-7.57984565674578
 20
32.5432741330603
 10
-7.57995212682197
 20
32.5432753357126
 10
-7.57995496641971
 20
32.5430949705718
 10
-7.58006143628951
 20
32.5430961731256
 10
-7.58006427564916
 20
32.5429158079711
 10
-7.58027721498232
 20
32.5429182127918
 10
-7.58028005389116
 20
32.5427378476153
 10
-7.58038652335453
 20
32.5427390498822
 10
-7.58038794269308
 20
32.5426488672878
 10
-7.5806008814261
 20
32.5426512715429
 10
-7.58060371965874
 20
32.5424709063334
 10
-7.58081665799167
 20
32.5424733102116
 10
-7.58081949577352
 20
32.5422929449801
 10
-7.58092596473677
 20
32.5422941467757
 10
-7.58092880228055
 20
32.5421137815305
 10
-7.58103527103742
 20
32.5421149832277
 10
-7.58103668969345
 20
32.5420248005989
 10
-7.58124962701347
 20
32.5420272037147
 10
-7.58125246388109
 20
32.5418468384365
 10
-7.58274302285246
 20
32.5418636500393
 10
-7.58274018896287
 20
32.5420440154335
 10
-7.58295312648548
 20
32.5420464156659
 10
-7.58295170974391
 20
32.5421365983693
 10
-7.58316464750455
 20
32.5421389982496
 10
-7.58316181442787
 20
32.5423193636689
 10
-7.5832682835304
 20
32.5423205634822
 10
-7.58326545064113
 20
32.5425009289043
 10
-7.58401073602498
 20
32.5425093251322
 10
-7.5840135674252
 20
32.5423289596521
 10
-7.58412003657832
 20
32.5423301587445
 10
-7.58412286774053
 20
32.5421497932507
 10
-7.5843358056403
 20
32.5421521911486
 10
-7.5843372209992
 20
32.5420620083914
 10
-7.58455015871154
 20
32.5420644059206
 10
-7.58455298898495
 20
32.5418840403856
 10
-7.58487239496269
 20
32.5418876359789
 10
-7.58487522457268
 20
32.5417072704136
 10
-7.58519462996914
 20
32.5417108651711
 10
-7.58519745891571
 20
32.5415304995757
 10
-7.58541039545284
 20
32.5415328956136
 10
-7.58541180970394
 20
32.5414427128056
 10
-7.58562474605362
 20
32.5414451084748
 10
-7.58562757411144
 20
32.5412647428382
 10
-7.58573404208305
 20
32.5412659405294
 10
-7.5857368699029
 20
32.541085574879
 10
-7.58584333766811
 20
32.5410867724719
 10
-7.58584616525
 20
32.5409064068079
 10
-7.58595263280882
 20
32.5409076043024
 10
-7.58595404648394
 20
32.5408174214642
 10
-7.58606051394271
 20
32.5408186188644
 10
-7.58606334106131
 20
32.5406382531758
 10
-7.5861698083137
 20
32.5406394504777
 10
-7.58617263519434
 20
32.5404590847754
 10
-7.58627910224033
 20
32.5404602819789
 10
-7.58628192888303
 20
32.5402799162629
 10
-7.58638839572263
 20
32.540281113368
 10
-7.58638980892816
 20
32.5401909305039
 10
-7.58649627566773
 20
32.5401921275148
 10
-7.58650192800135
 20
32.5398313960283
 10
-7.58660839432182
 20
32.5398325929325
 10
-7.58661122023808
 20
32.5396522271729
 10
-7.58671768635217
 20
32.5396534239788
 10
-7.58671909919448
 20
32.5395632410928
 10
-7.58682556520854
 20
32.5395644378045
 10
-7.58682839066155
 20
32.5393840720202
 10
-7.58693485646922
 20
32.5393852686335
 10
-7.5869376816843
 20
32.5392049028356
 10
-7.5870441472856
 20
32.5392060993506
 10
-7.58704697226276
 20
32.539025733539
 10
-7.58715343765767
 20
32.5390269299556
 10
-7.58715485003044
 20
32.5389367470436
 10
-7.58726131532532
 20
32.538937943366
 10
-7.58726413983926
 20
32.5387575775298
 10
-7.58737060492776
 20
32.5387587737538
 10
-7.58737625345459
 20
32.5383980420487
 10
-7.58726978879146
 20
32.5383968458412
 10
-7.58727402543938
 20
32.5381262970606
 10
-7.5862093823452
 20
32.5381143301544
 10
-7.58620655579277
 20
32.5382946959269
 10
-7.58599362682429
 20
32.538292301448
 10
-7.58599645380208
 20
32.5381119356921
 10
-7.58588998953999
 20
32.5381107383258
 10
-7.5858928167052
 20
32.5379303725727
 10
-7.5857863526621
 20
32.5379291751246
 10
-7.58579059368159
 20
32.5376586264972
 10
-7.58568412996381
 20
32.5376574289714
 10
-7.58568695749124
 20
32.5374770632214
 10
-7.58558049399245
 20
32.5374758656137
 10
-7.58557766625235
 20
32.5376562313555
 10
-7.58536473884837
 20
32.5376538358534
 10
-7.58536332475617
 20
32.537744018714
 10
-7.58525686095732
 20
32.5377428208236
 10
-7.58525403254131
 20
32.5379231865325
 10
-7.5851475685361
 20
32.5379219885438
 10
-7.58514473988216
 20
32.538102354239
 10
-7.58493181146533
 20
32.5380999579748
 10
-7.58492898236076
 20
32.538280323648
 10
-7.58460958914487
 20
32.5382767285512
 10
-7.58460534448358
 20
32.5385472770137
 10
-7.58439241506654
 20
32.5385448798072
 10
-7.58438958483539
 20
32.5387252454256
 10
-7.58353786571859
 20
32.5387156529296
 10
-7.5835350337607
 20
32.5388960184764
 10
-7.58332210361935
 20
32.5388936194348
 10
-7.58332068741823
 20
32.5389838021979
 10
-7.58310775708951
 20
32.5389814027878
 10
-7.58310492424292
 20
32.5391617682933
 10
-7.58299845887536
 20
32.5391605684448
 10
-7.58299562579078
 20
32.5393409339366
 10
-7.58288916021686
 20
32.5393397339897
 10
-7.58288207686298
 20
32.5397906476749
 10
-7.58277561076366
 20
32.5397894476172
 10
-7.58277277716512
 20
32.5399698130736
 10
-7.58245337826703
 20
32.5399662123351
 10
-7.58245621250365
 20
32.5397858469035
 10
-7.58234974642963
 20
32.5397846464855
 10
-7.58235258085362
 20
32.5396042810568
 10
-7.58224611499863
 20
32.539603080557
 10
-7.58226595674655
 20
32.5383405224635
 10
-7.58205302803314
 20
32.5383381213094
 10
-7.58205444546605
 20
32.5382479385866
 10
-7.58194798122518
 20
32.5382467378786
 10
-7.58194656368593
 20
32.5383369205973
 10
-7.58141424204485
 20
32.5383309156851
 10
-7.58141140588395
 20
32.5385112810769
 10
-7.58066615436369
 20
32.5385028703579
 10
-7.58066899201334
 20
32.5383225050241
 10
-7.5798172780718
 20
32.5383128874346
 10
-7.57981443872073
 20
32.5384932527019
 10
-7.57970797429388
 20
32.5384920500895
 10
-7.57970513470477
 20
32.5386724153432
 10
-7.57959867007159
 20
32.5386712126324
 10
-7.57959583024443
 20
32.5388515778723
 10
-7.5794893654049
 20
32.5388503750631
 10
-7.57948794537547
 20
32.5389405576769
 10
-7.57938148043595
 20
32.5389393547734
 10
-7.57938290057172
 20
32.5388491721638
 10
-7.57927643574488
 20
32.5388479691744
 10
-7.57927927621008
 20
32.5386676039594
 10
-7.57917281160226
 20
32.5386664008882
 10
-7.57917565225478
 20
32.5384860356761
 10
-7.57906918786598
 20
32.5384848325231
 10
-7.5790720287058
 20
32.5383044673139
 10
-7.57896556453603
 20
32.5383032640792
 10
-7.57896698505276
 20
32.5382130814767
 10
-7.57886052099566
 20
32.538211878156
 10
-7.57886336222277
 20
32.5380315129554
 10
-7.5787568983847
 20
32.5380303095529
 10
-7.5787597397991
 20
32.5378499443551
 10
-7.57865327618004
 20
32.5378487408709
 10
-7.57865753857307
 20
32.5375781930765
 10
-7.57918985513676
 20
32.5375842095346
 10
-7.57919269563704
 20
32.5374038442901
 10
-7.57951208501336
 20
32.5374074530589
 10
-7.57951492485028
 20
32.5372270877841
 10
-7.57972785070754
 20
32.5372294931629
 10
-7.57973069009376
 20
32.5370491278661
 10
-7.5800500782892
 20
32.5370527352338
 10
-7.5800514976538
 20
32.5369625525709
 10
-7.58058381090798
 20
32.5369685630279
 10
-7.58058664855486
 20
32.5367881976565
 10
-7.58079957347557
 20
32.5367906011921
 10
-7.58080241067178
 20
32.5366102357988
 10
-7.58144118430997
 20
32.5366174441936
 10
-7.58143834838972
 20
32.5367978096367
 10
-7.58197066099232
 20
32.5368038141965
 10
-7.58197349584927
 20
32.536623448712
 10
-7.58229288284882
 20
32.5366270503419
 10
-7.58229571704247
 20
32.5364466848271
 10
-7.58250864131516
 20
32.5364490854467
 10
-7.58251005818983
 20
32.536358902679
 10
-7.58261652022934
 20
32.5363601028495
 10
-7.58261935374705
 20
32.5361797373017
 10
-7.58293873926556
 20
32.536183337248
 10
-7.58293448993647
 20
32.536453885605
 10
-7.58314741428508
 20
32.5364562851435
 10
-7.5831445817927
 20
32.5366366507247
 10
-7.58325104418916
 20
32.5366378503671
 10
-7.58325387646887
 20
32.5364574847777
 10
-7.58346680085543
 20
32.5364598837758
 10
-7.58346821677314
 20
32.5363697009708
 10
-7.58357467886958
 20
32.5363709003306
 10
-7.58358034205188
 20
32.5360101690805
 10
-7.58368680372933
 20
32.5360113683336
 10
-7.58368963506989
 20
32.5358310026922
 10
-7.583796096541
 20
32.5358322018469
 10
-7.58379751209547
 20
32.53574201902
 10
-7.58390397346658
 20
32.5357432180806
 10
-7.58390680434391
 20
32.5355628524145
 10
-7.58401326550869
 20
32.5355640513767
 10
-7.58401609614809
 20
32.5353836856969
 10
-7.58412255710654
 20
32.5353848845607
 10
-7.584125387508
 20
32.5352045188673
 10
-7.58433830901858
 20
32.5352069163081
 10
-7.58434538384842
 20
32.5347560020095
 10
-7.58360016239329
 20
32.5347476095351
 10
-7.58360299376947
 20
32.5345672438641
 10
-7.58339007383589
 20
32.5345648452201
 10
-7.58339148972714
 20
32.5344746623909
 10
-7.58317857003149
 20
32.5344722633949
 10
-7.58318140222029
 20
32.5342918977489
 10
-7.5809457514094
 20
32.5342666867104
 10
-7.58094858803822
 20
32.5340863212332
 10
-7.58073566948426
 20
32.5340839181267
 10
-7.58073850651301
 20
32.5339035526606
 10
-7.58041912936748
 20
32.5338999473502
 10
-7.58042054819129
 20
32.5338097646275
 10
-7.58010117142173
 20
32.5338061585189
 10
-7.58010400968825
 20
32.5336257930945
 10
-7.57957171626222
 20
32.5336197811533
 10
-7.57956887693256
 20
32.5338001465362
 10
-7.57935595918127
 20
32.5337977411125
 10
-7.5793545392943
 20
32.5338879237936
 10
-7.57871578555474
 20
32.533880705336
 10
-7.5787172060796
 20
32.5337905226798
 10
-7.57850428842979
 20
32.533788115815
 10
-7.57850712988573
 20
32.5336077505152
 10
-7.57808129551277
 20
32.5336029357378
 10
-7.57808413779383
 20
32.5334225704659
 10
-7.57787122107068
 20
32.5334201625534
 10
-7.57786837836437
 20
32.5336005278087
 10
-7.57765546124135
 20
32.5335981195193
 10
-7.57765261808439
 20
32.5337784847526
 10
-7.57754615931978
 20
32.5337772804644
 10
-7.57754473762546
 20
32.5338674630749
 10
-7.57743827876089
 20
32.5338662586925
 10
-7.57743259149486
 20
32.5342269891042
 10
-7.57732613221137
 20
32.5342257846151
 10
-7.57732328832762
 20
32.5344061498045
 10
-7.57721682883785
 20
32.534404945217
 10
-7.57721540678013
 20
32.5344951278055
 10
-7.57710894719039
 20
32.5344939231238
 10
-7.57710610284327
 20
32.5346742882885
 10
-7.57699964304724
 20
32.5346730835084
 10
-7.57699679846207
 20
32.5348534486594
 10
-7.57689033845976
 20
32.5348522437808
 10
-7.57688749363655
 20
32.5350326089181
 10
-7.57678103342795
 20
32.5350314039412
 10
-7.57677676582652
 20
32.5353019516244
 10
-7.5766703053053
 20
32.5353007465449
 10
-7.57666745999328
 20
32.5354811116521
 10
-7.57656099926577
 20
32.5354799064742
 10
-7.57655815371568
 20
32.5356602715675
 10
-7.57634523185444
 20
32.5356578609249
 10
-7.57634380885722
 20
32.5357480434612
 10
-7.57623734782981
 20
32.5357468380006
 10
-7.57623450160364
 20
32.5359272030609
 10
-7.57612804036994
 20
32.5359259975019
 10
-7.5761251939057
 20
32.5361063625485
 10
-7.57559288676927
 20
32.5361003333605
 10
-7.57559003921634
 20
32.53628069836
 10
-7.57537711598097
 20
32.5362782860376
 10
-7.57537569198231
 20
32.536368468527
 10
-7.57526923026784
 20
32.5363672622265
 10
-7.57526638203879
 20
32.5365476271929
 10
-7.57515992011802
 20
32.536546420794
 10
-7.57515707165087
 20
32.5367267857468
 10
-7.5749441474031
 20
32.536724372662
 10
-7.57494129848519
 20
32.5369047375926
 10
-7.57483483615819
 20
32.5369035309068
 10
-7.57483341158336
 20
32.5369937133659
 10
-7.57451402432153
 20
32.5369900927554
 10
-7.57452114872699
 20
32.5365391805086
 10
-7.57441468685075
 20
32.5365379734791
 10
-7.57441896173664
 20
32.5362674261274
 10
-7.57431250018575
 20
32.5362662190202
 10
-7.57431535029052
 20
32.5360858541207
 10
-7.57410242763313
 20
32.5360834396528
 10
-7.57410527813774
 20
32.5359030747645
 10
-7.57357297266893
 20
32.5358970370602
 10
-7.57357012110107
 20
32.5360774019069
 10
-7.57335719853281
 20
32.5360749861779
 10
-7.57335434651418
 20
32.5362553510024
 10
-7.57282203914174
 20
32.5362493100618
 10
-7.57282061259123
 20
32.5363394924512
 10
-7.57271415102953
 20
32.5363382839886
 10
-7.57271129769675
 20
32.536518648755
 10
-7.57260483592877
 20
32.536517440194
 10
-7.57260198235785
 20
32.5366978049467
 10
-7.57249552038358
 20
32.5366965962872
 10
-7.57249123966043
 20
32.5369671433935
 10
-7.57227831509302
 20
32.5369647257794
 10
-7.57227546082041
 20
32.5371450904935
 10
-7.57206253585318
 20
32.5371426725024
 10
-7.57205968112974
 20
32.5373230371944
 10
-7.57195321844302
 20
32.5373218280553
 10
-7.57195036348142
 20
32.5375021927335
 10
-7.57184390058841
 20
32.5375009834961
 10
-7.57184247299172
 20
32.537591165829
 10
-7.57162954701216
 20
32.5375887470754
 10
-7.57162669137431
 20
32.5377691117205
 10
-7.57152022818143
 20
32.5377679022002
 10
-7.57151451640387
 20
32.5381286314574
 10
-7.57140805279203
 20
32.5381274218304
 10
-7.57140376857288
 20
32.5383979687466
 10
-7.57129730464841
 20
32.5383967590169
 10
-7.57129444825775
 20
32.5385771236126
 10
-7.57118798412698
 20
32.5385759137845
 10
-7.57118512749813
 20
32.5387562783664
 10
-7.57107866316106
 20
32.5387550684398
 10
-7.57107723473073
 20
32.5388452507246
 10
-7.57086430586304
 20
32.5388428305928
 10
-7.57086144855788
 20
32.5390231951416
 10
-7.57054205466616
 20
32.5390195642431
 10
-7.57053919669744
 20
32.5391999287614
 10
-7.57032626704283
 20
32.5391975076953
 10
-7.57032340862321
 20
32.5393778721915
 10
-7.5702169435928
 20
32.5393766615149
 10
-7.57021551426707
 20
32.5394668437568
 10
-7.5701090491367
 20
32.5394656329859
 10
-7.57010619025341
 20
32.5396459974573
 10
-7.56999972491674
 20
32.539644786588
 10
-7.56999686579522
 20
32.5398251510456
 10
-7.56989040025224
 20
32.5398239400778
 10
-7.569883251805
 20
32.5402748511773
 10
-7.56977678573668
 20
32.5402736400985
 10
-7.56977106643857
 20
32.5406343689371
 10
-7.56966459995124
 20
32.5406331577515
 10
-7.56966031009156
 20
32.5409037043537
 10
-7.56955384329157
 20
32.5409024930654
 10
-7.56954812296386
 20
32.5412632218327
 10
-7.56944165574485
 20
32.5412620104376
 10
-7.5694402255406
 20
32.5413521926219
 10
-7.56933375822163
 20
32.5413509811326
 10
-7.56932517622389
 20
32.5418920741846
 10
-7.56921870827318
 20
32.5418908625801
 10
-7.56921441686901
 20
32.5421614090753
 10
-7.56932088513879
 20
32.5421626206924
 10
-7.56931516360256
 20
32.5425233493506
 10
-7.56942163230416
 20
32.5425245608943
 10
-7.56940732908005
 20
32.5434263824869
 10
-7.56930085931484
 20
32.5434251709014
 10
-7.56929799838064
 20
32.5436055351953
 10
-7.56919152840909
 20
32.5436043235113
 10
-7.5691886672366
 20
32.5437846877915
 10
-7.56908219705871
 20
32.543783476009
 10
-7.56908076635652
 20
32.5438736581428
 10
-7.56886782580718
 20
32.5438712342992
 10
-7.56886496395816
 20
32.5440515985462
 10
-7.56875849348034
 20
32.5440503864808
 10
-7.56875563139303
 20
32.544230750714
 10
-7.56864916070887
 20
32.5442295385502
 10
-7.56864629838326
 20
32.5444099027696
 10
-7.56832688573091
 20
32.5444062657123
 10
-7.56832974869473
 20
32.544225901518
 10
-7.56843621935972
 20
32.5442271139521
 10
-7.56843908208523
 20
32.5440467497441
 10
-7.56854555254388
 20
32.5440479620797
 10
-7.56854841503109
 20
32.5438675978579
 10
-7.56865488528339
 20
32.5438688100951
 10
-7.56865631641105
 20
32.543778627978
 10
-7.5688692567221
 20
32.5437810521737
 10
-7.56887927294763
 20
32.5431497772573
 10
-7.5689857423682
 20
32.5431509891907
 10
-7.56899146535962
 20
32.5427902606206
 10
-7.5688849963645
 20
32.5427890487039
 10
-7.56888928886005
 20
32.5425185022747
 10
-7.5687828201904
 20
32.5425172902804
 10
-7.56878854385378
 20
32.542156561706
 10
-7.56868207561595
 20
32.5421553496383
 10
-7.56869209252534
 20
32.5415240746103
 10
-7.56858562503838
 20
32.5415228624818
 10
-7.56858848716768
 20
32.5413424981843
 10
-7.56848201989982
 20
32.5413412859742
 10
-7.56848345106124
 20
32.5412511038275
 10
-7.56837698390612
 20
32.5412498915315
 10
-7.56837984642249
 20
32.5410695272426
 10
-7.56816691255683
 20
32.5410671023969
 10
-7.56817263836366
 20
32.5407063738363
 10
-7.56838557137852
 20
32.5407087986485
 10
-7.56838700260154
 20
32.5406186164967
 10
-7.56849346901221
 20
32.5406198287634
 10
-7.56849633122639
 20
32.5404394644473
 10
-7.56860279743075
 20
32.5404406766156
 10
-7.56860565940668
 20
32.5402603122856
 10
-7.56871212540474
 20
32.5402615243555
 10
-7.56871927970099
 20
32.539810613486
 10
-7.56861281423466
 20
32.5398094014371
 10
-7.56861853798202
 20
32.5394486727339
 10
-7.5682991428975
 20
32.5394450360968
 10
-7.56829628039854
 20
32.5396254004259
 10
-7.56787041952459
 20
32.5396205502816
 10
-7.56786755614931
 20
32.5398009145719
 10
-7.56754815992292
 20
32.5397972759925
 10
-7.567545295884
 20
32.5399776402523
 10
-7.567332364673
 20
32.5399752140655
 10
-7.56733093243126
 20
32.5400653961849
 10
-7.56722446672901
 20
32.5400641829522
 10
-7.56722160201365
 20
32.5402445471787
 10
-7.56700867020295
 20
32.5402421204262
 10
-7.56700580503662
 20
32.5404224846306
 10
-7.56679287282612
 20
32.5404200575009
 10
-7.5667900072088
 20
32.5406004216831
 10
-7.56657707459852
 20
32.5405979941763
 10
-7.56657564156756
 20
32.540688176257
 10
-7.56636270877018
 20
32.5406857483814
 10
-7.56635984226367
 20
32.540866112522
 10
-7.56614690906649
 20
32.5408636842692
 10
-7.56614404210899
 20
32.5410440483876
 10
-7.56561170816458
 20
32.5410379761371
 10
-7.56560884011796
 20
32.5412183402082
 10
-7.56528943919005
 20
32.5412146957515
 10
-7.56528800483808
 20
32.5413048777724
 10
-7.56507507070546
 20
32.5413024476757
 10
-7.5650722015569
 20
32.5414828116968
 10
-7.5649657342875
 20
32.5414815965049
 10
-7.5649628649006
 20
32.5416619605121
 10
-7.56474992995561
 20
32.5416595298413
 10
-7.56474706011767
 20
32.5418398938263
 10
-7.56464059244208
 20
32.5418386783473
 10
-7.56463915740714
 20
32.5419288603336
 10
-7.56442622186247
 20
32.541926429097
 10
-7.56442335134795
 20
32.5421067930488
 10
-7.5642104154035
 20
32.5421043614349
 10
-7.56420754443792
 20
32.5422847253645
 10
-7.56388813993119
 20
32.5422810772428
 10
-7.56388526830182
 20
32.5424614411418
 10
-7.56356586321465
 20
32.5424577921839
 10
-7.56356442707128
 20
32.5425479741188
 10
-7.56335149016585
 20
32.5425455410213
 10
-7.56334861743443
 20
32.5427259048702
 10
-7.56313568012923
 20
32.5427234713955
 10
-7.56313280694671
 20
32.5429038352222
 10
-7.56291986924174
 20
32.5429014013703
 10
-7.56291699560812
 20
32.5430817651747
 10
-7.56281052655254
 20
32.5430805481052
 10
-7.56280908961974
 20
32.5431707300012
 10
-7.56270262046421
 20
32.5431695128374
 10
-7.56269974636665
 20
32.5433498766169
 10
-7.56259327700482
 20
32.5433486593546
 10
-7.56259040266886
 20
32.5435290231203
 10
-7.56248393310072
 20
32.5435278057595
 10
-7.56248105852636
 20
32.5437081695114
 10
-7.56237458875192
 20
32.543706952052
 10
-7.56237315134875
 20
32.5437971339217
 10
-7.56226668147435
 20
32.5437959163681
 10
-7.56226380643603
 20
32.5439762800951
 10
-7.56215733635532
 20
32.5439750624429
 10
-7.56215446107859
 20
32.5441554261561
 10
-7.56204799079157
 20
32.5441542084054
 10
-7.56204511527642
 20
32.5443345721047
 10
-7.56172570381571
 20
32.5443309182867
 10
-7.56172426572941
 20
32.5444211001218
 10
-7.5611919128915
 20
32.5444150086019
 10
-7.56119335150964
 20
32.5443248267878
 10
-7.56076746978043
 20
32.5443199519667
 10
-7.56076603073682
 20
32.5444101337639
 10
-7.56034014868496
 20
32.5444052574842
 10
-7.56033726972752
 20
32.5445856210409
 10
-7.56012432831468
 20
32.5445831823435
 10
-7.56012144890606
 20
32.544763545878
 10
-7.56001497799654
 20
32.5447623263857
 10
-7.56001209834946
 20
32.5449426899063
 10
-7.55990562723364
 20
32.5449414703155
 10
-7.55990418729409
 20
32.5450316520696
 10
-7.55979771607833
 20
32.5450304323845
 10
-7.55978907566772
 20
32.5455715228552
 10
-7.55968260382016
 20
32.5455703030547
 10
-7.55967252230388
 20
32.5462015751796
 10
-7.55956604971813
 20
32.5462003552595
 10
-7.55955884791024
 20
32.5466512638585
 10
-7.55966532102788
 20
32.5466524837996
 10
-7.55966100018509
 20
32.5469230289554
 10
-7.55955452674832
 20
32.5469218090017
 10
-7.55955164594154
 20
32.5471021724237
 10
-7.55965811959107
 20
32.5471033923859
 10
-7.55964803730941
 20
32.5477346643499
 10
-7.5595415629152
 20
32.5477334443582
 10
-7.55953436056055
 20
32.5481843528423
 10
-7.55942788564084
 20
32.5481831327394
 10
-7.55942500444117
 20
32.5483634961152
 10
-7.55921205419551
 20
32.5483610556223
 10
-7.55921493582072
 20
32.5481806922634
 10
-7.55910846092031
 20
32.5481794718901
 10
-7.55910990182965
 20
32.5480892902129
 10
-7.55900342704207
 20
32.5480880697538
 10
-7.55900630905422
 20
32.5479077064036
 10
-7.55889983448584
 20
32.5479064858628
 10
-7.55890271668501
 20
32.5477261225156
 10
-7.5585832936568
 20
32.5477224603777
 10
-7.55858617646854
 20
32.5475420970504
 10
-7.55762790964642
 20
32.547531105846
 10
-7.55762935200009
 20
32.5474409242182
 10
-7.55752287804732
 20
32.5474397025269
 10
-7.55752576294808
 20
32.5472593392758
 10
-7.55731281548741
 20
32.5472568956397
 10
-7.55731570078793
 20
32.5470765324
 10
-7.55720922728002
 20
32.5470753104552
 10
-7.55720634176674
 20
32.5472556736864
 10
-7.55688692064337
 20
32.5472520072859
 10
-7.55688403446603
 20
32.5474323704864
 10
-7.55667108665715
 20
32.5474299257519
 10
-7.55666964334604
 20
32.5475201073416
 10
-7.55656316934489
 20
32.547518884835
 10
-7.55656028249058
 20
32.547699248002
 10
-7.55624085988749
 20
32.5476955799161
 10
-7.5562437473801
 20
32.5475152167744
 10
-7.55613727340473
 20
32.5475139939072
 10
-7.55613871724774
 20
32.5474238123386
 10
-7.55603224338521
 20
32.5474225893855
 10
-7.55603079943581
 20
32.54751277095
 10
-7.55592432547333
 20
32.5475115479026
 10
-7.55592143734243
 20
32.547691911019
 10
-7.55581496317364
 20
32.5476906878731
 10
-7.55581207480417
 20
32.5478710509756
 10
-7.55570560042906
 20
32.5478698277311
 10
-7.55570271182102
 20
32.5480501908198
 10
-7.55559623723959
 20
32.5480489674768
 10
-7.55559479281951
 20
32.5481391490148
 10
-7.55548831813815
 20
32.5481379255774
 10
-7.55548542906587
 20
32.5483182886411
 10
-7.55537895417818
 20
32.5483170651051
 10
-7.55539917863166
 20
32.5470545236049
 10
-7.55529270523979
 20
32.5470533000379
 10
-7.55529559455697
 20
32.5468729369533
 10
-7.55518912138431
 20
32.5468717133046
 10
-7.55519056613961
 20
32.5467815317645
 10
-7.554658200905
 20
32.5467754121906
 10
-7.55465675561781
 20
32.5468655937096
 10
-7.55455028248387
 20
32.5468643695203
 10
-7.55454450084507
 20
32.5472250955659
 10
-7.55443802729206
 20
32.5472238712695
 10
-7.55443513622117
 20
32.5474042342757
 10
-7.554222188709
 20
32.5474017853957
 10
-7.55422508020542
 20
32.5472214224064
 10
-7.55411860667178
 20
32.5472201978396
 10
-7.55412149835514
 20
32.5470398348533
 10
-7.55401502504072
 20
32.5470386102049
 10
-7.554017916911
 20
32.5468582472217
 10
-7.55380497072705
 20
32.5468557976714
 10
-7.55380641686527
 20
32.5467656161862
 10
-7.55369994388936
 20
32.5467643912802
 10
-7.55370283635917
 20
32.5465840283142
 10
-7.55359636360247
 20
32.5465828033264
 10
-7.5535992562592
 20
32.5464024403635
 10
-7.55285394863248
 20
32.5463938629852
 10
-7.55285684275263
 20
32.546213500076
 10
-7.55253742593349
 20
32.5462098227304
 10
-7.55253453117508
 20
32.5463901856142
 10
-7.55221511377587
 20
32.5463865074322
 10
-7.55221800917253
 20
32.5462061445738
 10
-7.5521115369318
 20
32.5462049183413
 10
-7.55211298472681
 20
32.5461147369143
 10
-7.55200651259893
 20
32.546113510596
 10
-7.55200940838229
 20
32.5459331477464
 10
-7.55190293647362
 20
32.5459319213465
 10
-7.55191017635075
 20
32.5454810142201
 10
-7.55180370498041
 20
32.5454797877511
 10
-7.5518094971912
 20
32.5451190620426
 10
-7.55170302625281
 20
32.5451178355005
 10
-7.55170592253214
 20
32.5449374726465
 10
-7.55159945181295
 20
32.5449362460228
 10
-7.55160090004928
 20
32.544846064598
 10
-7.55138795884304
 20
32.5448436110887
 10
-7.55139085572177
 20
32.544663248252
 10
-7.55064556319282
 20
32.54465465819
 10
-7.55062817259726
 20
32.5457368347728
 10
-7.55052170098544
 20
32.5457356072098
 10
-7.55052459969549
 20
32.545555244468
 10
-7.55031165691674
 20
32.5455527890886
 10
-7.5503131064748
 20
32.5454626077241
 10
-7.5502066352015
 20
32.5454613799035
 10
-7.55021243379449
 20
32.5451006544491
 10
-7.55010596295315
 20
32.5450994265553
 10
-7.55011031214902
 20
32.544828882463
 10
-7.55000384163326
 20
32.5448276544919
 10
-7.5500125404884
 20
32.5442865662962
 10
-7.5499060706173
 20
32.5442853382603
 10
-7.54991042027656
 20
32.544014794157
 10
-7.5495910116594
 20
32.5440111095469
 10
-7.54959391203804
 20
32.54383074683
 10
-7.54927450411734
 20
32.5438270614343
 10
-7.54927740510825
 20
32.5436466987374
 10
-7.54895799788401
 20
32.5436430125563
 10
-7.54895509625494
 20
32.5438233752277
 10
-7.54884862698043
 20
32.543822146312
 10
-7.54885152882222
 20
32.543641783649
 10
-7.54853212167574
 20
32.5436380963866
 10
-7.54852631668989
 20
32.5439988216562
 10
-7.54841984722857
 20
32.5439975923715
 10
-7.54841549310205
 20
32.5442681362968
 10
-7.54820255356068
 20
32.5442656774317
 10
-7.54820690832539
 20
32.5439951335319
 10
-7.54831337777374
 20
32.5439963629968
 10
-7.54832063505346
 20
32.5435454564488
 10
-7.54821416613692
 20
32.5435442270052
 10
-7.54823303568849
 20
32.5423718698775
 10
-7.54802010064013
 20
32.5423694108302
 10
-7.54801719727808
 20
32.5425497734631
 10
-7.54791072955092
 20
32.5425485437958
 10
-7.54790782595023
 20
32.5427289064149
 10
-7.54780135801684
 20
32.542727676649
 10
-7.5477984541775
 20
32.5429080392541
 10
-7.54769198603788
 20
32.5429068093896
 10
-7.54768472579428
 20
32.5433577158576
 10
-7.54757825712935
 20
32.5433564858818
 10
-7.5475739005863
 20
32.5436270297336
 10
-7.54746743160878
 20
32.5436257996549
 10
-7.54746452700159
 20
32.5438061622075
 10
-7.54725158864057
 20
32.5438037017629
 10
-7.54725594617978
 20
32.5435331579575
 10
-7.54714947732808
 20
32.5435319276127
 10
-7.54715238253451
 20
32.5433515650775
 10
-7.54683297665649
 20
32.5433478735282
 10
-7.5468387882678
 20
32.5429871484925
 10
-7.54694525646188
 20
32.542988379082
 10
-7.54696704748444
 20
32.5416356599414
 10
-7.54686058088565
 20
32.5416344294156
 10
-7.54686348645774
 20
32.541454066849
 10
-7.54675702007814
 20
32.5414528362415
 10
-7.54675411429335
 20
32.5416331987996
 10
-7.54654118112822
 20
32.5416307372975
 10
-7.5465397280134
 20
32.541720918566
 10
-7.54622032799532
 20
32.5417172256242
 10
-7.5462174211081
 20
32.5418975881317
 10
-7.54589802051033
 20
32.5418938943536
 10
-7.54589511295904
 20
32.5420742568301
 10
-7.54546924473544
 20
32.5420693304972
 10
-7.54547215313754
 20
32.5418889680546
 10
-7.54536568631058
 20
32.5418877362547
 10
-7.54537004918408
 20
32.5416171925934
 10
-7.54526358268266
 20
32.5416159607161
 10
-7.54526649144523
 20
32.541435598277
 10
-7.545160025163
 20
32.5414343663181
 10
-7.54516584303558
 20
32.5410736414407
 10
-7.54527230889241
 20
32.5410748733826
 10
-7.54527376323797
 20
32.5409846921556
 10
-7.54538022899495
 20
32.5409859240032
 10
-7.5453831374539
 20
32.5408055615367
 10
-7.54548960300468
 20
32.5408067932856
 10
-7.54549251122496
 20
32.5406264308052
 10
-7.54559897656955
 20
32.5406276624555
 10
-7.54560188455117
 20
32.5404472999612
 10
-7.54570834968956
 20
32.5404485315129
 10
-7.54570980356429
 20
32.5403583502595
 10
-7.54581626860283
 20
32.5403595817169
 10
-7.54581917612012
 20
32.5401792191974
 10
-7.54592564095247
 20
32.5401804505562
 10
-7.5459285482311
 20
32.5400000880228
 10
-7.54603501285727
 20
32.5400013192831
 10
-7.54603791989725
 20
32.5398209567357
 10
-7.54614438431722
 20
32.5398221878974
 10
-7.54615891806431
 20
32.5389203750372
 10
-7.5462653814274
 20
32.5389216060662
 10
-7.54626828788626
 20
32.5387412434694
 10
-7.54637475104316
 20
32.5387424743999
 10
-7.54637911036379
 20
32.5384719304818
 10
-7.54648557320818
 20
32.5384731613094
 10
-7.54649864986264
 20
32.537661529444
 10
-7.5462857260943
 20
32.5376590677751
 10
-7.54628281979119
 20
32.5378394304044
 10
-7.5461763577041
 20
32.5378381994263
 10
-7.54617926421987
 20
32.5376578368056
 10
-7.54607280235193
 20
32.5376566057459
 10
-7.54607570905439
 20
32.5374762431283
 10
-7.5459692474056
 20
32.537475011987
 10
-7.54597651457981
 20
32.5370241054405
 10
-7.54587005346914
 20
32.5370228742304
 10
-7.54587732101271
 20
32.5365719676713
 10
-7.54577086044015
 20
32.5365707363924
 10
-7.54578394256653
 20
32.5357591045389
 10
-7.54567748295735
 20
32.5357578732082
 10
-7.54568039023777
 20
32.5355775105677
 10
-7.54557393084772
 20
32.5355762791554
 10
-7.54557102335466
 20
32.5357566417874
 10
-7.54546456375846
 20
32.5357554102765
 10
-7.54546165602679
 20
32.5359357728946
 10
-7.54535519622445
 20
32.5359345412852
 10
-7.54534792625004
 20
32.5363854477854
 10
-7.54524146592259
 20
32.5363842160646
 10
-7.54523855767473
 20
32.5365645786467
 10
-7.54513209714113
 20
32.5365633468273
 10
-7.54513064290113
 20
32.5366535281121
 10
-7.54491772164076
 20
32.5366510641946
 10
-7.54491481271599
 20
32.5368314267431
 10
-7.5448083518829
 20
32.5368301946407
 10
-7.54480544271951
 20
32.5370105571753
 10
-7.54469898168026
 20
32.5370093249743
 10
-7.54469461756747
 20
32.5372798687532
 10
-7.54458815621575
 20
32.5372786364494
 10
-7.54457942717679
 20
32.5378197239452
 10
-7.54447296519359
 20
32.5378184915258
 10
-7.54447151022469
 20
32.5379086727661
 10
-7.54415212399511
 20
32.5379049749546
 10
-7.54416231087382
 20
32.5372737063333
 10
-7.54352354305591
 20
32.5372663084566
 10
-7.54352499893626
 20
32.5371761272451
 10
-7.54363146011667
 20
32.5371773604455
 10
-7.54363437164521
 20
32.53699699801
 10
-7.54374083261947
 20
32.5369982311118
 10
-7.54376121110264
 20
32.5357356938519
 10
-7.5438676705949
 20
32.535736926804
 10
-7.54388076941873
 20
32.5349252955301
 10
-7.54377431088332
 20
32.5349240626162
 10
-7.54377867735988
 20
32.5346535188466
 10
-7.5436722191499
 20
32.5346522858555
 10
-7.5436751303144
 20
32.5344719233442
 10
-7.54356867232355
 20
32.5344706902715
 10
-7.54356576094643
 20
32.5346510527743
 10
-7.54335284455899
 20
32.5346485863417
 10
-7.54335575636136
 20
32.5344682238559
 10
-7.54324929839002
 20
32.534466990513
 10
-7.5432565783137
 20
32.5340160842962
 10
-7.54315012088041
 20
32.5340148508845
 10
-7.54315303301699
 20
32.5338344883968
 10
-7.54325949023766
 20
32.5338357218
 10
-7.54329588709275
 20
32.5315811901409
 10
-7.54340234166237
 20
32.5315824233476
 10
-7.54341398694743
 20
32.530860973004
 10
-7.54330753322817
 20
32.5308597398314
 10
-7.54331335613985
 20
32.5304990146442
 10
-7.54320690285225
 20
32.5304977813986
 10
-7.54321418187701
 20
32.5300468749054
 10
-7.54310772912737
 20
32.530045641591
 10
-7.54311500852103
 20
32.5295947350852
 10
-7.54300855630932
 20
32.5295935017021
 10
-7.54302457157234
 20
32.5286015073173
 10
-7.54291812053624
 20
32.5286002738909
 10
-7.54292831240158
 20
32.5279690046815
 10
-7.54282186211593
 20
32.5279677711949
 10
-7.54282623027952
 20
32.5276972272405
 10
-7.5426133303654
 20
32.5276947600226
 10
-7.54261187410482
 20
32.5277849413336
 10
-7.54250542405125
 20
32.5277837075853
 10
-7.54249668571355
 20
32.5283247953972
 10
-7.54239023502881
 20
32.5283235615333
 10
-7.54238295237046
 20
32.5287744679846
 10
-7.54227650116083
 20
32.5287732340094
 10
-7.54227213116891
 20
32.5290437778512
 10
-7.54216567964693
 20
32.5290425437731
 10
-7.54215256836333
 20
32.5298541751871
 10
-7.54162030606823
 20
32.5298480032542
 10
-7.54162322079522
 20
32.5296676407698
 10
-7.5415167685683
 20
32.5296664061216
 10
-7.54151822602832
 20
32.5295762248816
 10
-7.54141177391419
 20
32.5295749901476
 10
-7.5414176041143
 20
32.5292142651913
 10
-7.54131115243182
 20
32.5292130303843
 10
-7.54131844056692
 20
32.5287621241798
 10
-7.54142489171798
 20
32.5287633589656
 10
-7.54144821095624
 20
32.5273204588158
 10
-7.54134176150561
 20
32.5273192240983
 10
-7.54134467650578
 20
32.5271388615638
 10
-7.5412382272742
 20
32.5271376267647
 10
-7.54124260004445
 20
32.5268670829656
 10
-7.5411361511382
 20
32.5268658480893
 10
-7.54113906649835
 20
32.5266854855583
 10
-7.54103261781115
 20
32.5266842506004
 10
-7.54103407558774
 20
32.5265940693372
 10
-7.54092762701332
 20
32.5265928342936
 10
-7.54093345847962
 20
32.526232109244
 10
-7.54082701033679
 20
32.5262308741274
 10
-7.54082992624341
 20
32.526050511603
 10
-7.54072347831962
 20
32.5260492764049
 10
-7.54072785244952
 20
32.525778732621
 10
-7.54062140485104
 20
32.5257774973457
 10
-7.54062432111761
 20
32.5255971348248
 10
-7.54051787373817
 20
32.5255958994679
 10
-7.54052079019122
 20
32.5254155369502
 10
-7.54041434303082
 20
32.5254143015118
 10
-7.54041580135384
 20
32.5253241202552
 10
-7.54030935430622
 20
32.525322884731
 10
-7.54031227114524
 20
32.5251425222223
 10
-7.54020582431666
 20
32.5251412866166
 10
-7.54021165834159
 20
32.5247805615998
 10
-7.54031810474513
 20
32.5247817971885
 10
-7.54033268828893
 20
32.5238799845092
 10
-7.54022624294797
 20
32.5238787489633
 10
-7.54022915979108
 20
32.5236983864197
 10
-7.54012271466913
 20
32.5236971507923
 10
-7.5401256316987
 20
32.5235167882518
 10
-7.5396998521261
 20
32.5235118448758
 10
-7.53969693424651
 20
32.5236922073822
 10
-7.53948404407428
 20
32.5236897351369
 10
-7.53948696237889
 20
32.5235093726476
 10
-7.53895473812493
 20
32.5235031905015
 10
-7.53895181875778
 20
32.523683552948
 10
-7.5386324836461
 20
32.5236798425543
 10
-7.53862956361536
 20
32.5238602049698
 10
-7.53852311837866
 20
32.5238589679833
 10
-7.53852019810932
 20
32.5240393303848
 10
-7.53841375266664
 20
32.5240380932997
 10
-7.53840645134789
 20
32.5244889992585
 10
-7.53830000538044
 20
32.524487762062
 10
-7.53829270336735
 20
32.5249386679656
 10
-7.53818625687513
 20
32.5249374306577
 10
-7.53819648039161
 20
32.5243061624131
 10
-7.53809003464973
 20
32.5243049250451
 10
-7.53809441637772
 20
32.5240343815041
 10
-7.53798797096113
 20
32.5240331440589
 10
-7.53799089229302
 20
32.5238527817001
 10
-7.53788444709546
 20
32.5238515441733
 10
-7.53788736861376
 20
32.5236711818176
 10
-7.53724869884047
 20
32.5236637548177
 10
-7.53724577604711
 20
32.5238441171221
 10
-7.53713933089523
 20
32.523842878965
 10
-7.53713640786326
 20
32.5240232412555
 10
-7.5370299625054
 20
32.5240220029999
 10
-7.53702557758972
 20
32.5242925464126
 10
-7.53691913191961
 20
32.5242913080541
 10
-7.53691620839734
 20
32.5244716703139
 10
-7.53680976252125
 20
32.5244704318569
 10
-7.5368053768701
 20
32.5247409752236
 10
-7.53659248449995
 20
32.5247384980137
 10
-7.53660271908216
 20
32.5241072301989
 10
-7.53649627365068
 20
32.5241059914889
 10
-7.53651089498992
 20
32.5232041802527
 10
-7.53640445062751
 20
32.5232029414954
 10
-7.5364073750295
 20
32.5230225792404
 10
-7.53619448674926
 20
32.5230201014728
 10
-7.53619741155012
 20
32.5228397392296
 10
-7.5360909676323
 20
32.5228385002193
 10
-7.53608804261894
 20
32.5230188624539
 10
-7.53587515437789
 20
32.5230163841461
 10
-7.53587222891339
 20
32.5231967463582
 10
-7.53576578459017
 20
32.5231955070607
 10
-7.53576285888704
 20
32.5233758692589
 10
-7.53565641435785
 20
32.5233746298628
 10
-7.53565495139023
 20
32.5234648109555
 10
-7.53554850676132
 20
32.5234635714651
 10
-7.53554558059398
 20
32.523643933638
 10
-7.5354391357591
 20
32.523642694049
 10
-7.53543620935312
 20
32.5238230562079
 10
-7.53532976431226
 20
32.5238218165203
 10
-7.53532683766764
 20
32.5240021786653
 10
-7.53522039242081
 20
32.5240009388791
 10
-7.53521600208608
 20
32.5242714820736
 10
-7.53532244765168
 20
32.5242727218726
 10
-7.53530635042328
 20
32.5252647135286
 10
-7.53509345696092
 20
32.5252622337462
 10
-7.53509638421359
 20
32.5250818716563
 10
-7.53498993770474
 20
32.5250806316386
 10
-7.53499725625331
 20
32.5246297264114
 10
-7.53489081028229
 20
32.5246284863251
 10
-7.53489373786847
 20
32.5244481242333
 10
-7.5345744006322
 20
32.5244444034598
 10
-7.53457147240847
 20
32.5246247655259
 10
-7.53435858052528
 20
32.524622284543
 10
-7.53435711619109
 20
32.5247124655654
 10
-7.53425067015305
 20
32.5247112249346
 10
-7.53424774125253
 20
32.5248915869668
 10
-7.53403484877103
 20
32.5248891054179
 10
-7.53402899004143
 20
32.5252498294319
 10
-7.53392254338545
 20
32.5252485885053
 10
-7.53389764081049
 20
32.5267816652504
 10
-7.53400408927298
 20
32.5267829062499
 10
-7.53400115964652
 20
32.5269632682028
 10
-7.53410760832809
 20
32.5269645091208
 10
-7.53410321415814
 20
32.5272350520528
 10
-7.53420966316506
 20
32.5272362928936
 10
-7.53420380460531
 20
32.5275970168012
 10
-7.53431025404387
 20
32.5275982575691
 10
-7.53430586037419
 20
32.5278688004983
 10
-7.53419941061681
 20
32.5278675597176
 10
-7.53420233994902
 20
32.5276871977747
 10
-7.53356364281743
 20
32.5276797512504
 10
-7.53356071220993
 20
32.527860113142
 10
-7.53334781279331
 20
32.5278576302297
 10
-7.53334488173454
 20
32.5280379920986
 10
-7.5332384318235
 20
32.5280367504988
 10
-7.53324429433997
 20
32.5276760267727
 10
-7.53313784486057
 20
32.5276747851
 10
-7.53314224199802
 20
32.527404242304
 10
-7.53324869115859
 20
32.5274054839638
 10
-7.53325162233828
 20
32.5272251220845
 10
-7.53335807129286
 20
32.5272263636457
 10
-7.53336100223383
 20
32.5270460017524
 10
-7.53346745098241
 20
32.527047243215
 10
-7.53347184702597
 20
32.526776700352
 10
-7.53357829546228
 20
32.5267779417117
 10
-7.53358269112814
 20
32.5265073988236
 10
-7.53347624301063
 20
32.5265061574768
 10
-7.53349675682696
 20
32.5252436238983
 10
-7.53339031020369
 20
32.5252423825214
 10
-7.5333932408567
 20
32.5250620205685
 10
-7.53318034805485
 20
32.5250595375618
 10
-7.53318327910672
 20
32.5248791756207
 10
-7.53275749443163
 20
32.5248742085611
 10
-7.53276042630739
 20
32.5246938466489
 10
-7.53244108850736
 20
32.5246901204345
 10
-7.5324425547542
 20
32.5245999394892
 10
-7.53201677153754
 20
32.52459496996
 10
-7.53201530486568
 20
32.5246851508881
 10
-7.53190885897163
 20
32.5246839082764
 10
-7.53190299179364
 20
32.5250446319583
 10
-7.53179654548111
 20
32.5250433892394
 10
-7.5317789420431
 20
32.5261255601035
 10
-7.53167249446197
 20
32.526124317243
 10
-7.53167982987378
 20
32.5256734127615
 10
-7.53157338283052
 20
32.5256721698325
 10
-7.5315763171619
 20
32.525491808039
 10
-7.53146987033772
 20
32.5254905650285
 10
-7.53147280485542
 20
32.5253102032381
 10
-7.53115346505977
 20
32.5253064736922
 10
-7.53115493262757
 20
32.5252162928079
 10
-7.53094203967576
 20
32.5252138060023
 10
-7.53094497521674
 20
32.5250334442468
 10
-7.53062563647574
 20
32.5250297133889
 10
-7.53062857262806
 20
32.5248493516537
 10
-7.53041568059188
 20
32.5248468639821
 10
-7.530418617143
 20
32.5246665022587
 10
-7.53084440039152
 20
32.5246714772074
 10
-7.53084146469046
 20
32.5248518389652
 10
-7.53148014103499
 20
32.5248592987386
 10
-7.53148307546095
 20
32.5246789369293
 10
-7.53158952132879
 20
32.5246801799011
 10
-7.53159098842568
 20
32.5245899989902
 10
-7.53169743419382
 20
32.5245912418677
 10
-7.53170330209085
 20
32.5242305181931
 10
-7.53180974744051
 20
32.5242317609634
 10
-7.53181268113721
 20
32.5240513991094
 10
-7.53191912628091
 20
32.5240526417811
 10
-7.53192059301318
 20
32.5239624608477
 10
-7.53202703805718
 20
32.5239637034251
 10
-7.53202997128955
 20
32.5237833415458
 10
-7.53224286097219
 20
32.5237858264133
 10
-7.53224579375335
 20
32.5236054645114
 10
-7.53277801701201
 20
32.5236116750616
 10
-7.53277508529338
 20
32.5237920370063
 10
-7.53320086486817
 20
32.5237970038601
 10
-7.53319793397338
 20
32.5239773658337
 10
-7.53341082422506
 20
32.5239798487376
 10
-7.53341375469483
 20
32.5237994867468
 10
-7.53383953442669
 20
32.5238044514397
 10
-7.53384246402027
 20
32.5236240894092
 10
-7.53405535350044
 20
32.5236265711983
 10
-7.53405828264284
 20
32.5234462091453
 10
-7.53416472718023
 20
32.5234474498962
 10
-7.53416619163537
 20
32.5233572688634
 10
-7.53427263607305
 20
32.52335850952
 10
-7.5342784934032
 20
32.522997785358
 10
-7.53438493742242
 20
32.5229990259074
 10
-7.53439225840672
 20
32.5225481206531
 10
-7.53428581491874
 20
32.522546880125
 10
-7.53428874347918
 20
32.5223665180224
 10
-7.53396941369196
 20
32.5223627959238
 10
-7.53397234286372
 20
32.5221824338415
 10
-7.53344012774497
 20
32.5221762285861
 10
-7.53344159285226
 20
32.5220860475643
 10
-7.53354803575668
 20
32.5220872887912
 10
-7.53355096573914
 20
32.521906926735
 10
-7.53387029385419
 20
32.5219106498496
 10
-7.53387322317302
 20
32.5217302877623
 10
-7.5345118783048
 20
32.5217377315094
 10
-7.53451480632256
 20
32.5215573693652
 10
-7.53515346041482
 20
32.5215648098199
 10
-7.53515492377644
 20
32.5214746287201
 10
-7.53526136604179
 20
32.5214758684765
 10
-7.53526429253294
 20
32.5212955062643
 10
-7.53537073459234
 20
32.5212967459221
 10
-7.53537366084487
 20
32.5211163836959
 10
-7.53548010269832
 20
32.5211176232551
 10
-7.53549034363269
 20
32.5204863553909
 10
-7.53559678474902
 20
32.5204875948301
 10
-7.53562750340037
 20
32.5185937907496
 10
-7.53552106451491
 20
32.5185925514002
 10
-7.53551813884074
 20
32.5187729137107
 10
-7.53541169974936
 20
32.5187716742628
 10
-7.5354087738366
 20
32.5189520365594
 10
-7.53519589524853
 20
32.5189495573763
 10
-7.53519443206989
 20
32.519039738514
 10
-7.53487511391812
 20
32.5190360190514
 10
-7.53487218690386
 20
32.5192163812971
 10
-7.53476574732055
 20
32.5192151412876
 10
-7.53476282006769
 20
32.5193955035193
 10
-7.53465638027845
 20
32.5193942634112
 10
-7.53465345278699
 20
32.5195746256289
 10
-7.53454701279183
 20
32.5195733854223
 10
-7.53454994049576
 20
32.5193930232132
 10
-7.5344435007196
 20
32.5193917829251
 10
-7.53444935647392
 20
32.5190310585077
 10
-7.53455579582517
 20
32.5190322987787
 10
-7.53456311483983
 20
32.5185813932052
 10
-7.53466955366647
 20
32.5185826333647
 10
-7.53467979926886
 20
32.5179513654749
 10
-7.53446692310925
 20
32.5179488851258
 10
-7.53446985079028
 20
32.5177685228765
 10
-7.53436341293273
 20
32.5177672825755
 10
-7.53436487686965
 20
32.5176771014531
 10
-7.53425843912486
 20
32.5176758610664
 10
-7.53426429523207
 20
32.5173151365805
 10
-7.53447716987843
 20
32.5173176172297
 10
-7.53448009746792
 20
32.5171372549614
 10
-7.53458653458847
 20
32.5171384951425
 10
-7.53459092560503
 20
32.5168679517171
 10
-7.53448448880314
 20
32.516866711549
 10
-7.53449034382523
 20
32.51650598698
 10
-7.53438390745474
 20
32.516504746739
 10
-7.53440147316799
 20
32.5154225729537
 10
-7.53461434336641
 20
32.515425053243
 10
-7.53461727046893
 20
32.5152446909094
 10
-7.53483014026866
 20
32.5152471708215
 10
-7.53482428688716
 20
32.5156078955176
 10
-7.53493072222167
 20
32.5156091353558
 10
-7.53492340587881
 20
32.5160600412169
 10
-7.53502984175091
 20
32.5160612809865
 10
-7.53502398898384
 20
32.5164220056681
 10
-7.53523686159736
 20
32.5164244849715
 10
-7.53523539860169
 20
32.5165146661471
 10
-7.53544827145377
 20
32.516517145099
 10
-7.53544534586769
 20
32.5166975074632
 10
-7.53565821917077
 20
32.5166999860722
 10
-7.53565529398342
 20
32.5168803484482
 10
-7.5360810415177
 20
32.5168853046202
 10
-7.53608396585532
 20
32.5167049422101
 10
-7.5364032759373
 20
32.5167086583683
 10
-7.5364061996115
 20
32.5165282959271
 10
-7.53661907260726
 20
32.5165307728987
 10
-7.53662053422214
 20
32.5164405916675
 10
-7.53704627986714
 20
32.5164455445136
 10
-7.53705212456193
 20
32.5160848195068
 10
-7.53694568856574
 20
32.5160835814474
 10
-7.53695299481846
 20
32.5156326751799
 10
-7.53716586575522
 20
32.5156351511659
 10
-7.53716878778578
 20
32.5154547886324
 10
-7.53748809360261
 20
32.5154585019107
 10
-7.53749101496981
 20
32.5152781393461
 10
-7.53770388512214
 20
32.5152806143978
 10
-7.53770534558353
 20
32.5151904331049
 10
-7.53781178056327
 20
32.5151916704915
 10
-7.53781470125408
 20
32.5150113078931
 10
-7.53792113602793
 20
32.5150125451812
 10
-7.53792697690644
 20
32.5146518199511
 10
-7.53771410821493
 20
32.5146493453191
 10
-7.53771556863067
 20
32.5145591640168
 10
-7.5376091344009
 20
32.5145579265701
 10
-7.53761789739558
 20
32.5140168387531
 10
-7.53751146380956
 20
32.514015601242
 10
-7.53751292439204
 20
32.5139254199387
 10
-7.53644858995274
 20
32.5139130399208
 10
-7.5364544364655
 20
32.5135523148651
 10
-7.53666730245154
 20
32.5135547915545
 10
-7.53667022524395
 20
32.5133744290014
 10
-7.53677665803436
 20
32.5133756672025
 10
-7.53677811931458
 20
32.5132854859197
 10
-7.53688455200532
 20
32.5132867240265
 10
-7.53688747433378
 20
32.5131063614483
 10
-7.53699390681864
 20
32.5131075994566
 10
-7.5370041340193
 20
32.51247633036
 10
-7.53689770227781
 20
32.5124750923816
 10
-7.5369006244888
 20
32.512294729779
 10
-7.53615560396779
 20
32.5122860614702
 10
-7.53615852763938
 20
32.512105698922
 10
-7.5359456651169
 20
32.5121032214694
 10
-7.53594712715529
 20
32.5120130402019
 10
-7.53584069601004
 20
32.5120118013449
 10
-7.53584362027961
 20
32.5118314388143
 10
-7.53563075843346
 20
32.5118289608474
 10
-7.53563368310167
 20
32.5116485983285
 10
-7.53552725240077
 20
32.5116473592187
 10
-7.53553017725523
 20
32.5114669967029
 10
-7.53542374677325
 20
32.5114657575116
 10
-7.53542520929687
 20
32.5113755762559
 10
-7.53521234856487
 20
32.511373097612
 10
-7.53521527401727
 20
32.5111927351137
 10
-7.53478955348118
 20
32.5111877767801
 10
-7.53479247975695
 20
32.5110074143107
 10
-7.53457961995286
 20
32.511004934621
 10
-7.53458254662722
 20
32.5108245721634
 10
-7.53447611694735
 20
32.5108233321921
 10
-7.53447758038092
 20
32.5107331509655
 10
-7.53511615792105
 20
32.5107405894174
 10
-7.5351146951246
 20
32.5108307706697
 10
-7.53543398430143
 20
32.5108344886936
 10
-7.53543544677932
 20
32.5107443074285
 10
-7.53554187641181
 20
32.5107455465856
 10
-7.53554480113564
 20
32.5105651840427
 10
-7.53565123056229
 20
32.5105664231012
 10
-7.53565415504763
 20
32.5103860605444
 10
-7.53576058426844
 20
32.5103872995043
 10
-7.53575473569638
 20
32.5107480246297
 10
-7.53586116534846
 20
32.5107492635167
 10
-7.53585677916941
 20
32.5110198073594
 10
-7.53596320914658
 20
32.5110210461693
 10
-7.53596028520693
 20
32.5112014087329
 10
-7.53649243625258
 20
32.5112076014753
 10
-7.53649535913035
 20
32.511027238869
 10
-7.53681464919895
 20
32.5110309534089
 10
-7.5368175714135
 20
32.5108505907715
 10
-7.53703043106712
 20
32.5108530666643
 10
-7.53703189195223
 20
32.5107628853351
 10
-7.53724475141957
 20
32.5107653608594
 10
-7.53724767274549
 20
32.5105849981797
 10
-7.53735410227657
 20
32.5105862357983
 10
-7.53735702336402
 20
32.5104058731047
 10
-7.53746345268927
 20
32.5104071106248
 10
-7.53745615045264
 20
32.5108580173702
 10
-7.53756258031533
 20
32.5108592548217
 10
-7.5375596595874
 20
32.5110396175189
 10
-7.53777251975709
 20
32.511042092169
 10
-7.53777544006028
 20
32.5108617294546
 10
-7.53798829983131
 20
32.5108642037276
 10
-7.53798975976075
 20
32.5107740223599
 10
-7.53809618954986
 20
32.5107752593571
 10
-7.53809472972661
 20
32.5108654407292
 10
-7.53820115962842
 20
32.5108666776407
 10
-7.53819094142639
 20
32.5114979472368
 10
-7.53840380273622
 20
32.5115004208497
 10
-7.53840526228654
 20
32.5114102394743
 10
-7.53851169284505
 20
32.5114114761415
 10
-7.53851461171377
 20
32.5112311133782
 10
-7.53862104206641
 20
32.5112323499468
 10
-7.53862396069668
 20
32.5110519871695
 10
-7.53883682099677
 20
32.5110544600197
 10
-7.5388266071634
 20
32.5116857297763
 10
-7.53893303806654
 20
32.5116869660963
 10
-7.53892720187172
 20
32.5120476916588
 10
-7.53903363320615
 20
32.5120489279059
 10
-7.53903217424735
 20
32.5121391092974
 10
-7.53913860569448
 20
32.5121403454588
 10
-7.53913277021889
 20
32.5125010710283
 10
-7.53934563398225
 20
32.5125035431152
 10
-7.53934271663014
 20
32.512683905909
 10
-7.53976844508462
 20
32.5126888490369
 10
-7.53977136158716
 20
32.512508486209
 10
-7.5399842254287
 20
32.5125109572159
 10
-7.53999005750608
 20
32.5121502315098
 10
-7.54009648901184
 20
32.5121514668612
 10
-7.54009794690871
 20
32.512061285427
 10
-7.54020437831478
 20
32.5120625206841
 10
-7.54021312492213
 20
32.511521432025
 10
-7.54031955569757
 20
32.5115226671665
 10
-7.54033121662658
 20
32.5108012155111
 10
-7.54022478670065
 20
32.5107999804037
 10
-7.54022770208018
 20
32.5106196174849
 10
-7.54012127237313
 20
32.510618382296
 10
-7.54012418793898
 20
32.5104380193803
 10
-7.54001775845081
 20
32.51043678411
 10
-7.54002067420299
 20
32.5102564211974
 10
-7.5399142449337
 20
32.5102551858456
 10
-7.5399157029062
 20
32.5101650043915
 10
-7.54002213206931
 20
32.510166239739
 10
-7.54002504778242
 20
32.5099858768183
 10
-7.54013147673967
 20
32.5099871120673
 10
-7.54013439221437
 20
32.5098067491327
 10
-7.54024082096577
 20
32.5098079842831
 10
-7.54024373620207
 20
32.5096276213345
 10
-7.54035016474762
 20
32.5096288563865
 10
-7.54036036712634
 20
32.5089975859939
 10
-7.54025393932404
 20
32.5089963509718
 10
-7.54025539688685
 20
32.508906169486
 10
-7.53993611383755
 20
32.5089024638926
 10
-7.5399390295807
 20
32.5087221009425
 10
-7.53983260212297
 20
32.5087208655733
 10
-7.53983551805243
 20
32.5085405026264
 10
-7.53994194529781
 20
32.5085417379871
 10
-7.53995215010257
 20
32.5079104676003
 10
-7.5398457236004
 20
32.5079092322695
 10
-7.53984863941265
 20
32.5077288692982
 10
-7.53963578685253
 20
32.5077263983836
 10
-7.53963724496122
 20
32.5076362169045
 10
-7.5395308187971
 20
32.5076349813165
 10
-7.53953373520729
 20
32.5074546183627
 10
-7.53942730926202
 20
32.5074533826932
 10
-7.53943460070436
 20
32.5070024753064
 10
-7.53932817529644
 20
32.5070012395683
 10
-7.53932671691483
 20
32.5070914210441
 10
-7.53922029140726
 20
32.5070901852118
 10
-7.53921445739102
 20
32.5074509110844
 10
-7.53910803146529
 20
32.507449675145
 10
-7.53910511420575
 20
32.5076300380647
 10
-7.53889226194916
 20
32.5076275658989
 10
-7.53889517963337
 20
32.5074472029963
 10
-7.53878875372719
 20
32.507445966787
 10
-7.53879167159768
 20
32.5072656038876
 10
-7.53857882022954
 20
32.5072631312161
 10
-7.53857590193437
 20
32.5074434940984
 10
-7.53836305016762
 20
32.5074410210499
 10
-7.53836596888746
 20
32.5072606581847
 10
-7.5382595432262
 20
32.507259421534
 10
-7.53825662429402
 20
32.5074397843907
 10
-7.53783092086482
 20
32.507434836854
 10
-7.53782800105723
 20
32.5076151996712
 10
-7.53772157500389
 20
32.5076139625535
 10
-7.53772449502382
 20
32.5074335997449
 10
-7.53761806918934
 20
32.5074323625458
 10
-7.53762098939553
 20
32.5072519997403
 10
-7.53772741501767
 20
32.5072532369309
 10
-7.53773033498544
 20
32.5070728741114
 10
-7.53794318582462
 20
32.5070753482055
 10
-7.53794756509037
 20
32.5068048039406
 10
-7.53805399020125
 20
32.5068060408399
 10
-7.53806128831628
 20
32.5063551336832
 10
-7.53827413749595
 20
32.5063576071691
 10
-7.53827705627168
 20
32.5061772442799
 10
-7.53838348065897
 20
32.5061784808793
 10
-7.53838931770757
 20
32.5058177550675
 10
-7.53828289374492
 20
32.5058165184852
 10
-7.53828435309694
 20
32.5057263370332
 10
-7.53775223391229
 20
32.5057201527932
 10
-7.53775077402948
 20
32.5058103342239
 10
-7.53753792618894
 20
32.5058078598895
 10
-7.53754230645477
 20
32.505537315619
 10
-7.5376487300533
 20
32.5055385528184
 10
-7.53765456989182
 20
32.5051778270884
 10
-7.53776099307224
 20
32.5051790641807
 10
-7.53776537256419
 20
32.5049085198561
 10
-7.53787179543267
 20
32.5049097568456
 10
-7.53787471484906
 20
32.5047293939473
 10
-7.53776829219289
 20
32.5047281569663
 10
-7.53777121179551
 20
32.5045477940711
 10
-7.53766478935817
 20
32.5045465570088
 10
-7.53766186954325
 20
32.5047269198954
 10
-7.53744902426351
 20
32.5047244454837
 10
-7.53744610399789
 20
32.5049048083478
 10
-7.53723325831962
 20
32.5049023335591
 10
-7.53722887723534
 20
32.5051728778195
 10
-7.53701603094623
 20
32.5051704026453
 10
-7.53701310976613
 20
32.5053507654617
 10
-7.53690668641905
 20
32.505349527731
 10
-7.53690376500055
 20
32.5055298905335
 10
-7.53679734144767
 20
32.5055286527043
 10
-7.53679441979075
 20
32.5057090154928
 10
-7.53668799603209
 20
32.5057077775652
 10
-7.53668361317929
 20
32.5059783217249
 10
-7.53647076504458
 20
32.505975845574
 10
-7.53646784268545
 20
32.5061562083233
 10
-7.53636141841556
 20
32.5061549701043
 10
-7.53635703450943
 20
32.5064255142053
 10
-7.53614418535227
 20
32.5064230374717
 10
-7.53614126229089
 20
32.5066034001818
 10
-7.53582198796712
 20
32.506599684381
 10
-7.53581906424266
 20
32.50678004706
 10
-7.53549978934067
 20
32.5067763304237
 10
-7.53549686495309
 20
32.5069566930717
 10
-7.53507116432589
 20
32.5069517362627
 10
-7.53506970169764
 20
32.5070419175675
 10
-7.5337925991693
 20
32.5070270384511
 10
-7.53378967134523
 20
32.5072074009539
 10
-7.53347039522323
 20
32.5072036791246
 10
-7.53346746673601
 20
32.5073840415963
 10
-7.53176465834905
 20
32.507364178026
 10
-7.53176172643831
 20
32.5075445403551
 10
-7.53048461869995
 20
32.5075296274578
 10
-7.53048315146074
 20
32.5076198085689
 10
-7.5302703000504
 20
32.5076173218177
 10
-7.53026736512767
 20
32.5077976840184
 10
-7.53016093921999
 20
32.5077964404993
 10
-7.5301580040587
 20
32.5079768026861
 10
-7.52994515183834
 20
32.5079743153606
 10
-7.52994221622614
 20
32.5081546775248
 10
-7.52983578991345
 20
32.5081534337185
 10
-7.52983432199135
 20
32.5082436147943
 10
-7.52972789557905
 20
32.5082423708937
 10
-7.5297220234004
 20
32.508603095166
 10
-7.52961559656997
 20
32.5086018511583
 10
-7.52961266022895
 20
32.5087822132778
 10
-7.52918695212342
 20
32.5087772363127
 10
-7.52918988931382
 20
32.5085968742276
 10
-7.52929631611802
 20
32.5085981185953
 10
-7.52929925306983
 20
32.5084177564962
 10
-7.52940567966825
 20
32.5084190007653
 10
-7.52942623611006
 20
32.50715646586
 10
-7.5292133858925
 20
32.5071539773522
 10
-7.52921632284678
 20
32.5069736152184
 10
-7.52910989796017
 20
32.5069723708381
 10
-7.52911136653363
 20
32.5068821897735
 10
-7.52889851699242
 20
32.5068797007516
 10
-7.52890145454432
 20
32.5066993386355
 10
-7.52645369159083
 20
32.5066706892134
 10
-7.52645074915544
 20
32.5068510511316
 10
-7.5262378999425
 20
32.5068485576109
 10
-7.52623642850262
 20
32.5069387385594
 10
-7.52591715441402
 20
32.5069349975905
 10
-7.52591421087756
 20
32.5071153594576
 10
-7.52570136109337
 20
32.5071128650112
 10
-7.52569841710596
 20
32.5072932268556
 10
-7.5255919920114
 20
32.5072919794889
 10
-7.52558904778536
 20
32.5074723413192
 10
-7.52548262248504
 20
32.5074710938539
 10
-7.52548115025599
 20
32.5075612747627
 10
-7.52537472485608
 20
32.5075600272031
 10
-7.52537178016593
 20
32.5077403890081
 10
-7.52526535456026
 20
32.5077391413498
 10
-7.52526829946275
 20
32.5075587795535
 10
-7.52505544869581
 20
32.5075562839843
 10
-7.52505692134952
 20
32.5074661030927
 10
-7.52495049608209
 20
32.5074648551775
 10
-7.52495344158211
 20
32.5072844933988
 10
-7.52474059149163
 20
32.5072819973156
 10
-7.52474353739
 20
32.5071016355488
 10
-7.5245306877505
 20
32.507099139123
 10
-7.52453363404721
 20
32.506918777368
 10
-7.52400151112523
 20
32.5069125347719
 10
-7.52399856376688
 20
32.5070928964838
 10
-7.5238921389899
 20
32.507091647686
 10
-7.5238891913929
 20
32.5072720093838
 10
-7.52378276641018
 20
32.5072707604875
 10
-7.52377981857452
 20
32.5074511221712
 10
-7.52367339338604
 20
32.5074498731762
 10
-7.52367191935217
 20
32.5075400540118
 10
-7.52356549406412
 20
32.5075388049225
 10
-7.52356254576429
 20
32.5077191665809
 10
-7.52345612027049
 20
32.507717917393
 10
-7.52344580027052
 20
32.5083491831246
 10
-7.52333937404012
 20
32.5083479338166
 10
-7.52334232285681
 20
32.5081675721944
 10
-7.52323589684533
 20
32.5081663228049
 10
-7.52323737134997
 20
32.5080761419961
 10
-7.52313094545125
 20
32.5080748925211
 10
-7.52313684382859
 20
32.5077141692895
 10
-7.52303041836113
 20
32.5077129197417
 10
-7.52305106333831
 20
32.5064503883212
 10
-7.52294463936372
 20
32.5064491387438
 10
-7.52295496211134
 20
32.5058178729643
 10
-7.52284853888645
 20
32.5058166233271
 10
-7.52285148839594
 20
32.5056362616723
 10
-7.52274506538995
 20
32.5056350119538
 10
-7.52274654024098
 20
32.5055448311287
 10
-7.52264011734773
 20
32.5055435813246
 10
-7.52264306724233
 20
32.5053632196788
 10
-7.52253664456798
 20
32.5053619697934
 10
-7.52253959464853
 20
32.5051816081509
 10
-7.52243317219307
 20
32.5051803581841
 10
-7.52243612245958
 20
32.5049999965448
 10
-7.52232970022302
 20
32.5049987464967
 10
-7.52233117545255
 20
32.5049085656793
 10
-7.52222475332873
 20
32.5049073155456
 10
-7.52222770398031
 20
32.5047269539154
 10
-7.52169559452158
 20
32.5047207019402
 10
-7.52169264280848
 20
32.5049010635272
 10
-7.52158622072421
 20
32.5048998128536
 10
-7.52158179278667
 20
32.5051703552109
 10
-7.52147537039053
 20
32.5051691044343
 10
-7.5214694659569
 20
32.5055298275412
 10
-7.52136304314273
 20
32.5055285766574
 10
-7.52135123310975
 20
32.5062500227715
 10
-7.52145765677318
 20
32.5062512736899
 10
-7.52145175202308
 20
32.5066119967317
 10
-7.52113247977868
 20
32.5066082436549
 10
-7.52112952672711
 20
32.5067886051418
 10
-7.52102310244651
 20
32.5067873539276
 10
-7.5210186725012
 20
32.5070578961348
 10
-7.52091224790871
 20
32.5070566448177
 10
-7.52089452625991
 20
32.5081388134727
 10
-7.52078810040002
 20
32.5081375620137
 10
-7.52077923858242
 20
32.5086786462422
 10
-7.52088566507932
 20
32.5086798977271
 10
-7.52087828058077
 20
32.5091308012351
 10
-7.520771853553
 20
32.5091295497286
 10
-7.52077480758456
 20
32.5089491883381
 10
-7.52066838077573
 20
32.5089479367503
 10
-7.52067133499325
 20
32.508767575363
 10
-7.52056490840336
 20
32.5087663236938
 10
-7.5205663856084
 20
32.5086761430024
 10
-7.52045995913128
 20
32.5086748912476
 10
-7.5204629137339
 20
32.5084945298694
 10
-7.52035648747572
 20
32.5084932780333
 10
-7.52036239702645
 20
32.508132555278
 10
-7.52025597119956
 20
32.5081313033692
 10
-7.52026779083363
 20
32.5074098578283
 10
-7.52016136586266
 20
32.5074086058641
 10
-7.52017466340166
 20
32.506596979566
 10
-7.52028108741716
 20
32.5065982314913
 10
-7.52029438346622
 20
32.5057866050446
 10
-7.5204008065329
 20
32.505787856841
 10
-7.52041410109211
 20
32.5049762302457
 10
-7.52030767898082
 20
32.5049749784881
 10
-7.52031211070026
 20
32.5047044362783
 10
-7.52020568891402
 20
32.5047031844437
 10
-7.5202115982055
 20
32.5043424614956
 10
-7.52063728369164
 20
32.5043474682248
 10
-7.52063876057342
 20
32.5042572874671
 10
-7.5207451818553
 20
32.5042585389201
 10
-7.52075108889187
 20
32.5038978158585
 10
-7.52085750975575
 20
32.5038990672042
 10
-7.52087227582403
 20
32.502997259412
 10
-7.52076585602159
 20
32.5029960081094
 10
-7.52076880936839
 20
32.5028156465434
 10
-7.52055597020785
 20
32.5028131436856
 10
-7.52055892395282
 20
32.5026327821315
 10
-7.52023966589833
 20
32.5026290271961
 10
-7.52023671151651
 20
32.5028093887243
 10
-7.52013029196593
 20
32.5028081368906
 10
-7.52012586002529
 20
32.5030786791598
 10
-7.52001944016289
 20
32.5030774272232
 10
-7.52001648529052
 20
32.5032577887206
 10
-7.51991006522243
 20
32.5032565366853
 10
-7.51990711011138
 20
32.5034368981686
 10
-7.5198006898376
 20
32.5034356460348
 10
-7.51979330141377
 20
32.5038865496978
 10
-7.51968688061586
 20
32.5038852974523
 10
-7.5196809693334
 20
32.5042460203411
 10
-7.51957454811751
 20
32.5042447679883
 10
-7.51955385631112
 20
32.5055072978677
 10
-7.51944743361571
 20
32.5055060453644
 10
-7.51943560829616
 20
32.506227490856
 10
-7.5193291847581
 20
32.5062262382281
 10
-7.51931292308604
 20
32.5072182255899
 10
-7.51920649838681
 20
32.5072169728245
 10
-7.51920206292819
 20
32.5074875147909
 10
-7.51909563791707
 20
32.5074862619225
 10
-7.51908676618453
 20
32.5080273457926
 10
-7.51898034054302
 20
32.5080260928083
 10
-7.51897590426908
 20
32.5082966347121
 10
-7.51886947831567
 20
32.5082953816249
 10
-7.51886652055436
 20
32.5084757428786
 10
-7.51876009439521
 20
32.5084744896927
 10
-7.51875565738518
 20
32.5087450315502
 10
-7.51864923091413
 20
32.5087437782614
 10
-7.51864627266208
 20
32.5089241394843
 10
-7.51853984598529
 20
32.5089228860968
 10
-7.5185339289772
 20
32.509283608509
 10
-7.51842750188233
 20
32.5092823550142
 10
-7.51842602250762
 20
32.5093725356096
 10
-7.51831959531317
 20
32.5093712820205
 10
-7.51831367732355
 20
32.509732004371
 10
-7.51820724971101
 20
32.5097307506746
 10
-7.51820281083088
 20
32.5100012924103
 10
-7.51809638290642
 20
32.5100000386109
 10
-7.5180934234076
 20
32.5101803997526
 10
-7.51798699527739
 20
32.5101791458545
 10
-7.51798403553977
 20
32.5103595069821
 10
-7.51787760720381
 20
32.5103582529854
 10
-7.5178746472274
 20
32.510538614099
 10
-7.51776821868569
 20
32.5105373600036
 10
-7.51776673858139
 20
32.510627540554
 10
-7.51766030994011
 20
32.5106262863644
 10
-7.51764698774825
 20
32.5114379112181
 10
-7.51775341734518
 20
32.5114391654467
 10
-7.51774749662388
 20
32.511799887586
 10
-7.51785392665216
 20
32.511801141742
 10
-7.51784948636033
 20
32.5120716833453
 10
-7.51753019533962
 20
32.5120679205684
 10
-7.51752723447488
 20
32.5122482816044
 10
-7.5173143734027
 20
32.5122457726192
 10
-7.51731141208675
 20
32.5124261336325
 10
-7.51699211989095
 20
32.5124223694537
 10
-7.51699508184404
 20
32.5122420084664
 10
-7.51635649890532
 20
32.5122344777309
 10
-7.51635353567795
 20
32.5124148386662
 10
-7.51571495170317
 20
32.5124073046389
 10
-7.51571346944241
 20
32.5124974850785
 10
-7.51464916228554
 20
32.5124849211234
 10
-7.51464619562035
 20
32.5126652819118
 10
-7.51422047209355
 20
32.5126602537752
 10
-7.51421750455233
 20
32.5128406145234
 10
-7.51389821133965
 20
32.51283684245
 10
-7.51389524313477
 20
32.5130172031667
 10
-7.51368238060136
 20
32.5130146879837
 10
-7.51368089627659
 20
32.5131048683314
 10
-7.51346803355731
 20
32.5131023527797
 10
-7.51346506446311
 20
32.5132827134536
 10
-7.51335863290102
 20
32.5132814555341
 10
-7.51335566356791
 20
32.5134618161938
 10
-7.51314280003886
 20
32.5134593000674
 10
-7.51313240567733
 20
32.5140905622731
 10
-7.51291954068805
 20
32.5140880457259
 10
-7.51291657038599
 20
32.5142684063265
 10
-7.5128101376889
 20
32.5142671479092
 10
-7.51279974067933
 20
32.5148984099383
 10
-7.51269330724547
 20
32.5148971514005
 10
-7.51269627806521
 20
32.5147167908363
 10
-7.51227054524572
 20
32.5147117558201
 10
-7.51228094587942
 20
32.5140804939242
 10
-7.51217451343453
 20
32.5140792349756
 10
-7.51217748519683
 20
32.5138988744304
 10
-7.51175175633325
 20
32.5138938377708
 10
-7.51174878372137
 20
32.5140741982812
 10
-7.51121662172927
 20
32.5140679003882
 10
-7.51120918742842
 20
32.5145188015317
 10
-7.51142205326733
 20
32.5145213210024
 10
-7.5114190799253
 20
32.5147016814677
 10
-7.51163194621558
 20
32.5147042005959
 10
-7.5116349191328
 20
32.5145238401131
 10
-7.51184778502483
 20
32.5145263588638
 10
-7.51184481253241
 20
32.5147067193639
 10
-7.51195124570078
 20
32.514707978613
 10
-7.51194827339422
 20
32.5148883391164
 10
-7.51184184001344
 20
32.5148870798586
 10
-7.511840353744
 20
32.514977260104
 10
-7.51173392026366
 20
32.5149760007519
 10
-7.5117279746947
 20
32.5153367217022
 10
-7.51194084251166
 20
32.5153392403512
 10
-7.51193787011217
 20
32.5155196008356
 10
-7.51204430424301
 20
32.5155208600338
 10
-7.51204281813951
 20
32.5156110402783
 10
-7.5121492523832
 20
32.5156122993908
 10
-7.51214628036871
 20
32.5157926598845
 10
-7.51246558377683
 20
32.5157964367081
 10
-7.51246855515407
 20
32.5156160761884
 10
-7.51268142370117
 20
32.5156185936034
 10
-7.51267845274875
 20
32.5157989541405
 10
-7.5131041907722
 20
32.5158039879252
 10
-7.51310716087497
 20
32.5156236273533
 10
-7.51363933249144
 20
32.5156299175156
 10
-7.51363339438353
 20
32.5159906387409
 10
-7.51352695962215
 20
32.5159893808711
 10
-7.51352250565297
 20
32.5162599217628
 10
-7.51362894073299
 20
32.5162611796457
 10
-7.51362597159947
 20
32.5164415402421
 10
-7.51351953630703
 20
32.5164402823506
 10
-7.51351359753559
 20
32.5168010035097
 10
-7.51319429042353
 20
32.5167972292429
 10
-7.5131898353194
 20
32.5170677700589
 10
-7.51340270735809
 20
32.5170702863529
 10
-7.51339973768037
 20
32.5172506469075
 10
-7.51361261017045
 20
32.5172531628588
 10
-7.51360964089106
 20
32.5174335234254
 10
-7.51382251383252
 20
32.517436039034
 10
-7.51382102939532
 20
32.517526219324
 10
-7.51392746598221
 20
32.5175274769976
 10
-7.51392449730034
 20
32.5177078375821
 10
-7.5140309341063
 20
32.5177090951744
 10
-7.51402499708789
 20
32.5180698163446
 10
-7.51413143432535
 20
32.5180710738642
 10
-7.5141269818106
 20
32.5183416147407
 10
-7.51423341937335
 20
32.5183428721833
 10
-7.5142274830191
 20
32.5187035933503
 10
-7.51433392101337
 20
32.5187048507203
 10
-7.51432946899676
 20
32.5189753915943
 10
-7.51443590731632
 20
32.5189766488874
 10
-7.51443293948456
 20
32.5191570094719
 10
-7.51422006242716
 20
32.5191544947785
 10
-7.51422303068382
 20
32.5189741342113
 10
-7.51401015407783
 20
32.5189716191751
 10
-7.51401312273288
 20
32.5187912586198
 10
-7.51380024657831
 20
32.518788743241
 10
-7.51380173110833
 20
32.51869856297
 10
-7.51348241724487
 20
32.5186947892396
 10
-7.51348093239617
 20
32.5187849694976
 10
-7.51337449434872
 20
32.518783711403
 10
-7.51336558447995
 20
32.5193247928962
 10
-7.51347202316475
 20
32.5193260510168
 10
-7.51346756845951
 20
32.5195965917581
 10
-7.51314825146897
 20
32.5195928170872
 10
-7.51315122191646
 20
32.5194124566204
 10
-7.51304478314534
 20
32.5194111982255
 10
-7.51304626846535
 20
32.5193210179944
 10
-7.51293982980709
 20
32.5193197595137
 10
-7.51294280063968
 20
32.5191393990562
 10
-7.51262348534204
 20
32.5191356231002
 10
-7.5126205138721
 20
32.5193159835317
 10
-7.51208832077983
 20
32.519309688428
 10
-7.51209129331203
 20
32.51912932804
 10
-7.5116655398075
 20
32.5191242903714
 10
-7.51166851316293
 20
32.5189439300128
 10
-7.51124276061443
 20
32.5189388909388
 10
-7.51124573479309
 20
32.5187585306096
 10
-7.51071354531913
 20
32.5187522297853
 10
-7.51071800813065
 20
32.5184816893465
 10
-7.51061157057445
 20
32.5184804289247
 10
-7.51061454596135
 20
32.5183000686341
 10
-7.51029523396995
 20
32.5182962868546
 10
-7.51030862575
 20
32.5174846655974
 10
-7.51041506211786
 20
32.5174859262415
 10
-7.51042696462075
 20
32.516764484997
 10
-7.5103205291026
 20
32.5167632243879
 10
-7.51033094418726
 20
32.5161319632583
 10
-7.51022450941923
 20
32.5161307025896
 10
-7.51023343701274
 20
32.5155896215947
 10
-7.51033987114353
 20
32.5155908822373
 10
-7.51034433453196
 20
32.5153203417085
 10
-7.51023790071978
 20
32.5153190810789
 10
-7.51024087649125
 20
32.5151387207283
 10
-7.51013444289813
 20
32.5151374600175
 10
-7.51014485863237
 20
32.5145061987781
 10
-7.50993199295289
 20
32.5145036771473
 10
-7.50993645737651
 20
32.514233136622
 10
-7.51004288989433
 20
32.5142343974693
 10
-7.51004586593111
 20
32.5140540371036
 10
-7.51015229824318
 20
32.5140552978522
 10
-7.51015527404099
 20
32.5138749374723
 10
-7.51004884194131
 20
32.5138736767324
 10
-7.51005181792493
 20
32.5136933163559
 10
-7.5099453860443
 20
32.5136920555347
 10
-7.50995580252098
 20
32.5130607942045
 10
-7.50963650914903
 20
32.5130570112924
 10
-7.50963353240891
 20
32.5132373716531
 10
-7.5094206697694
 20
32.5132348492443
 10
-7.50941769257791
 20
32.5134152095822
 10
-7.50931126105575
 20
32.5134139482341
 10
-7.50931423845962
 20
32.5132335879049
 10
-7.50846278822079
 20
32.51322349395
 10
-7.50845980911781
 20
32.5134038542094
 10
-7.5080340833085
 20
32.5133988050371
 10
-7.50803110332936
 20
32.5135791652563
 10
-7.50792467168128
 20
32.5135779027295
 10
-7.50791275064896
 20
32.5142993435169
 10
-7.50801918314662
 20
32.5143006060786
 10
-7.50801620303438
 20
32.5144809662706
 10
-7.50812263575109
 20
32.514482228751
 10
-7.50811965582464
 20
32.5146625889463
 10
-7.5082260887604
 20
32.5146638513454
 10
-7.50822310901973
 20
32.5148442115441
 10
-7.50832954217456
 20
32.5148454738619
 10
-7.50832805240044
 20
32.5149356539635
 10
-7.50854091894245
 20
32.5149381783378
 10
-7.50853793979907
 20
32.5151185385545
 10
-7.50875080679249
 20
32.5151210625863
 10
-7.50874335987967
 20
32.5155719631477
 10
-7.50884979391738
 20
32.5155732250504
 10
-7.50884383669221
 20
32.5159339454926
 10
-7.50905670563724
 20
32.5159364690628
 10
-7.50905372740958
 20
32.5161168292932
 10
-7.50926659680604
 20
32.5161193525208
 10
-7.50926510789465
 20
32.5162095326426
 10
-7.50937154270907
 20
32.5162107941258
 10
-7.50935516541322
 20
32.517202775425
 10
-7.50924872943048
 20
32.5172015138939
 10
-7.50924575144145
 20
32.5173818741038
 10
-7.50913931525293
 20
32.517380612474
 10
-7.50913484790087
 20
32.5176511527656
 10
-7.50902841140035
 20
32.5176498910327
 10
-7.50902245441295
 20
32.5180106113851
 10
-7.50891601749422
 20
32.5180093495448
 10
-7.50891452812452
 20
32.5180995296251
 10
-7.50880809110622
 20
32.5180982676904
 10
-7.50879915411104
 20
32.5186393481179
 10
-7.50869271646207
 20
32.5186380860671
 10
-7.50868079924618
 20
32.5193595265263
 10
-7.50878723774494
 20
32.519360788612
 10
-7.50877830019095
 20
32.5199018689256
 10
-7.50888473933372
 20
32.5199031309474
 10
-7.50888324982434
 20
32.5199933109993
 10
-7.50867037133299
 20
32.5199907868569
 10
-7.50867186105483
 20
32.5199006068138
 10
-7.50845898280255
 20
32.51989808232
 10
-7.50846196265119
 20
32.5197177222471
 10
-7.50835552374749
 20
32.5197164598739
 10
-7.50836297378377
 20
32.5192655596895
 10
-7.50825653541785
 20
32.5192642972481
 10
-7.50828037611555
 20
32.5178214165002
 10
-7.50838681278194
 20
32.5178226788719
 10
-7.50839277226532
 20
32.5174619586133
 10
-7.50849920851349
 20
32.5174632208775
 10
-7.50850069826148
 20
32.5173730408051
 10
-7.50860713441009
 20
32.5173743029749
 10
-7.50861607212106
 20
32.5168332224859
 10
-7.50850963660973
 20
32.5168319603422
 10
-7.50851112631115
 20
32.5167417802603
 10
-7.50840469091269
 20
32.516740518031
 10
-7.50840767050799
 20
32.5165601578718
 10
-7.5083012353286
 20
32.5165588955612
 10
-7.50831166444605
 20
32.5159276349921
 10
-7.50799236117819
 20
32.5159238476117
 10
-7.50798789064048
 20
32.5161943878245
 10
-7.50788145591256
 20
32.5161931251713
 10
-7.50787847530839
 20
32.5163734852976
 10
-7.50777204037469
 20
32.5163722225457
 10
-7.50776905953148
 20
32.5165525826579
 10
-7.50755618925922
 20
32.5165500568666
 10
-7.50755917052728
 20
32.5163696967718
 10
-7.50766560544765
 20
32.5163709597037
 10
-7.50768349122227
 20
32.5152887989688
 10
-7.50778992487483
 20
32.5152900617584
 10
-7.50779588616188
 20
32.5149293414526
 10
-7.50768945293413
 20
32.5149280786804
 10
-7.50769094334545
 20
32.514837898605
 10
-7.50758451023056
 20
32.5148366357471
 10
-7.5075904722341
 20
32.5144759154491
 10
-7.50748403955067
 20
32.5144746525187
 10
-7.50748851130202
 20
32.5142041122941
 10
-7.50738207894384
 20
32.5142028492868
 10
-7.50738506029052
 20
32.5140224891389
 10
-7.50695933177397
 20
32.5140174362447
 10
-7.50696231394358
 20
32.5138370761263
 10
-7.50685588204349
 20
32.5138358126865
 10
-7.50685886439886
 20
32.5136554525714
 10
-7.50675243271781
 20
32.5136541890503
 10
-7.5067539239917
 20
32.5135640089951
 10
-7.50643462930711
 20
32.5135602179049
 10
-7.50643313771464
 20
32.513650397947
 10
-7.50632670606024
 20
32.5136491340659
 10
-7.50632372264291
 20
32.5138294941373
 10
-7.50621729078278
 20
32.5138282301575
 10
-7.5062113234434
 20
32.5141889502666
 10
-7.50557272987384
 20
32.5141813643928
 10
-7.50557571483122
 20
32.5140010043934
 10
-7.50536285078614
 20
32.5139984750663
 10
-7.50536583614165
 20
32.5138181150789
 10
-7.5050465407612
 20
32.5138143204395
 10
-7.50504952672721
 20
32.5136339604729
 10
-7.50483666359837
 20
32.5136314302808
 10
-7.50483815678376
 20
32.5135412503042
 10
-7.50462529389398
 20
32.5135387197608
 10
-7.50463574749168
 20
32.5129074599478
 10
-7.50431645543707
 20
32.5129036635495
 10
-7.50431496176741
 20
32.5129938435138
 10
-7.50420853098969
 20
32.5129925778633
 10
-7.50420554341797
 20
32.513172937779
 10
-7.50399268145778
 20
32.5131704061906
 10
-7.5039896934346
 20
32.5133507660834
 10
-7.50388326225213
 20
32.5133495001455
 10
-7.50388027398988
 20
32.5135298600241
 10
-7.50366741122019
 20
32.5135273278607
 10
-7.50366591686666
 20
32.5136175077893
 10
-7.50355948538563
 20
32.5136162415683
 10
-7.50355649644617
 20
32.5137966014125
 10
-7.50345006475942
 20
32.5137953350927
 10
-7.50344707558087
 20
32.5139756949228
 10
-7.50334064368841
 20
32.5139744285042
 10
-7.50333615955193
 20
32.514244968226
 10
-7.50322972734755
 20
32.5142437017044
 10
-7.50322075825715
 20
32.5147847810852
 10
-7.50311432542226
 20
32.5147835144473
 10
-7.50310685046566
 20
32.5152344138721
 10
-7.50300041710644
 20
32.5152331471223
 10
-7.50297649442425
 20
32.5166760249839
 10
-7.50308292948277
 20
32.5166772918037
 10
-7.50307844410818
 20
32.5169478313772
 10
-7.50318487949201
 20
32.5169490981201
 10
-7.50318188942132
 20
32.5171294578377
 10
-7.50350119625015
 20
32.5171332575525
 10
-7.50349820679003
 20
32.517313617291
 10
-7.50371107846748
 20
32.5173161500016
 10
-7.50370958393983
 20
32.5174063298775
 10
-7.50381601989479
 20
32.5174075961022
 10
-7.5038130310319
 20
32.5175879558588
 10
-7.50391946720595
 20
32.5175892220022
 10
-7.5039164785288
 20
32.5177695817621
 10
-7.5042357877283
 20
32.5177733796784
 10
-7.50423279966175
 20
32.5179537394592
 10
-7.50455210955861
 20
32.5179575365916
 10
-7.50455061583397
 20
32.5180477164931
 10
-7.50486992610952
 20
32.5180515128286
 10
-7.50486693927755
 20
32.5182318726536
 10
-7.50497337626184
 20
32.5182331379275
 10
-7.50497038961564
 20
32.5184134977558
 10
-7.5051832640291
 20
32.518416028051
 10
-7.5051802777811
 20
32.5185963878914
 10
-7.50528671521028
 20
32.5185976529127
 10
-7.50528522218249
 20
32.5186878328352
 10
-7.50549809727329
 20
32.5186903626165
 10
-7.5054951116226
 20
32.518870722475
 10
-7.50560154939045
 20
32.5188719872393
 10
-7.50559856392554
 20
32.5190523471011
 10
-7.50570500191249
 20
32.5190536117842
 10
-7.50570201663337
 20
32.5192339716493
 10
-7.50580845483944
 20
32.5192352362511
 10
-7.5058069622961
 20
32.519325416186
 10
-7.50591340061505
 20
32.5193266807021
 10
-7.50591041572083
 20
32.5195070405765
 10
-7.5060168542589
 20
32.5195083050114
 10
-7.50601386955047
 20
32.5196886648891
 10
-7.50612030830766
 20
32.5196899292427
 10
-7.50611732378502
 20
32.5198702891237
 10
-7.50622376276133
 20
32.519871553396
 10
-7.50622227059624
 20
32.5199617333389
 10
-7.50632870968544
 20
32.5199629975255
 10
-7.50632572554773
 20
32.5201433574159
 10
-7.50643216485605
 20
32.5201446215212
 10
-7.50642619692557
 20
32.5205053413031
 10
-7.50653263666548
 20
32.5205066053359
 10
-7.50653114477243
 20
32.5205967852824
 10
-7.50663758462523
 20
32.5205980492295
 10
-7.50663161741135
 20
32.5209587690192
 10
-7.50673805769574
 20
32.5209600328938
 10
-7.50673507426129
 20
32.5211403927892
 10
-7.506947955275
 20
32.5211429202858
 10
-7.50694646376025
 20
32.5212331002402
 10
-7.50705290438333
 20
32.5212343638578
 10
-7.50704992154632
 20
32.5214147237713
 10
-7.50715636238853
 20
32.5214159873076
 10
-7.50715337973735
 20
32.5215963472244
 10
-7.5072598207987
 20
32.5215976106794
 10
-7.50725683833335
 20
32.5217779705995
 10
-7.50736327961383
 20
32.5217792339732
 10
-7.5073617884774
 20
32.5218694139356
 10
-7.50746822987078
 20
32.5218706772236
 10
-7.50746524779043
 20
32.522051037153
 10
-7.50757168940294
 20
32.5220523003597
 10
-7.50756870750843
 20
32.5222326602925
 10
-7.50767514934009
 20
32.5222339234179
 10
-7.50767216763142
 20
32.5224142833539
 10
-7.50777860968221
 20
32.522415546398
 10
-7.50777413738801
 20
32.522686086305
 10
-7.50788057976419
 20
32.5226873492721
 10
-7.50787461703701
 20
32.5230480691465
 10
-7.50798105984482
 20
32.5230493320411
 10
-7.50797956925262
 20
32.5231395120107
 10
-7.50808601217333
 20
32.5231407748196
 10
-7.50808005016298
 20
32.5235014947018
 10
-7.50818649351533
 20
32.5235027574381
 10
-7.50818202225641
 20
32.5237732973486
 10
-7.50828846593416
 20
32.5237745600079
 10
-7.50828250458741
 20
32.524135279887
 10
-7.50838894869681
 20
32.5241365424738
 10
-7.50838447793562
 20
32.5244070823819
 10
-7.50849092237043
 20
32.5244083448918
 10
-7.50848198130586
 20
32.5249494246976
 10
-7.50858842638485
 20
32.5249506871436
 10
-7.50857799558383
 20
32.5255819468859
 10
-7.50868444141326
 20
32.5255832092723
 10
-7.50867997128892
 20
32.5258537491546
 10
-7.50878641744379
 20
32.5258550114641
 10
-7.50878045760988
 20
32.5262157313056
 10
-7.50888690419645
 20
32.5262169935425
 10
-7.5088854143276
 20
32.5263071735038
 10
-7.50899186102708
 20
32.526308435655
 10
-7.50898888148194
 20
32.5264887955823
 10
-7.5090953284006
 20
32.5264900576522
 10
-7.50909234904137
 20
32.5266704175828
 10
-7.50919879617921
 20
32.5266716795714
 10
-7.50919432740927
 20
32.5269422194702
 10
-7.50930077487255
 20
32.5269434813818
 10
-7.50929779587186
 20
32.5271238413163
 10
-7.50940424355433
 20
32.5271251031465
 10
-7.50938339129223
 20
32.5283876225973
 10
-7.50927694212199
 20
32.5283863607061
 10
-7.50927247329167
 20
32.5286569005407
 10
-7.50916602380926
 20
32.5286556385464
 10
-7.50916006485059
 20
32.5290163582896
 10
-7.50905361494973
 20
32.5290150961878
 10
-7.50904914534204
 20
32.5292856359678
 10
-7.50894269512901
 20
32.5292843737629
 10
-7.50893673513382
 20
32.5296450934332
 10
-7.50883028450233
 20
32.5296438311208
 10
-7.50882283382722
 20
32.5300947306564
 10
-7.50871638267098
 20
32.5300934682322
 10
-7.50871042158598
 20
32.5304541878189
 10
-7.50860397001126
 20
32.5304529252871
 10
-7.50859651797383
 20
32.5309038247181
 10
-7.50849006587434
 20
32.5309025620745
 10
-7.50848559425316
 20
32.5311731017038
 10
-7.50837914184147
 20
32.5311718389571
 10
-7.50837317916154
 20
32.5315325584263
 10
-7.50826672633135
 20
32.5315312955721
 10
-7.50826225393263
 20
32.5318018351468
 10
-7.50815580079023
 20
32.5318005721894
 10
-7.50815281894521
 20
32.5319809318903
 10
-7.50804636559689
 20
32.5319796688342
 10
-7.50803891033636
 20
32.532430568041
 10
-7.50793245646323
 20
32.5324293048729
 10
-7.50792947409982
 20
32.5326096645374
 10
-7.50782302002076
 20
32.5326084012706
 10
-7.50781705478884
 20
32.5329691205659
 10
-7.50771060029126
 20
32.5329678571916
 10
-7.50770910886033
 20
32.5330580370077
 10
-7.50760265426311
 20
32.533056773539
 10
-7.50759967116868
 20
32.5332371331583
 10
-7.50749321636553
 20
32.5332358695908
 10
-7.50749023303186
 20
32.533416229196
 10
-7.50738377802277
 20
32.5334149655297
 10
-7.50738079444985
 20
32.5335953251207
 10
-7.50727433923482
 20
32.5335940613556
 10
-7.50727284733207
 20
32.5336842411447
 10
-7.5071663920174
 20
32.5336829772852
 10
-7.50716340797931
 20
32.5338633368507
 10
-7.50705695245871
 20
32.5338620728923
 10
-7.50705396818136
 20
32.5340424324437
 10
-7.50694751245481
 20
32.5340411683865
 10
-7.5069445279382
 20
32.5342215279237
 10
-7.50683807200572
 20
32.5342202637678
 10
-7.50683657963112
 20
32.53431044353
 10
-7.50673012359899
 20
32.5343091792796
 10
-7.50672713861718
 20
32.5344895387912
 10
-7.50662068237911
 20
32.534488274442
 10
-7.50661769715803
 20
32.5346686339395
 10
-7.50651124071402
 20
32.5346673694915
 10
-7.50650825525366
 20
32.5348477289748
 10
-7.50640179860371
 20
32.534846464428
 10
-7.50639732004425
 20
32.5351170036297
 10
-7.5061844061265
 20
32.5351144742397
 10
-7.50618141996163
 20
32.5352948336833
 10
-7.50586204849715
 20
32.5352910388967
 10
-7.50585906166776
 20
32.5354713983085
 10
-7.50500740302169
 20
32.5354612748445
 10
-7.50500590874651
 20
32.5355514545135
 10
-7.5047929939391
 20
32.535548922738
 10
-7.50479000494348
 20
32.5357292820544
 10
-7.50447063214456
 20
32.5357254836894
 10
-7.50446764248437
 20
32.5359058429742
 10
-7.50414826910766
 20
32.5359020437723
 10
-7.50414527878291
 20
32.5360824030254
 10
-7.5040388207914
 20
32.5360811364359
 10
-7.50403732551269
 20
32.536171316056
 10
-7.50382440933708
 20
32.536168782598
 10
-7.50382141833438
 20
32.5363491418167
 10
-7.50371496004397
 20
32.5363478749438
 10
-7.50371196880193
 20
32.5365282341484
 10
-7.50360551030556
 20
32.5365269671767
 10
-7.50360251882417
 20
32.536707326367
 10
-7.50349606012186
 20
32.5367060592965
 10
-7.50349456426483
 20
32.5367962388853
 10
-7.50338810546288
 20
32.5367949717204
 10
-7.50338511351615
 20
32.5369753308851
 10
-7.50317219550703
 20
32.5369727962674
 10
-7.5031692031083
 20
32.5371531554092
 10
-7.50306274390113
 20
32.5371518879566
 10
-7.50305975126303
 20
32.5373322470842
 10
-7.50295329184991
 20
32.5373309795327
 10
-7.50294880252369
 20
32.5376015182008
 10
-7.50284234279829
 20
32.5376002505461
 10
-7.5028393496681
 20
32.5377806096426
 10
-7.50262642981206
 20
32.5377780740454
 10
-7.50262343622984
 20
32.5379584331191
 10
-7.5025169760992
 20
32.5379571651766
 10
-7.50251547919175
 20
32.538047344707
 10
-7.50240901896147
 20
32.5380460766701
 10
-7.50240602491386
 20
32.538226435718
 10
-7.50229956447762
 20
32.5382251675823
 10
-7.50229657019062
 20
32.5384055266161
 10
-7.50219010954842
 20
32.5384042583815
 10
-7.50218711502203
 20
32.5385846174011
 10
-7.50208065417387
 20
32.5385833490677
 10
-7.50207915679432
 20
32.5386735285711
 10
-7.50197269584652
 20
32.5386722601432
 10
-7.5019697008547
 20
32.5388526191371
 10
-7.50175677855386
 20
32.5388500819936
 10
-7.50175378310998
 20
32.5390304409646
 10
-7.50164732175694
 20
32.5390291722489
 10
-7.50164432607365
 20
32.5392095312057
 10
-7.50153786451465
 20
32.5392082623912
 10
-7.50153636655664
 20
32.5392984418632
 10
-7.50142990489799
 20
32.5392971729543
 10
-7.50142690874925
 20
32.5394775318854
 10
-7.50100106133093
 20
32.5394724553136
 10
-7.50099806430479
 20
32.5396528142044
 10
-7.50078514021046
 20
32.5396502753604
 10
-7.50078214273223
 20
32.5398306342282
 10
-7.50067568048244
 20
32.5398293646623
 10
-7.5006711838959
 20
32.5400999029406
 10
-7.50045825877841
 20
32.5400973635123
 10
-7.50045526059525
 20
32.5402777223402
 10
-7.5002423350792
 20
32.540275182534
 10
-7.50023933644392
 20
32.540455541339
 10
-7.50013287348327
 20
32.540454271292
 10
-7.50013137404926
 20
32.540544450688
 10
-7.49981198488848
 20
32.5405406399934
 10
-7.49980898536235
 20
32.5407209987551
 10
-7.49959605886331
 20
32.540718457824
 10
-7.49958855886739
 20
32.5411693546607
 10
-7.49948209509624
 20
32.5411680840381
 10
-7.49947609455357
 20
32.5415288014654
 10
-7.49958255875008
 20
32.5415300721056
 10
-7.49957205828689
 20
32.5421613275819
 10
-7.49946559334599
 20
32.5421600569111
 10
-7.49946259294067
 20
32.5423404155976
 10
-7.49956905809427
 20
32.5423416862773
 10
-7.49956155749546
 20
32.5427925829918
 10
-7.49966802318748
 20
32.5427938536033
 10
-7.49966502311376
 20
32.5429742122884
 10
-7.49977148902518
 20
32.5429754828185
 10
-7.49976998908462
 20
32.5430656621634
 10
-7.49998292114025
 20
32.5430682029621
 10
-7.49997992166443
 20
32.5432485616654
 10
-7.50019285417224
 20
32.5432511021213
 10
-7.50018985509503
 20
32.5434314608367
 10
-7.50029632157168
 20
32.5434327309382
 10
-7.50029332268038
 20
32.5436130896569
 10
-7.50039978937643
 20
32.5436143596772
 10
-7.50039829002709
 20
32.5437045390389
 10
-7.50050475683619
 20
32.5437058089734
 10
-7.50050175833013
 20
32.5438861677015
 10
-7.50060822535862
 20
32.5438874375547
 10
-7.50060072950808
 20
32.5443383343731
 10
-7.50070719707504
 20
32.5443396041581
 10
-7.50070419890067
 20
32.5445199628848
 10
-7.50081066668704
 20
32.5445212325884
 10
-7.5008076686986
 20
32.5447015913184
 10
-7.50091413670437
 20
32.5447028609407
 10
-7.50091113890188
 20
32.544883219674
 10
-7.50101760712706
 20
32.544884489215
 10
-7.5010131106922
 20
32.545155027318
 10
-7.50111957924315
 20
32.545156296782
 10
-7.50111658179916
 20
32.5453366555193
 10
-7.50122305056953
 20
32.545337924902
 10
-7.50122005331149
 20
32.5455182836426
 10
-7.50132652230127
 20
32.5455195529439
 10
-7.50132502376857
 20
32.5456097323166
 10
-7.50143149287141
 20
32.5456110015322
 10
-7.50142849599866
 20
32.5457913602822
 10
-7.50153496532091
 20
32.5457926294164
 10
-7.50153196863413
 20
32.5459729881698
 10
-7.5016384381758
 20
32.5459742572227
 10
-7.50163544167499
 20
32.5461546159794
 10
-7.50174191143607
 20
32.5461558849509
 10
-7.50173741695377
 20
32.5464264230889
 10
-7.50184388704065
 20
32.5464276919835
 10
-7.50183340042569
 20
32.5470589476219
 10
-7.50172692959424
 20
32.5470576786967
 10
-7.50172393314558
 20
32.5472380374296
 10
-7.50161746210808
 20
32.5472367684054
 10
-7.50161446541993
 20
32.5474171271241
 10
-7.50150799417638
 20
32.5474158580011
 10
-7.50150649571589
 20
32.5475060373541
 10
-7.50140002437266
 20
32.5475047681366
 10
-7.50139702721886
 20
32.5476851268296
 10
-7.50118408412698
 20
32.5476825881068
 10
-7.50118858048587
 20
32.5474120500915
 10
-7.50129505170934
 20
32.5474133194848
 10
-7.50130104633534
 20
32.5470526020946
 10
-7.50140751714003
 20
32.5470538713803
 10
-7.50141800673329
 20
32.5464226158645
 10
-7.500992126533
 20
32.5464175383037
 10
-7.50099512435035
 20
32.5462371796077
 10
-7.50088865452974
 20
32.546235910001
 10
-7.50089015353474
 20
32.5461457306554
 10
-7.50067721412634
 20
32.5461431911804
 10
-7.50068021254171
 20
32.5459628325026
 10
-7.50057374306028
 20
32.5459615626387
 10
-7.5005767416616
 20
32.5457812039643
 10
-7.50036380314428
 20
32.5457786639837
 10
-7.50036680214427
 20
32.5455983053213
 10
-7.50026033310838
 20
32.5455970352047
 10
-7.50026183270469
 20
32.5455068558758
 10
-7.50015536378185
 20
32.5455055856735
 10
-7.50015836316711
 20
32.5453252270205
 10
-7.5000518944637
 20
32.5453239567367
 10
-7.50005489403488
 20
32.5451435980871
 10
-7.49994842555088
 20
32.5451423277221
 10
-7.49995592489344
 20
32.5446914310962
 10
-7.49984945694793
 20
32.5446901606629
 10
-7.49985545672684
 20
32.5443294433553
 10
-7.4993231192269
 20
32.5443230899253
 10
-7.49932461968665
 20
32.5442329106169
 10
-7.49921815231312
 20
32.544231639665
 10
-7.49922415451055
 20
32.5438709224355
 10
-7.49911768756913
 20
32.543869651411
 10
-7.49912068884035
 20
32.5436892927969
 10
-7.49890775540302
 20
32.5436867504952
 10
-7.49890925624128
 20
32.5435965711949
 10
-7.49880278963902
 20
32.5435952999133
 10
-7.49880579150813
 20
32.5434149413174
 10
-7.49869932512527
 20
32.5434136699544
 10
-7.49870232718027
 20
32.5432333113619
 10
-7.49859586101682
 20
32.5432320399176
 10
-7.49859886325771
 20
32.5430516813284
 10
-7.49849239731365
 20
32.5430504098028
 10
-7.49849389853039
 20
32.5429602305105
 10
-7.49828096687509
 20
32.5429576871978
 10
-7.49828396971384
 20
32.5427773286268
 10
-7.49817750410894
 20
32.5427760568441
 10
-7.49818050713356
 20
32.5425956982765
 10
-7.49807404174806
 20
32.5425944264124
 10
-7.49807704495855
 20
32.5424140678481
 10
-7.49797057979244
 20
32.5424127959028
 10
-7.49797208149398
 20
32.542322616623
 10
-7.49712036125734
 20
32.5423124378519
 10
-7.49712336634179
 20
32.5421320793585
 10
-7.49669750723524
 20
32.5421269878459
 10
-7.49670051314358
 20
32.5419466293822
 10
-7.4965940485964
 20
32.5419453562876
 10
-7.49659705469058
 20
32.5417649978273
 10
-7.4964905903628
 20
32.5417637246513
 10
-7.49649209350617
 20
32.5416735454235
 10
-7.49627916508343
 20
32.5416709988102
 10
-7.49627766172738
 20
32.5417611780292
 10
-7.49617119741974
 20
32.541759904583
 10
-7.49616518350307
 20
32.5421206214279
 10
-7.49605871877677
 20
32.5421193478741
 10
-7.49606172596122
 20
32.5419389894631
 10
-7.49595526145433
 20
32.541937715828
 10
-7.49595826882461
 20
32.5417573574204
 10
-7.49531948320036
 20
32.5417497137702
 10
-7.49531647455399
 20
32.541930072125
 10
-7.49510354564095
 20
32.5419275235032
 10
-7.49510053654234
 20
32.542107881835
 10
-7.49446174868838
 20
32.5421002337548
 10
-7.49446475906309
 20
32.5419198754758
 10
-7.4941453658649
 20
32.5419160502458
 10
-7.49414235485214
 20
32.5420964084984
 10
-7.4940358902535
 20
32.5420951332327
 10
-7.49403287900116
 20
32.5422754914711
 10
-7.49392641419657
 20
32.5422742161065
 10
-7.49391888541633
 20
32.5427251116566
 10
-7.49381242008674
 20
32.54272383618
 10
-7.49380940831489
 20
32.5429041943817
 10
-7.49370294277932
 20
32.5429029188061
 10
-7.49371348460754
 20
32.5422716651071
 10
-7.49350055504542
 20
32.5422691137474
 10
-7.49350356736118
 20
32.5420887555531
 10
-7.49180013523602
 20
32.5420683318424
 10
-7.4917971195173
 20
32.5422486898957
 10
-7.49137126090453
 20
32.5422435803291
 10
-7.4913697526097
 20
32.542333759336
 10
-7.49115682313105
 20
32.5423312040033
 10
-7.49115833163856
 20
32.5422410250052
 10
-7.49094540239954
 20
32.5422384693209
 10
-7.49094841981973
 20
32.5420581113381
 10
-7.49073549103302
 20
32.5420555553111
 10
-7.49073850885162
 20
32.5418751973406
 10
-7.49052558051723
 20
32.5418726409708
 10
-7.49052859873424
 20
32.5416922830125
 10
-7.48988981516889
 20
32.5416846117941
 10
-7.48988679567581
 20
32.5418649696994
 10
-7.48978033155917
 20
32.5418636908389
 10
-7.4897848611077
 20
32.541593153992
 10
-7.48967839731682
 20
32.5415918750546
 10
-7.48968745686987
 20
32.5410508013507
 10
-7.48958099372375
 20
32.5410495223497
 10
-7.489582503732
 20
32.5409593433987
 10
-7.48947604069896
 20
32.5409580643121
 10
-7.48947906090789
 20
32.5407777064149
 10
-7.48937259809426
 20
32.5407764272469
 10
-7.48937863885653
 20
32.5404157114539
 10
-7.48927217647498
 20
32.5404144322135
 10
-7.48927368675502
 20
32.5403242532663
 10
-7.48906076222483
 20
32.5403216945241
 10
-7.48906378319
 20
32.5401413366432
 10
-7.48895732114768
 20
32.5401400571458
 10
-7.48896034229853
 20
32.5399596992684
 10
-7.48885388047562
 20
32.5399584196897
 10
-7.48885690181215
 20
32.5397780618156
 10
-7.48864397861189
 20
32.5397755024058
 10
-7.48864548948269
 20
32.5396853234756
 10
-7.48843256652207
 20
32.5396827637142
 10
-7.48843558866874
 20
32.5395024058673
 10
-7.48822266616043
 20
32.5394998457633
 10
-7.48822568870542
 20
32.5393194879287
 10
-7.4880127666494
 20
32.539316927482
 10
-7.4880157895927
 20
32.5391365696596
 10
-7.48780286798899
 20
32.5391340088703
 10
-7.48780437966317
 20
32.5390438299659
 10
-7.48769791897776
 20
32.5390425494405
 10
-7.48770094251851
 20
32.5388621916365
 10
-7.48759448205251
 20
32.5388609110299
 10
-7.48759750577889
 20
32.5386805532293
 10
-7.48749104553229
 20
32.5386792725414
 10
-7.48749406944432
 20
32.5384989147442
 10
-7.487068229376
 20
32.5384937911274
 10
-7.48706974174717
 20
32.5384036122445
 10
-7.48675036208581
 20
32.5383997685992
 10
-7.48675338744582
 20
32.5382194108558
 10
-7.48654046813063
 20
32.538216847993
 10
-7.4865434938889
 20
32.5380364902618
 10
-7.48633057502602
 20
32.5380339270563
 10
-7.48634419251751
 20
32.5372223172785
 10
-7.48623773405306
 20
32.5372210355805
 10
-7.48624227341422
 20
32.5369504989767
 10
-7.48613581527547
 20
32.5369492172019
 10
-7.48613884169507
 20
32.5367688594681
 10
-7.48603238377571
 20
32.536767577612
 10
-7.48603541038091
 20
32.5365872198816
 10
-7.48592895268092
 20
32.5365859379444
 10
-7.4859304660797
 20
32.5364957590815
 10
-7.48571755091263
 20
32.5364931949456
 10
-7.48572057811515
 20
32.5363128372337
 10
-7.48561412075437
 20
32.5363115550394
 10
-7.48562017550353
 20
32.5359508396169
 10
-7.48551371857475
 20
32.5359495573503
 10
-7.48551825988457
 20
32.5356790207825
 10
-7.48541180328147
 20
32.5356777384391
 10
-7.48541785869181
 20
32.535317023014
 10
-7.4853114025207
 20
32.5353157405982
 10
-7.48531291646269
 20
32.535225561743
 10
-7.48520646040464
 20
32.5352242792416
 10
-7.4852125165302
 20
32.5348635638247
 10
-7.48510606090412
 20
32.534862281251
 10
-7.48510908913894
 20
32.5346819235433
 10
-7.48521554455241
 20
32.5346832061082
 10
-7.48522311448961
 20
32.5342323117929
 10
-7.48490374986399
 20
32.5342284638945
 10
-7.48490677842934
 20
32.5340481061855
 10
-7.48480032378025
 20
32.5340468233814
 10
-7.48480486689645
 20
32.533776286821
 10
-7.4850177755636
 20
32.5337788523125
 10
-7.48502080384873
 20
32.533598494581
 10
-7.48512725797985
 20
32.5335997771829
 10
-7.48512422990732
 20
32.5337801349232
 10
-7.48523068425779
 20
32.5337814174438
 10
-7.4852276563708
 20
32.5339617751875
 10
-7.48544056551724
 20
32.5339643399762
 10
-7.4854390517762
 20
32.5340545188549
 10
-7.48554550646585
 20
32.5340558011186
 10
-7.48554247917608
 20
32.5342361588808
 10
-7.48564893408509
 20
32.5342374410633
 10
-7.48564590698089
 20
32.5344177988288
 10
-7.48596527238627
 20
32.5344216448625
 10
-7.48596073263598
 20
32.5346921815405
 10
-7.48617364357783
 20
32.5346947451391
 10
-7.48617061746905
 20
32.5348751029353
 10
-7.48638352886314
 20
32.5348776661914
 10
-7.48637747741494
 20
32.535238381803
 10
-7.48648393354733
 20
32.5352396633136
 10
-7.48648242077469
 20
32.5353298422175
 10
-7.48680178953131
 20
32.5353336862223
 10
-7.48679876460361
 20
32.5355140440526
 10
-7.48690522108193
 20
32.5355153252162
 10
-7.48690219633982
 20
32.5356956830499
 10
-7.48722156645317
 20
32.5356995260269
 10
-7.48721854232189
 20
32.5358798838817
 10
-7.48732499925246
 20
32.5358811647028
 10
-7.48732348728299
 20
32.5359713436326
 10
-7.48742994432662
 20
32.5359726243679
 10
-7.4874238968065
 20
32.5363333400913
 10
-7.48753035428212
 20
32.5363346207543
 10
-7.48752733069417
 20
32.5365149786166
 10
-7.48784670379939
 20
32.5365188200917
 10
-7.48784216932365
 20
32.5367893569148
 10
-7.48794862735783
 20
32.5367906372396
 10
-7.48794107029481
 20
32.5372415319398
 10
-7.48815398744656
 20
32.5372440923633
 10
-7.48815096499938
 20
32.5374244502516
 10
-7.48836388260338
 20
32.5374270103325
 10
-7.48836690462531
 20
32.5372466524266
 10
-7.48857982183105
 20
32.5372492121295
 10
-7.48858133261926
 20
32.5371590331657
 10
-7.48890070815952
 20
32.5371628720313
 10
-7.48889919769025
 20
32.5372530510083
 10
-7.48900565632348
 20
32.5372543304545
 10
-7.48899961480424
 20
32.5376150463669
 10
-7.48921253294145
 20
32.5376176050243
 10
-7.48920951256664
 20
32.53779796299
 10
-7.489315971858
 20
32.5377992421924
 10
-7.48931446176679
 20
32.5378894211777
 10
-7.48942092117122
 20
32.5378907002944
 10
-7.48941790118121
 20
32.5380710582696
 10
-7.48952436080502
 20
32.5380723373051
 10
-7.48952134100068
 20
32.5382526952838
 10
-7.48962780084387
 20
32.538253974238
 10
-7.48962478122521
 20
32.5384343322201
 10
-7.48983770135711
 20
32.538436889876
 10
-7.4898361917503
 20
32.5385270688738
 10
-7.49004911212181
 20
32.5385296261782
 10
-7.49004609331327
 20
32.5387099841874
 10
-7.49036547455902
 20
32.5387138194948
 10
-7.49036245636147
 20
32.5388941775251
 10
-7.49046891700285
 20
32.5388954557896
 10
-7.49046438997495
 20
32.5391659928381
 10
-7.49057085094204
 20
32.5391672710257
 10
-7.49056783310241
 20
32.53934762906
 10
-7.49067429428889
 20
32.5393489071664
 10
-7.49066825895406
 20
32.5397096232365
 10
-7.49077472057259
 20
32.5397109012704
 10
-7.49077773804083
 20
32.5395305432293
 10
-7.49099066087279
 20
32.5395330990093
 10
-7.49100423723247
 20
32.5387214876775
 10
-7.49121715817751
 20
32.5387240430178
 10
-7.49122017464694
 20
32.5385436849115
 10
-7.49132663491692
 20
32.5385449624377
 10
-7.49132361866014
 20
32.5387253205528
 10
-7.49153653964559
 20
32.5387278753525
 10
-7.49153955547708
 20
32.5385475172198
 10
-7.49164601576726
 20
32.5385487944758
 10
-7.49165053914501
 20
32.5382782572532
 10
-7.49143761920932
 20
32.5382757026777
 10
-7.49143460320559
 20
32.5384560608098
 10
-7.4913281430352
 20
32.5384547833781
 10
-7.49133115925157
 20
32.5382744252548
 10
-7.49101177941874
 20
32.5382705924458
 10
-7.4910147962461
 20
32.5380902343435
 10
-7.49080187681651
 20
32.5380876787047
 10
-7.49080640264494
 20
32.5378171415677
 10
-7.49123224025523
 20
32.5378222524321
 10
-7.49123525658995
 20
32.5376418942986
 10
-7.49102233819661
 20
32.5376393390642
 10
-7.49102535492966
 20
32.537458980943
 10
-7.49081243698853
 20
32.5374564253659
 10
-7.49081696267549
 20
32.5371858882004
 10
-7.49071050403398
 20
32.53718461029
 10
-7.49071352133756
 20
32.5370042521816
 10
-7.49060706291542
 20
32.53700297419
 10
-7.49061008040468
 20
32.5368226160851
 10
-7.49050362220191
 20
32.5368213380121
 10
-7.49050663987685
 20
32.5366409799106
 10
-7.49040018189344
 20
32.5366397017564
 10
-7.49040169082711
 20
32.536549522708
 10
-7.49008231723625
 20
32.5365456877183
 10
-7.49008533572126
 20
32.5363653296439
 10
-7.48997887808374
 20
32.5363640511427
 10
-7.48998491539811
 20
32.5360033349953
 10
-7.48987845819258
 20
32.5360020564217
 10
-7.48987996761063
 20
32.5359118773858
 10
-7.48977351051814
 20
32.5359105987265
 10
-7.48977954854817
 20
32.5355498825873
 10
-7.48967309188766
 20
32.5355486038556
 10
-7.48967611107484
 20
32.5353682457866
 10
-7.48956965463368
 20
32.5353669669737
 10
-7.48957116432346
 20
32.5352767879416
 10
-7.48935825167398
 20
32.5352742300543
 10
-7.48936127145855
 20
32.5350938720037
 10
-7.48925481535653
 20
32.5350925929338
 10
-7.48926085526996
 20
32.534731876834
 10
-7.48947376663031
 20
32.5347344348484
 10
-7.48947074711229
 20
32.5349147929187
 10
-7.4897901148412
 20
32.5349186292914
 10
-7.48978709593404
 20
32.5350989873827
 10
-7.49010646436144
 20
32.5351028229712
 10
-7.49010344606515
 20
32.5352831810836
 10
-7.490316358809
 20
32.5352857377099
 10
-7.49031484986336
 20
32.5353759167729
 10
-7.49063421934859
 20
32.5353797510501
 10
-7.49063120207493
 20
32.5355601091985
 10
-7.49095057225864
 20
32.5355639426915
 10
-7.49094755559587
 20
32.5357443008609
 10
-7.49137338345224
 20
32.5357494109593
 10
-7.491370367613
 20
32.5359297691585
 10
-7.49254139711228
 20
32.535943814595
 10
-7.49253989035196
 20
32.5360339937411
 10
-7.49264634772586
 20
32.5360352700629
 10
-7.49264785437987
 20
32.5359450909125
 10
-7.49296722622301
 20
32.5359489193243
 10
-7.49296571988793
 20
32.536039098488
 10
-7.49317863469628
 20
32.536041650321
 10
-7.49318014081874
 20
32.5359514711485
 10
-7.49339305544137
 20
32.5359540226125
 10
-7.49339154953153
 20
32.5360442017938
 10
-7.49360446439368
 20
32.5360467529062
 10
-7.4936059700909
 20
32.5359565737161
 10
-7.49562866060236
 20
32.5359807912311
 10
-7.49562715692503
 20
32.5360709705048
 10
-7.49594652965166
 20
32.5360747913638
 10
-7.49594803301006
 20
32.5359846120769
 10
-7.49658677800671
 20
32.5359922513364
 10
-7.49658978342763
 20
32.5358118927058
 10
-7.49712207004629
 20
32.5358182562344
 10
-7.49712507437728
 20
32.5356378975544
 10
-7.49776381726533
 20
32.5356455307638
 10
-7.49776682029379
 20
32.5354651720256
 10
-7.49808619119049
 20
32.535468987388
 10
-7.49808769237574
 20
32.5353788080037
 10
-7.49851351990664
 20
32.535383893875
 10
-7.49851652140656
 20
32.5352035350672
 10
-7.49872943478699
 20
32.5352060774449
 10
-7.49873243583488
 20
32.5350257186141
 10
-7.4991582618257
 20
32.5350308022535
 10
-7.49916126199634
 20
32.5348504433822
 10
-7.49948063092197
 20
32.5348542551397
 10
-7.49948213067833
 20
32.5347640756889
 10
-7.49969504311629
 20
32.5347666164014
 10
-7.4996980421837
 20
32.5345862574782
 10
-7.49980449820012
 20
32.5345875276905
 10
-7.49980749702813
 20
32.5344071687531
 10
-7.50002040865584
 20
32.5344097088901
 10
-7.50002340703186
 20
32.5342293499297
 10
-7.50012986264315
 20
32.5342306198544
 10
-7.50013136171482
 20
32.5341404403678
 10
-7.50066363934019
 20
32.534146788618
 10
-7.50066663640043
 20
32.5339664295969
 10
-7.50087954707222
 20
32.533968968249
 10
-7.50088254368048
 20
32.5337886092049
 10
-7.50109545395384
 20
32.5337911474792
 10
-7.50109845011015
 20
32.5336107884122
 10
-7.50120490504426
 20
32.5336120574055
 10
-7.50120640300608
 20
32.5335218778656
 10
-7.50141931268178
 20
32.5335244155732
 10
-7.50142230816016
 20
32.5333440564717
 10
-7.50152876279544
 20
32.5333453251817
 10
-7.50153175803447
 20
32.533164966066
 10
-7.50163821246385
 20
32.5331662346772
 10
-7.50164120746354
 20
32.5329858755474
 10
-7.50174766168701
 20
32.5329871440597
 10
-7.50174915907053
 20
32.5328969644883
 10
-7.5018556131944
 20
32.5328982329062
 10
-7.50186160223641
 20
32.5325375145898
 10
-7.50196805594179
 20
32.5325387829001
 10
-7.50197105021009
 20
32.532358423725
 10
-7.50207750370957
 20
32.5323596919365
 10
-7.5020790007274
 20
32.5322695123425
 10
-7.50218545412727
 20
32.5322707804596
 10
-7.50218844793029
 20
32.5320904212588
 10
-7.50229490112426
 20
32.532091689277
 10
-7.50229789468797
 20
32.5319113300621
 10
-7.50240434767604
 20
32.5319125979815
 10
-7.50240734100042
 20
32.5317322387524
 10
-7.50283315216924
 20
32.5317373094944
 10
-7.50283015969517
 20
32.5319176687586
 10
-7.50304306574483
 20
32.5319202036067
 10
-7.50304755380817
 20
32.5316496646823
 10
-7.50326045924682
 20
32.5316521991439
 10
-7.50326345083049
 20
32.5314718398367
 10
-7.5034763558707
 20
32.5314743739206
 10
-7.50348233810758
 20
32.5311136552548
 10
-7.50358879021255
 20
32.5311149221442
 10
-7.50359028564879
 20
32.53102474247
 10
-7.50369673765416
 20
32.5310260092649
 10
-7.50369972829402
 20
32.5308456499037
 10
-7.5038061800935
 20
32.5308469165999
 10
-7.50380917049409
 20
32.5306665572245
 10
-7.50391562208767
 20
32.5306678238218
 10
-7.50391861224898
 20
32.5304874644322
 10
-7.50402506363668
 20
32.5304887309308
 10
-7.5040325383917
 20
32.5300378324112
 10
-7.50392608753541
 20
32.5300365659346
 10
-7.50392907760325
 20
32.529856206526
 10
-7.5038226269662
 20
32.529854939968
 10
-7.50382412209638
 20
32.5297647602661
 10
-7.50350477054414
 20
32.5297609600649
 10
-7.50351075227343
 20
32.529400241296
 10
-7.50340430219449
 20
32.5293989743997
 10
-7.50340729323162
 20
32.5292186150159
 10
-7.50330084337191
 20
32.5292173480382
 10
-7.50330533019634
 20
32.5289468089655
 10
-7.50351822928479
 20
32.5289493428045
 10
-7.50352122004259
 20
32.5287689833983
 10
-7.50362766938428
 20
32.528770250174
 10
-7.50363215515207
 20
32.5284997110415
 10
-7.50373860418162
 20
32.528500977714
 10
-7.50374757489927
 20
32.5279598993862
 10
-7.50385402329788
 20
32.5279611659424
 10
-7.50386149818096
 20
32.5275102672768
 10
-7.5037550503137
 20
32.5275090007424
 10
-7.50377598058608
 20
32.5262464843594
 10
-7.50366953421319
 20
32.5262452177962
 10
-7.50368448466915
 20
32.5253434202608
 10
-7.50357803936552
 20
32.5253421536513
 10
-7.5035885050312
 20
32.5247108953265
 10
-7.50348206047803
 20
32.5247096286576
 10
-7.50348804113653
 20
32.5243489096025
 10
-7.50338159701504
 20
32.524347642861
 10
-7.50338608275755
 20
32.5240771035686
 10
-7.50327963896149
 20
32.5240758367502
 10
-7.50328562028302
 20
32.5237151176921
 10
-7.50317917691862
 20
32.5237138508012
 10
-7.50318366315839
 20
32.5234433115065
 10
-7.50307722011941
 20
32.5234420445387
 10
-7.50308021112502
 20
32.5232616850109
 10
-7.50297376830522
 20
32.5232604179618
 10
-7.5029767594966
 20
32.5230800584373
 10
-7.50287031689596
 20
32.523078791307
 10
-7.50287480395166
 20
32.5228082520232
 10
-7.50276836167643
 20
32.5228069848159
 10
-7.50277135322599
 20
32.5226266252954
 10
-7.50255846912054
 20
32.5226240906283
 10
-7.50256146106834
 20
32.5224437311198
 10
-7.50234857741458
 20
32.5224411961101
 10
-7.50235007359094
 20
32.5223510163626
 10
-7.50224363188032
 20
32.522349748727
 10
-7.50224213559772
 20
32.5224399284702
 10
-7.50202925198405
 20
32.5224373929203
 10
-7.50202625897385
 20
32.522617752385
 10
-7.50191981696456
 20
32.5226164844663
 10
-7.50190934047461
 20
32.5232477425194
 10
-7.5018028977283
 20
32.52324647448
 10
-7.50179990417281
 20
32.5234268339028
 10
-7.50158701827527
 20
32.5234242975363
 10
-7.50159001225574
 20
32.5232439381311
 10
-7.50116424139085
 20
32.5232388643529
 10
-7.50116723619453
 20
32.5230585049772
 10
-7.50084790875355
 20
32.5230546987246
 10
-7.50084940646408
 20
32.5229645190479
 10
-7.50053007940203
 20
32.5229607119981
 10
-7.50053307544049
 20
32.5227803526669
 10
-7.50000086486662
 20
32.5227740058272
 10
-7.50000386194074
 20
32.5225936465344
 10
-7.499790978183
 20
32.5225911071859
 10
-7.49979397565531
 20
32.5224107479052
 10
-7.49968753399896
 20
32.5224094781046
 10
-7.49967854086428
 20
32.5229505559041
 10
-7.49978498315807
 20
32.522951825731
 10
-7.4997774892263
 20
32.5234027238819
 10
-7.49967104640129
 20
32.5234014540331
 10
-7.49966355177095
 20
32.5238523521282
 10
-7.4995571084214
 20
32.5238510821675
 10
-7.49957059959172
 20
32.5230394656114
 10
-7.49946415720508
 20
32.5230381956001
 10
-7.49946565629677
 20
32.5229480159804
 10
-7.49935921402306
 20
32.5229467458834
 10
-7.49936221239885
 20
32.5227663866487
 10
-7.49925577034431
 20
32.5227651164705
 10
-7.4992587689058
 20
32.5225847572391
 10
-7.49915232707045
 20
32.5225834869796
 10
-7.49915532581763
 20
32.5224031277515
 10
-7.49904888420145
 20
32.5224018574108
 10
-7.49905038367124
 20
32.5223116777991
 10
-7.498943942168
 20
32.5223104073728
 10
-7.49893644422089
 20
32.5227613053957
 10
-7.49883000219315
 20
32.5227600348574
 10
-7.49882700275494
 20
32.5229403940484
 10
-7.49872056052141
 20
32.5229391234113
 10
-7.498726559796
 20
32.5225784050416
 10
-7.49862011799413
 20
32.522577134332
 10
-7.49862311780371
 20
32.5223967751478
 10
-7.49777158532979
 20
32.5223866063004
 10
-7.49777308607445
 20
32.5222964267413
 10
-7.4976666446516
 20
32.5222951552347
 10
-7.49766964633329
 20
32.5221147961214
 10
-7.49820185245215
 20
32.5221211527105
 10
-7.49820485304465
 20
32.5219407935478
 10
-7.49841773511415
 20
32.5219433355357
 10
-7.4984207352549
 20
32.52176297635
 10
-7.49852717608723
 20
32.5217642472002
 10
-7.49852867604132
 20
32.5216740676009
 10
-7.49863511677411
 20
32.5216753383567
 10
-7.49864861510338
 20
32.5208637218629
 10
-7.4985421753267
 20
32.5208624511467
 10
-7.49854817483492
 20
32.5205017326873
 10
-7.49844173548985
 20
32.5205004618986
 10
-7.49844923525556
 20
32.5200495638158
 10
-7.49834279644833
 20
32.520048292959
 10
-7.49835329658254
 20
32.5194170356169
 10
-7.49824685852559
 20
32.5194157647008
 10
-7.49827535925341
 20
32.5177023516633
 10
-7.49816892322132
 20
32.5177010807406
 10
-7.49817492349124
 20
32.5173403621615
 10
-7.4980684878907
 20
32.5173390911663
 10
-7.49807298834143
 20
32.517068552231
 10
-7.49796655306623
 20
32.517067281159
 10
-7.49797255399825
 20
32.5167065625771
 10
-7.49712107543661
 20
32.5166963909012
 10
-7.49712557861428
 20
32.5164258520559
 10
-7.49744488206875
 20
32.5164296670699
 10
-7.49744788351643
 20
32.5162493078066
 10
-7.49766075209476
 20
32.5162518506816
 10
-7.49766375309081
 20
32.5160714913953
 10
-7.49777018717761
 20
32.516072762689
 10
-7.49778219004411
 20
32.5153513254544
 10
-7.49767575680694
 20
32.5153500541958
 10
-7.49769526193094
 20
32.5141777185614
 10
-7.49780169378753
 20
32.514178989763
 10
-7.49781369552834
 20
32.5134575523005
 10
-7.49792012654207
 20
32.513458823377
 10
-7.49793362703222
 20
32.5126472060884
 10
-7.49782719697419
 20
32.5126459350515
 10
-7.4978301972218
 20
32.5124655756479
 10
-7.4976173375506
 20
32.5124630333216
 10
-7.49762033819615
 20
32.5122826739301
 10
-7.49772676781602
 20
32.5122839451295
 10
-7.49772826802256
 20
32.5121937654273
 10
-7.49783469754295
 20
32.5121950365323
 10
-7.49784069787736
 20
32.5118343176926
 10
-7.49794712697971
 20
32.51183558869
 10
-7.49795012689435
 20
32.5116552292532
 10
-7.49805655579103
 20
32.5116565001519
 10
-7.4980610552942
 20
32.5113859609733
 10
-7.49816748387904
 20
32.5113872317688
 10
-7.49817048330196
 20
32.5112068723009
 10
-7.49827691168113
 20
32.5112081429977
 10
-7.49828440959034
 20
32.5107572442822
 10
-7.49839083744531
 20
32.5107585148671
 10
-7.49840433230436
 20
32.5099468970543
 10
-7.49829790540497
 20
32.509945626509
 10
-7.49830090440122
 20
32.509765266989
 10
-7.49744949114602
 20
32.5097550994572
 10
-7.49745099148348
 20
32.5096649197303
 10
-7.49755741801076
 20
32.5096661909823
 10
-7.49756041845323
 20
32.5094858315155
 10
-7.49798612377997
 20
32.5094909155886
 10
-7.49798912334627
 20
32.5093105560813
 10
-7.49884053262252
 20
32.5093207198382
 10
-7.49884353046331
 20
32.5091403602553
 10
-7.49905638242464
 20
32.5091429002772
 10
-7.49905788112266
 20
32.5090527204749
 10
-7.49916430700719
 20
32.5090539903465
 10
-7.4991673041708
 20
32.5088736307291
 10
-7.49938015553528
 20
32.5088761701848
 10
-7.49938614893285
 20
32.5085154508986
 10
-7.49949257420046
 20
32.508516720474
 10
-7.49949407242695
 20
32.5084265406447
 10
-7.49960049759509
 20
32.5084278101256
 10
-7.49960349381567
 20
32.5082474504542
 10
-7.49970991877816
 20
32.5082487198364
 10
-7.49971291475965
 20
32.5080683601508
 10
-7.49981933951651
 20
32.5080696294342
 10
-7.49982233525891
 20
32.5078892697344
 10
-7.49992875981013
 20
32.5078905389191
 10
-7.49993025756513
 20
32.5078003590628
 10
-7.50003668201687
 20
32.5078016281532
 10
-7.50004267254534
 20
32.5074409086967
 10
-7.49993624851825
 20
32.5074396396239
 10
-7.49993924395467
 20
32.5072592798963
 10
-7.49930070120651
 20
32.5072516636224
 10
-7.49930219955164
 20
32.5071614837829
 10
-7.49962147057714
 20
32.5071652923116
 10
-7.49962446661038
 20
32.5069849326022
 10
-7.49983731356953
 20
32.5069874711539
 10
-7.49984030915137
 20
32.5068071114215
 10
-7.50026600230067
 20
32.5068121874102
 10
-7.50026300756809
 20
32.5069925471776
 10
-7.50036943108445
 20
32.5069938159586
 10
-7.50036643653744
 20
32.5071741757294
 10
-7.5004728602728
 20
32.5071754444292
 10
-7.50047136309543
 20
32.5072656243169
 10
-7.50057778694364
 20
32.5072668929311
 10
-7.50057479278114
 20
32.5074472527113
 10
-7.50078764092228
 20
32.5074497896873
 10
-7.50078464715768
 20
32.5076301494796
 10
-7.50110392005648
 20
32.507633954295
 10
-7.50110691318411
 20
32.5074535944765
 10
-7.5014261855061
 20
32.5074573984559
 10
-7.50142319301544
 20
32.5076377583007
 10
-7.50152961734846
 20
32.5076390261226
 10
-7.5015326096268
 20
32.5074586662691
 10
-7.50536388241851
 20
32.50750424762
 10
-7.50536089778386
 20
32.5076846077884
 10
-7.50631871924327
 20
32.5076959849846
 10
-7.50632170196698
 20
32.5075156247376
 10
-7.50642812639457
 20
32.5075168884119
 10
-7.50643110887931
 20
32.5073365281507
 10
-7.50664395732981
 20
32.5073390552119
 10
-7.50664544834987
 20
32.5072488750706
 10
-7.50675187247895
 20
32.5072501384619
 10
-7.50675485428676
 20
32.5070697781664
 10
-7.50686127821018
 20
32.507071041459
 10
-7.50685680580696
 20
32.5073415819133
 10
-7.50696323005551
 20
32.5073428451289
 10
-7.50696024863239
 20
32.5075232054337
 10
-7.50706667309993
 20
32.5075244685682
 10
-7.50706369186251
 20
32.5077048288763
 10
-7.50738296594206
 20
32.5077086177659
 10
-7.5073859465425
 20
32.5075282574317
 10
-7.50759879553749
 20
32.5075307828908
 10
-7.50760177568666
 20
32.5073504225336
 10
-7.50770819998182
 20
32.5073516851195
 10
-7.50770968994026
 20
32.5072615049345
 10
-7.50792253833821
 20
32.5072640298276
 10
-7.50792551781048
 20
32.5070836694361
 10
-7.50803194180711
 20
32.507084931739
 10
-7.50803492104045
 20
32.5069045713334
 10
-7.50814134483142
 20
32.5069058335376
 10
-7.50814432382583
 20
32.5067254731178
 10
-7.50825074741113
 20
32.5067267352233
 10
-7.50825223679219
 20
32.5066365550071
 10
-7.50835866027798
 20
32.5066378170182
 10
-7.50836163880785
 20
32.5064574565729
 10
-7.50857448537475
 20
32.5064599803078
 10
-7.50857746345338
 20
32.5062796198397
 10
-7.5086838865345
 20
32.5062808815635
 10
-7.50868686437421
 20
32.5061005210812
 10
-7.50879328724967
 20
32.5061017827063
 10
-7.50879775364089
 20
32.5058312419596
 10
-7.50890417620453
 20
32.5058325034817
 10
-7.50891013087513
 20
32.5054717824497
 10
-7.50901655302081
 20
32.5054730438644
 10
-7.50902101863549
 20
32.5052025030631
 10
-7.50912744046936
 20
32.5052037643748
 10
-7.50913041730027
 20
32.5050234038251
 10
-7.50923683892849
 20
32.505024665038
 10
-7.50924130380655
 20
32.5047541241903
 10
-7.50934772512296
 20
32.5047553853002
 10
-7.50935367777606
 20
32.5043946641335
 10
-7.50946009867453
 20
32.504395925136
 10
-7.50946456277613
 20
32.5041253842337
 10
-7.50957098336281
 20
32.5041266451332
 10
-7.50958139862425
 20
32.5034953829499
 10
-7.50968781847456
 20
32.5034966437289
 10
-7.50970864653463
 20
32.5022341191022
 10
-7.50960222817026
 20
32.5022328583841
 10
-7.50961115471984
 20
32.501691776346
 10
-7.50950473699892
 20
32.5016905155641
 10
-7.5095092005024
 20
32.5014199745399
 10
-7.50940278310652
 20
32.5014187136811
 10
-7.50941022267674
 20
32.5009678119686
 10
-7.50930380581815
 20
32.5009665510417
 10
-7.50930975777921
 20
32.5006058296648
 10
-7.50920334135178
 20
32.5006045686653
 10
-7.50920780557117
 20
32.5003340276314
 10
-7.50910138946877
 20
32.500332766555
 10
-7.50910436579405
 20
32.5001524058677
 10
-7.50867870229989
 20
32.5001473606975
 10
-7.50868167944758
 20
32.4999670000397
 10
-7.50846884816489
 20
32.4999644769323
 10
-7.50846587059271
 20
32.5001448375727
 10
-7.50825303891212
 20
32.5001423140881
 10
-7.50825006088884
 20
32.5003226747057
 10
-7.50814364484628
 20
32.5003214128197
 10
-7.50814215571854
 20
32.5004115931221
 10
-7.5080357395765
 20
32.5004103311419
 10
-7.50802978257452
 20
32.5007710523205
 10
-7.50792336601462
 20
32.5007697902328
 10
-7.50792038726147
 20
32.5009501508053
 10
-7.50802680403362
 20
32.5009514129016
 10
-7.50801488960396
 20
32.5016728551721
 10
-7.50790847198276
 20
32.5016715930409
 10
-7.50790251418375
 20
32.5020323141261
 10
-7.50779609614468
 20
32.5020310518875
 10
-7.50779162740716
 20
32.5023015926742
 10
-7.50768520905634
 20
32.5023003303325
 10
-7.50768222965246
 20
32.5024806908414
 10
-7.50757581109601
 20
32.5024794284011
 10
-7.50757283145324
 20
32.5026597888958
 10
-7.50746641269118
 20
32.5026585263568
 10
-7.50746343280952
 20
32.5028388868375
 10
-7.50735701384184
 20
32.5028376241997
 10
-7.50735254365102
 20
32.5031081648975
 10
-7.50713970509878
 20
32.503105639326
 10
-7.50714268565721
 20
32.5029252788796
 10
-7.50703626660335
 20
32.5029240159677
 10
-7.50703328583265
 20
32.5031043764053
 10
-7.50660760883468
 20
32.5030993238229
 10
-7.5066105904545
 20
32.5029189634202
 10
-7.50682342851561
 20
32.5029214898739
 10
-7.50682491910325
 20
32.5028313096617
 10
-7.50693133803766
 20
32.5028325727493
 10
-7.50693431898069
 20
32.5026522123122
 10
-7.50704073770948
 20
32.5026534753011
 10
-7.50704371841362
 20
32.5024731148499
 10
-7.50715013693678
 20
32.50247437774
 10
-7.50715311740202
 20
32.5022940172747
 10
-7.50725953571958
 20
32.5022952800662
 10
-7.50726102583608
 20
32.5022050998271
 10
-7.50736744405415
 20
32.5022063625243
 10
-7.50737638397659
 20
32.5016652810353
 10
-7.50726996639531
 20
32.5016640183643
 10
-7.50730274639607
 20
32.4996800525833
 10
-7.50740916164255
 20
32.4996813151584
 10
-7.50741214127066
 20
32.4995009545916
 10
-7.50730572623642
 20
32.4994996920252
 10
-7.50731168583727
 20
32.4991389708929
 10
-7.50709885663771
 20
32.4991364455253
 10
-7.50710034673353
 20
32.4990462652475
 10
-7.50699393224985
 20
32.4990450024332
 10
-7.50699691263374
 20
32.4988646418823
 10
-7.50635842714488
 20
32.4988570631597
 10
-7.50635544548757
 20
32.4990374236582
 10
-7.5062490310505
 20
32.4990361602142
 10
-7.50624754010574
 20
32.4991263404571
 10
-7.50603471103932
 20
32.4991238132905
 10
-7.50603172870535
 20
32.4993041737547
 10
-7.5059253139699
 20
32.4993029100278
 10
-7.50592233139705
 20
32.4994832704779
 10
-7.50581591645601
 20
32.4994820066523
 10
-7.50581293364428
 20
32.4996623670882
 10
-7.50570651849766
 20
32.4996611031639
 10
-7.50570502697568
 20
32.4997512833754
 10
-7.50559861172961
 20
32.4997500193568
 10
-7.50560010335771
 20
32.4996598391497
 10
-7.50474878247799
 20
32.4996497237977
 10
-7.50475176741214
 20
32.4994693634492
 10
-7.50464535254441
 20
32.4994680986342
 10
-7.50465132275719
 20
32.4991073779383
 10
-7.50486415165037
 20
32.4991099074434
 10
-7.50486116698179
 20
32.4992902678116
 10
-7.50518041100825
 20
32.4992940614209
 10
-7.50518339504013
 20
32.4991137010265
 10
-7.50539622399995
 20
32.4991162296322
 10
-7.50539771579366
 20
32.4990260494243
 10
-7.50550413017745
 20
32.4990273135878
 10
-7.505514571804
 20
32.4983960520638
 10
-7.50540815816302
 20
32.4983947879308
 10
-7.50541114163716
 20
32.4982144274919
 10
-7.5050919013909
 20
32.4982106345795
 10
-7.50509488547507
 20
32.4980302741614
 10
-7.50477564592546
 20
32.4980264804656
 10
-7.50477266120461
 20
32.4982068408576
 10
-7.50466624782251
 20
32.4982055761037
 10
-7.50466326286278
 20
32.4983859364815
 10
-7.50455684927512
 20
32.4983846716289
 10
-7.50455237146718
 20
32.4986552121723
 10
-7.50433954367517
 20
32.4986526821712
 10
-7.50434252931159
 20
32.4984723218277
 10
-7.50423611563781
 20
32.498471056701
 10
-7.50423760855214
 20
32.4983808765316
 10
-7.50413119499115
 20
32.4983796113193
 10
-7.50413418101202
 20
32.4981992509852
 10
-7.50381494100574
 20
32.4981954548348
 10
-7.50381792763662
 20
32.4980150945216
 10
-7.50392434075315
 20
32.4980163599862
 10
-7.50392732714512
 20
32.4978359996588
 10
-7.50403374005609
 20
32.4978372650248
 10
-7.50403523313597
 20
32.4977470848547
 10
-7.5039288203311
 20
32.4977458194931
 10
-7.50393180668305
 20
32.4975654591575
 10
-7.50371898151777
 20
32.497562928182
 10
-7.50372196826749
 20
32.4973825678585
 10
-7.50361555590707
 20
32.4973813022445
 10
-7.50361854284232
 20
32.4972009419244
 10
-7.50319289431623
 20
32.4971958786041
 10
-7.50318990653211
 20
32.4973762388893
 10
-7.50212578356185
 20
32.4973635742054
 10
-7.50212279362886
 20
32.4975439343977
 10
-7.50148431889387
 20
32.4975363312177
 10
-7.50150226573084
 20
32.4964541702979
 10
-7.50139585457166
 20
32.496452902839
 10
-7.50140183706131
 20
32.4960921825065
 10
-7.50129542633322
 20
32.4960909149752
 10
-7.50129991344861
 20
32.4958203747247
 10
-7.50119350304551
 20
32.4958191071166
 10
-7.5011994861969
 20
32.4954583867812
 10
-7.50109307622488
 20
32.4954571191006
 10
-7.50109606797268
 20
32.4952767589336
 10
-7.50098965821953
 20
32.4952754911718
 10
-7.50099115418951
 20
32.4951853110906
 10
-7.50088474454914
 20
32.4951840432433
 10
-7.50088773668125
 20
32.4950036830857
 10
-7.50078132725975
 20
32.4950024151572
 10
-7.50078731186815
 20
32.4946416948431
 10
-7.50068090287772
 20
32.4946404268422
 10
-7.50068239911921
 20
32.4945502467647
 10
-7.50057599024155
 20
32.4945489786783
 10
-7.50057898291666
 20
32.4943686185279
 10
-7.50047257425787
 20
32.4943673503603
 10
-7.50047556711843
 20
32.4941869902133
 10
-7.50036915867851
 20
32.4941857219645
 10
-7.50037215172452
 20
32.4940053618208
 10
-7.50026574350347
 20
32.4940040934909
 10
-7.50026724012254
 20
32.4939139134213
 10
-7.50016083201426
 20
32.4939126450059
 10
-7.50016382544452
 20
32.4937322848716
 10
-7.5000574175551
 20
32.4937310163749
 10
-7.5000604111708
 20
32.493550656244
 10
-7.49995400350024
 20
32.4935493876662
 10
-7.49995699730137
 20
32.4933690275385
 10
-7.49963777496636
 20
32.4933652212919
 10
-7.4996317860643
 20
32.4937259414891
 10
-7.49952537820832
 20
32.4937246725428
 10
-7.49952238350498
 20
32.4939050326245
 10
-7.49941597544351
 20
32.4939037635795
 10
-7.49941447797572
 20
32.493993943614
 10
-7.49909525351317
 20
32.4939901359263
 10
-7.49909225792098
 20
32.4941704959648
 10
-7.49898584956799
 20
32.494169226547
 10
-7.49898285373687
 20
32.4943495865713
 10
-7.49887644517838
 20
32.4943483170547
 10
-7.49887344910831
 20
32.4945286770649
 10
-7.49855422283646
 20
32.4945248679493
 10
-7.49855721954309
 20
32.4943445079655
 10
-7.49845081101138
 20
32.4943432380893
 10
-7.4984568047687
 20
32.493982518123
 10
-7.49835039666804
 20
32.4939812481743
 10
-7.49835489223402
 20
32.4937107081985
 10
-7.49824848445832
 20
32.4937094381731
 10
-7.49826197174961
 20
32.4928978182119
 10
-7.49815556493539
 20
32.4928965481361
 10
-7.49817654557378
 20
32.4916340280396
 10
-7.49807014025138
 20
32.4916327579353
 10
-7.49809561678038
 20
32.4900996975356
 10
-7.49798921326792
 20
32.4900984274159
 10
-7.49799820515859
 20
32.4895573472076
 10
-7.49789180228923
 20
32.4895560770243
 10
-7.4978962984624
 20
32.4892855369151
 10
-7.49778989591793
 20
32.4892842666551
 10
-7.49779589114602
 20
32.4889235465079
 10
-7.49768948903251
 20
32.4889222761756
 10
-7.49769998116636
 20
32.4882910158966
 10
-7.49759357980197
 20
32.488289745505
 10
-7.49761906113568
 20
32.4867566846256
 10
-7.49751266158094
 20
32.4867554142188
 10
-7.49751715840419
 20
32.4864848740361
 10
-7.4974107591743
 20
32.4864836035525
 10
-7.49741975327632
 20
32.4859425231769
 10
-7.49731335468942
 20
32.4859412526297
 10
-7.49731785196818
 20
32.4856707124368
 10
-7.49721145370612
 20
32.4856694418129
 10
-7.49721745040824
 20
32.4853087215542
 10
-7.49711105257705
 20
32.485307450858
 10
-7.49711555035146
 20
32.4850369106629
 10
-7.49700915284509
 20
32.48503563989
 10
-7.49702564533539
 20
32.4840436591186
 10
-7.49723843802193
 20
32.4840462004779
 10
-7.49726392121705
 20
32.4825131388139
 10
-7.497157526673
 20
32.4825118682538
 10
-7.49716352286181
 20
32.4821511478229
 10
-7.49695073464203
 20
32.4821486064681
 10
-7.49695223388455
 20
32.4820584263657
 10
-7.49578190032096
 20
32.4820444425358
 10
-7.49578490111848
 20
32.4818640824237
 10
-7.4951465389706
 20
32.4818564503487
 10
-7.49514954101362
 20
32.4816760902839
 10
-7.49504314755782
 20
32.4816748179655
 10
-7.49504014530274
 20
32.4818551780216
 10
-7.49440178343647
 20
32.4818475421713
 10
-7.49439877988227
 20
32.4820279021691
 10
-7.49418599222307
 20
32.4820253561489
 10
-7.49418899620137
 20
32.4818449961687
 10
-7.49408260259388
 20
32.4818437230327
 10
-7.49408861089409
 20
32.4814830030735
 10
-7.49398221771741
 20
32.4814817298652
 10
-7.49398672419018
 20
32.4812111898948
 10
-7.49388033133827
 20
32.4812099166097
 10
-7.49388333583195
 20
32.4810295566315
 10
-7.4937769431988
 20
32.4810282832654
 10
-7.49377994787768
 20
32.4808479232905
 10
-7.49356716305559
 20
32.4808453763062
 10
-7.49356866559701
 20
32.4807551963255
 10
-7.49335588101381
 20
32.4807526489904
 10
-7.49336489739355
 20
32.4802115691308
 10
-7.49315211410942
 20
32.4802090214891
 10
-7.49316714299229
 20
32.4793072217026
 10
-7.49306075242044
 20
32.4793059477909
 10
-7.49306375832848
 20
32.4791255878261
 10
-7.49295736797536
 20
32.4791243138334
 10
-7.49296488315803
 20
32.4786734139198
 10
-7.49285849334167
 20
32.4786721398591
 10
-7.49286450579099
 20
32.4783114199215
 10
-7.49297089518331
 20
32.4783126939645
 10
-7.49297239817285
 20
32.4782225139723
 10
-7.49286600888653
 20
32.4782212399337
 10
-7.49287202120157
 20
32.4778605199689
 10
-7.49276563234598
 20
32.477859245858
 10
-7.49277314811873
 20
32.4774083458935
 10
-7.4928795364443
 20
32.4774096199824
 10
-7.49288705151918
 20
32.476958719962
 10
-7.49299343932146
 20
32.476959993939
 10
-7.49299945083653
 20
32.4765992738806
 10
-7.49310583822153
 20
32.4766005477501
 10
-7.49311936278376
 20
32.4757889275
 10
-7.49333213566598
 20
32.4757914748902
 10
-7.49332612566451
 20
32.4761521950501
 10
-7.49353889942153
 20
32.4761547421161
 10
-7.49353589480451
 20
32.4763351022055
 10
-7.49364228190508
 20
32.4763363756125
 10
-7.4936407796925
 20
32.4764265556596
 10
-7.49385355412575
 20
32.4764291022127
 10
-7.49385055010446
 20
32.4766094623204
 10
-7.49395693754314
 20
32.476610735471
 10
-7.493953933707
 20
32.4767910955821
 10
-7.49523058603837
 20
32.4768063664848
 10
-7.49522758471938
 20
32.476986726696
 10
-7.49682340467089
 20
32.4770057972576
 10
-7.49682640280989
 20
32.4768254369146
 10
-7.49693279064824
 20
32.4768267075577
 10
-7.49693878642189
 20
32.4764659868379
 10
-7.49704517384294
 20
32.4764672573735
 10
-7.49704967028488
 20
32.4761967168062
 10
-7.49715605739464
 20
32.4761979872388
 10
-7.49716355080067
 20
32.4757470862443
 10
-7.49726993738715
 20
32.475748356565
 10
-7.4972759315675
 20
32.4753876357275
 10
-7.4973823177367
 20
32.4753889059408
 10
-7.49738980978157
 20
32.4749380048414
 10
-7.49749619542751
 20
32.4749392749429
 10
-7.49750368677511
 20
32.4744883737877
 10
-7.4976100718978
 20
32.4744896437774
 10
-7.49762055876145
 20
32.4738583820725
 10
-7.49772694314894
 20
32.4738596519416
 10
-7.49774641650517
 20
32.472687308542
 10
-7.49764003349545
 20
32.4726860387299
 10
-7.49765501329052
 20
32.4717842360029
 10
-7.49754863134724
 20
32.4717829661448
 10
-7.49756660748973
 20
32.4707008027461
 10
-7.49746022682479
 20
32.4706995328509
 10
-7.49747071320469
 20
32.4700682708089
 10
-7.4973643332882
 20
32.4700670008545
 10
-7.49737032578191
 20
32.4697062796754
 10
-7.49726394629597
 20
32.4697050096488
 10
-7.49727143729235
 20
32.4692541081663
 10
-7.4971650583429
 20
32.4692528380718
 10
-7.49718153911155
 20
32.4682608547395
 10
-7.49707516133432
 20
32.4682595846034
 10
-7.49710063182148
 20
32.4667265192055
 10
-7.4969942558521
 20
32.4667252490542
 10
-7.49699725246474
 20
32.4665448884021
 10
-7.49710362822222
 20
32.4665461585447
 10
-7.49712460227785
 20
32.4652836337674
 10
-7.49723097655883
 20
32.4652849037587
 10
-7.4972414623532
 20
32.4646536412397
 10
-7.49734783589932
 20
32.4646549111104
 10
-7.49736131619975
 20
32.4638432877346
 10
-7.49746768879916
 20
32.463844557476
 10
-7.49747817236108
 20
32.4632132947438
 10
-7.49758454422567
 20
32.4632145643647
 10
-7.49758903676264
 20
32.4629440231602
 10
-7.49769540831613
 20
32.4629452926781
 10
-7.49770139784808
 20
32.4625845710357
 10
-7.49780776898455
 20
32.4625858404462
 10
-7.49781525521936
 20
32.4621349383407
 10
-7.49792162583291
 20
32.4621362076394
 10
-7.49792611717577
 20
32.4618656663467
 10
-7.49803248747824
 20
32.4618669355425
 10
-7.49803847541807
 20
32.4615062137824
 10
-7.49814484530355
 20
32.4615074828708
 10
-7.49814933587045
 20
32.4612369415233
 10
-7.49825570544486
 20
32.4612382105087
 10
-7.49825869891086
 20
32.4610578495948
 10
-7.49836506828012
 20
32.4610591184817
 10
-7.49836806150754
 20
32.4608787575536
 10
-7.49847443067165
 20
32.4608800263419
 10
-7.4984774236605
 20
32.4606996653996
 10
-7.49869016158511
 20
32.4607022026891
 10
-7.49869165785768
 20
32.4606120222072
 10
-7.49879802672409
 20
32.4606132907129
 10
-7.49880101903735
 20
32.4604329297362
 10
-7.49901375636657
 20
32.4604354664605
 10
-7.49901674822944
 20
32.4602551054609
 10
-7.49922948516174
 20
32.4602576418084
 10
-7.49923247657422
 20
32.4600772807858
 10
-7.4994452131096
 20
32.4600798167566
 10
-7.499446708594
 20
32.4599896362345
 10
-7.4995530767658
 20
32.4599909040808
 10
-7.49955606750273
 20
32.4598105430237
 10
-7.49976880344272
 20
32.4598130784293
 10
-7.49977478398914
 20
32.459452356264
 10
-7.49988115154551
 20
32.4594536238146
 10
-7.49988264655951
 20
32.4593634432655
 10
-7.49998901401666
 20
32.4593647107218
 10
-7.49999499358224
 20
32.4590039884943
 10
-7.50010136062243
 20
32.4590052558434
 10
-7.50010584490878
 20
32.4587347141454
 10
-7.50021221163793
 20
32.4587359813914
 10
-7.5002181901693
 20
32.458375259091
 10
-7.50032455648151
 20
32.4583765262297
 10
-7.50032754549533
 20
32.4581961650626
 10
-7.50043391160241
 20
32.4581974321028
 10
-7.50043839475536
 20
32.4579268903288
 10
-7.50054476055141
 20
32.4579281572661
 10
-7.50055073757161
 20
32.4575674348643
 10
-7.50044437219916
 20
32.4575661679445
 10
-7.50044885521192
 20
32.4572956261421
 10
-7.50034249016384
 20
32.4572943591457
 10
-7.50034547901743
 20
32.4571139979461
 10
-7.50023911418781
 20
32.4571127308686
 10
-7.50024957570635
 20
32.4564814666579
 10
-7.50014321162468
 20
32.4564801995213
 10
-7.50014769535016
 20
32.4562096577095
 10
-7.50004133159285
 20
32.4562083904962
 10
-7.50004432092156
 20
32.4560280292904
 10
-7.49993795738271
 20
32.4560267619961
 10
-7.49994393638358
 20
32.4556660395856
 10
-7.49983757327496
 20
32.4556647722191
 10
-7.49983906811438
 20
32.4555745916174
 10
-7.49973270511833
 20
32.4555733241655
 10
-7.4997356949889
 20
32.4553929629669
 10
-7.4996293322113
 20
32.4553916954339
 10
-7.49963232226693
 20
32.4552113342387
 10
-7.49952595970779
 20
32.4552100666247
 10
-7.49952894994848
 20
32.4550297054328
 10
-7.49942258760779
 20
32.4550284377377
 10
-7.499424082824
 20
32.4549382571441
 10
-7.49931772059587
 20
32.4549369893637
 10
-7.49932071122002
 20
32.4547566281812
 10
-7.49921434921034
 20
32.4547553603197
 10
-7.49921734001954
 20
32.4545749991406
 10
-7.49911097822831
 20
32.4545737311981
 10
-7.49911546470966
 20
32.4543031894324
 10
-7.49922182618324
 20
32.4543044573618
 10
-7.49922481692564
 20
32.4541240961691
 10
-7.49933117819414
 20
32.4541253639999
 10
-7.49934164484095
 20
32.4534940997522
 10
-7.49944800537497
 20
32.4534953674626
 10
-7.49945099557362
 20
32.453315006228
 10
-7.49955735590257
 20
32.4533162738398
 10
-7.49956034586274
 20
32.4531359125911
 10
-7.49966670598662
 20
32.4531371801043
 10
-7.49966820085081
 20
32.4530469994735
 10
-7.49988092090685
 20
32.4530495342219
 10
-7.49988391019171
 20
32.4528691729387
 10
-7.49999027001799
 20
32.4528704401695
 10
-7.49999325906439
 20
32.4526900788721
 10
-7.50020597831349
 20
32.4526926130467
 10
-7.5002089669097
 20
32.4525122517264
 10
-7.50052804519818
 20
32.4525160522887
 10
-7.50052505723721
 20
32.4526964136353
 10
-7.50073777655306
 20
32.452698946912
 10
-7.50073478898889
 20
32.4528793082707
 10
-7.50179838808594
 20
32.4528919693548
 10
-7.50179540261259
 20
32.4530723307956
 10
-7.50190176277073
 20
32.4530735964189
 10
-7.50190027012993
 20
32.4531637771416
 10
-7.50200663040061
 20
32.4531650426796
 10
-7.50200066019422
 20
32.4535257655745
 10
-7.50210702089509
 20
32.4535270310401
 10
-7.50210254348792
 20
32.4537975732102
 10
-7.50231526554492
 20
32.4538001038983
 10
-7.50231228099699
 20
32.4539804653557
 10
-7.50241864224725
 20
32.4539817305738
 10
-7.50241565788443
 20
32.4541620920346
 10
-7.50262838082847
 20
32.454164622219
 10
-7.5026253968625
 20
32.4543449836918
 10
-7.50273175855628
 20
32.4543462486581
 10
-7.50273026666919
 20
32.4544364293968
 10
-7.50283662847552
 20
32.4544376942777
 10
-7.5028336448931
 20
32.4546180557599
 10
-7.50304636894928
 20
32.4546205852696
 10
-7.50304338576374
 20
32.4548009467639
 10
-7.5031497480136
 20
32.4548022113928
 10
-7.50314676501318
 20
32.4549825728904
 10
-7.50357221492633
 20
32.4549876305432
 10
-7.50357519707966
 20
32.4548072690106
 10
-7.50368155936283
 20
32.4548085331906
 10
-7.5036919959485
 20
32.4541772677533
 10
-7.50358563440652
 20
32.454176003604
 10
-7.50359159844676
 20
32.4538152804846
 10
-7.50348523733496
 20
32.453814016263
 10
-7.50348672843424
 20
32.4537238354841
 10
-7.50338036743499
 20
32.453722571177
 10
-7.50338334982534
 20
32.453542209624
 10
-7.5032769890445
 20
32.4535409452358
 10
-7.50328295416877
 20
32.4531802221311
 10
-7.5031765938181
 20
32.4531789576706
 10
-7.50317808518839
 20
32.4530887768954
 10
-7.50307172495026
 20
32.4530875123495
 10
-7.5030747078826
 20
32.4529071508038
 10
-7.50296834786289
 20
32.4529058861769
 10
-7.50297133098033
 20
32.4527255246344
 10
-7.50286497117903
 20
32.4527242599265
 10
-7.50286795448156
 20
32.4525438983874
 10
-7.50276159489868
 20
32.4525426335984
 10
-7.50276308664582
 20
32.4524524528312
 10
-7.50265672717547
 20
32.4524511879567
 10
-7.50265971086151
 20
32.452270826427
 10
-7.50255335160957
 20
32.4522695614716
 10
-7.50256081123739
 20
32.4518186576454
 10
-7.50266716995998
 20
32.451819922579
 10
-7.50267015355272
 20
32.4516395610303
 10
-7.50277651207023
 20
32.4516408258653
 10
-7.50278247875227
 20
32.4512801027342
 10
-7.50288883685298
 20
32.451281367462
 10
-7.50289032840096
 20
32.4511911866715
 10
-7.50299668640246
 20
32.4511924513051
 10
-7.50299966926671
 20
32.4510120897112
 10
-7.50310602706315
 20
32.4510133542463
 10
-7.50310900968901
 20
32.4508329926383
 10
-7.50321536728038
 20
32.4508342570749
 10
-7.50321834966786
 20
32.4506538954527
 10
-7.50332470705417
 20
32.4506551597907
 10
-7.50332619813206
 20
32.4505649789732
 10
-7.50353891271292
 20
32.4505675073713
 10
-7.50354189442526
 20
32.4503871457147
 10
-7.50375460860932
 20
32.4503896737362
 10
-7.50375758987157
 20
32.4502093120567
 10
-7.5043957313132
 20
32.450216893914
 10
-7.50439871127849
 20
32.4500365321767
 10
-7.50493049493762
 20
32.4500428478785
 10
-7.50492751603095
 20
32.4502232096594
 10
-7.50524658694145
 20
32.4502269980294
 10
-7.50524360864333
 20
32.4504073598311
 10
-7.50545632304037
 20
32.4504098849797
 10
-7.50545334513909
 20
32.4505902467934
 10
-7.50566605998619
 20
32.4505927716003
 10
-7.5056645712373
 20
32.4506829525139
 10
-7.50598364387543
 20
32.4506867390639
 10
-7.50598066699289
 20
32.4508671009132
 10
-7.50608702476396
 20
32.4508683629257
 10
-7.50608404806655
 20
32.4510487247783
 10
-7.506190406056
 20
32.4510499867098
 10
-7.50618296472544
 20
32.4515008913394
 10
-7.50628932325088
 20
32.4515021532029
 10
-7.50625211675163
 20
32.4537566759522
 10
-7.50635847793058
 20
32.453757937835
 10
-7.50634806010731
 20
32.4543892040836
 10
-7.50645442203407
 20
32.4543904659071
 10
-7.50644995747059
 20
32.4546610085779
 10
-7.50655631972166
 20
32.4546622703247
 10
-7.50655036730082
 20
32.4550229938842
 10
-7.50665672998208
 20
32.4550242555586
 10
-7.50665524196614
 20
32.4551144364495
 10
-7.50676160475993
 20
32.4551156980385
 10
-7.50675862891988
 20
32.4552960598249
 10
-7.50697135495096
 20
32.4552985827509
 10
-7.50696837950788
 20
32.4554789445493
 10
-7.5071811059891
 20
32.4554814671337
 10
-7.507178130943
 20
32.4556618289441
 10
-7.50749722135
 20
32.4556656121732
 10
-7.50749573413466
 20
32.4557557930895
 10
-7.50813391576339
 20
32.4557633571494
 10
-7.50813540234339
 20
32.455673176207
 10
-7.50856085647181
 20
32.4556782171002
 10
-7.50856382876477
 20
32.4554978551764
 10
-7.50888291879546
 20
32.4555016348773
 10
-7.50888589042653
 20
32.4553212729221
 10
-7.50909861672328
 20
32.4553237922563
 10
-7.50910158790425
 20
32.4551434302782
 10
-7.5092079508508
 20
32.4551446898019
 10
-7.50920943632544
 20
32.4550545088064
 10
-7.50942216202668
 20
32.4550570275757
 10
-7.5094251325325
 20
32.4548766655634
 10
-7.50963785783674
 20
32.454879183956
 10
-7.50964082789247
 20
32.4546988219209
 10
-7.5098535527997
 20
32.454701339937
 10
-7.50985652240536
 20
32.454520977879
 10
-7.51006924691557
 20
32.4545234955185
 10
-7.51007073149668
 20
32.4544333144788
 10
-7.51028345582165
 20
32.4544358317504
 10
-7.51028642454044
 20
32.4542554696495
 10
-7.51060551044233
 20
32.4542592448574
 10
-7.51060847849929
 20
32.454078882725
 10
-7.5108212020435
 20
32.4540813990639
 10
-7.51082416965042
 20
32.4539010369086
 10
-7.51103689279761
 20
32.4539035528709
 10
-7.51103837637936
 20
32.4538133717826
 10
-7.5112510993413
 20
32.4538158873771
 10
-7.5112540660614
 20
32.4536355251789
 10
-7.51146678862632
 20
32.4536380403968
 10
-7.51146975489639
 20
32.4534576781759
 10
-7.51157611597703
 20
32.4534589356414
 10
-7.51157908200884
 20
32.4532785734064
 10
-7.51179180376647
 20
32.4532810880508
 10
-7.51179328656068
 20
32.4531909069225
 10
-7.51232509054129
 20
32.4531971919404
 10
-7.51232805505106
 20
32.4530168296364
 10
-7.5124344156553
 20
32.4530180863619
 10
-7.51243737992682
 20
32.4528377240438
 10
-7.51254374032592
 20
32.4528389806709
 10
-7.51254670435921
 20
32.4526586183386
 10
-7.5129721451748
 20
32.4526636439142
 10
-7.51297362675802
 20
32.4525734627287
 10
-7.51329270712158
 20
32.4525772309546
 10
-7.5132956696329
 20
32.4523968685534
 10
-7.51350838948487
 20
32.4523993802377
 10
-7.51351135154622
 20
32.4522190178137
 10
-7.51361771127038
 20
32.4522202735125
 10
-7.51362067309352
 20
32.4520399110745
 10
-7.51383339213819
 20
32.4520424221853
 10
-7.51383783418805
 20
32.451771878492
 10
-7.51394419340269
 20
32.4517731338998
 10
-7.51395011561975
 20
32.4514124089391
 10
-7.51405647441753
 20
32.4514136642397
 10
-7.51405795484939
 20
32.4513234829918
 10
-7.51416431354791
 20
32.4513247381982
 10
-7.51416727418005
 20
32.4511443756897
 10
-7.51427363267345
 20
32.4511456307977
 10
-7.5142765930674
 20
32.4509652682751
 10
-7.51438295135567
 20
32.4509665232847
 10
-7.51438591151144
 20
32.450786160748
 10
-7.51459862768436
 20
32.4507886704803
 10
-7.51460010754059
 20
32.4506984892013
 10
-7.51481282352822
 20
32.4507009985658
 10
-7.5148157827974
 20
32.4505206359863
 10
-7.51513485619322
 20
32.4505243993338
 10
-7.51513781480077
 20
32.4503440367228
 10
-7.51545688762088
 20
32.4503477992362
 10
-7.51545984556682
 20
32.4501674365939
 10
-7.51567256038981
 20
32.4501699444699
 10
-7.51567403914114
 20
32.450079763138
 10
-7.51641854048863
 20
32.4500885378457
 10
-7.51641706247834
 20
32.450178719208
 10
-7.51833149790557
 20
32.4502012626196
 10
-7.51832854567629
 20
32.4503816254958
 10
-7.51896669256401
 20
32.4503891335541
 10
-7.5189696435229
 20
32.4502087706259
 10
-7.5193950740663
 20
32.4502137741679
 10
-7.51939654911241
 20
32.4501235926845
 10
-7.51960926421192
 20
32.4501260939081
 10
-7.51961516348354
 20
32.4497653679263
 10
-7.51972152061973
 20
32.4497666183862
 10
-7.51972447000429
 20
32.4495862553786
 10
-7.51983082693534
 20
32.44958750574
 10
-7.51983525064519
 20
32.4493169612054
 10
-7.51994160726525
 20
32.4493182114641
 10
-7.51994455616049
 20
32.4491378484257
 10
-7.52005091257542
 20
32.4491390985859
 10
-7.52005828416896
 20
32.4486881909445
 10
-7.51995192828332
 20
32.4486869408058
 10
-7.51995487708635
 20
32.4485065777484
 10
-7.51984852141901
 20
32.4485053275286
 10
-7.51985294489171
 20
32.4482347829453
 10
-7.51995930024149
 20
32.4482360331521
 10
-7.51996224897864
 20
32.4480556700812
 10
-7.5200686041233
 20
32.4480569201896
 10
-7.52007155262241
 20
32.4478765571046
 10
-7.52017790756194
 20
32.4478778071146
 10
-7.52017938169577
 20
32.4477876255658
 10
-7.52028573653604
 20
32.4477888754817
 10
-7.52028868457222
 20
32.4476085123713
 10
-7.52039503920738
 20
32.4476097621888
 10
-7.52039798700552
 20
32.4474293990643
 10
-7.52050434143556
 20
32.4474306487834
 10
-7.52050728899567
 20
32.4472502856449
 10
-7.52061364322059
 20
32.4472515352655
 10
-7.52061511688492
 20
32.4471613536899
 10
-7.52082782514282
 20
32.4471638526533
 10
-7.52083077202833
 20
32.4469834894808
 10
-7.52125618777634
 20
32.4469884862957
 10
-7.52125913378875
 20
32.4468081230832
 10
-7.52157819503377
 20
32.4468118697259
 10
-7.52157524965644
 20
32.4469922329643
 10
-7.52168160362964
 20
32.4469934816743
 10
-7.52167865843769
 20
32.4471738449159
 10
-7.52178501262916
 20
32.4471750935448
 10
-7.52178059510945
 20
32.4474456384101
 10
-7.52188694962504
 20
32.4474468869621
 10
-7.52188400479071
 20
32.4476272502075
 10
-7.52177765006342
 20
32.4476260016468
 10
-7.52175703400439
 20
32.4488885441524
 10
-7.52165067780171
 20
32.4488872954415
 10
-7.52163889577074
 20
32.4496087481483
 10
-7.5217452528203
 20
32.4496099968937
 10
-7.52173936207035
 20
32.4499707232319
 10
-7.52184571954994
 20
32.4499719719048
 10
-7.5218383564938
 20
32.4504228798187
 10
-7.52194471450929
 20
32.4504241284234
 10
-7.52193882436943
 20
32.4507848547474
 10
-7.52204518281496
 20
32.4507861032796
 10
-7.52204371036941
 20
32.4508762848615
 10
-7.52215006892739
 20
32.4508775333083
 10
-7.52214712422831
 20
32.4510578964767
 10
-7.5222534830046
 20
32.4510591448423
 10
-7.52224759395098
 20
32.4514198711802
 10
-7.52235395315733
 20
32.4514211194733
 10
-7.52235248098336
 20
32.4515113010587
 10
-7.52245884030215
 20
32.4515125492663
 10
-7.52245589614621
 20
32.4516929124417
 10
-7.52256225568333
 20
32.4516941605681
 10
-7.52255636771603
 20
32.4520548869199
 10
-7.52287544763733
 20
32.4520586308123
 10
-7.52287397594669
 20
32.4521488124098
 10
-7.52298033603948
 20
32.4521500601986
 10
-7.52297739285022
 20
32.4523304233982
 10
-7.52308375316134
 20
32.4523316711059
 10
-7.52308081015754
 20
32.4525120343088
 10
-7.52329353122299
 20
32.452514529472
 10
-7.52329058861641
 20
32.4526948926867
 10
-7.52350331013167
 20
32.452697387508
 10
-7.52350183903027
 20
32.4527875691219
 10
-7.52360819990364
 20
32.4527888164022
 10
-7.52360967089916
 20
32.452698634784
 10
-7.52392875324105
 20
32.4527023760732
 10
-7.52392728256316
 20
32.4527925577044
 10
-7.52424636528182
 20
32.4527962981985
 10
-7.52423754298239
 20
32.4533373880347
 10
-7.52338665078182
 20
32.4533274113811
 10
-7.52338959326866
 20
32.4531470481768
 10
-7.52296414817314
 20
32.4531420577295
 10
-7.52296120483925
 20
32.4533224208993
 10
-7.52285484337005
 20
32.4533211730544
 10
-7.52285042800226
 20
32.4535917177861
 10
-7.52274406622198
 20
32.4535904698384
 10
-7.52273081881059
 20
32.4544021039216
 10
-7.52283718154383
 20
32.4544033519081
 10
-7.52283276593933
 20
32.454673896591
 10
-7.52293912899681
 20
32.4546751445007
 10
-7.52293324185564
 20
32.4550358707429
 10
-7.52303960534325
 20
32.45503711858
 10
-7.523036661945
 20
32.4552174817017
 10
-7.52314302565097
 20
32.4552187294576
 10
-7.52314155404787
 20
32.4553089110207
 10
-7.5232479178663
 20
32.4553101586911
 10
-7.52324497485218
 20
32.4554905218219
 10
-7.52335133888896
 20
32.4554917694112
 10
-7.52334839606032
 20
32.4556721325452
 10
-7.52356112457719
 20
32.4556746274716
 10
-7.52355818214584
 20
32.4558549906174
 10
-7.52366454662592
 20
32.4558562379545
 10
-7.52366307550628
 20
32.4559464195297
 10
-7.52376944009882
 20
32.4559476667813
 10
-7.52376649805162
 20
32.4561280299363
 10
-7.52387286286253
 20
32.4561292771067
 10
-7.52386697911284
 20
32.4564900034177
 10
-7.52397334435391
 20
32.4564912505155
 10
-7.52397187350596
 20
32.4565814320942
 10
-7.5240782388595
 20
32.4565826791066
 10
-7.52407235582559
 20
32.456943405425
 10
-7.5241787216093
 20
32.4569446523648
 10
-7.52417578026472
 20
32.4571250155245
 10
-7.5242821462668
 20
32.4571262623831
 10
-7.52428067569056
 20
32.4572164439653
 10
-7.52438704180511
 20
32.4572176907384
 10
-7.52438410084472
 20
32.4573980539072
 10
-7.52449046717764
 20
32.4573993005992
 10
-7.52448458560166
 20
32.4577600269378
 10
-7.52459095236476
 20
32.4577612735572
 10
-7.52458948206025
 20
32.4578514551428
 10
-7.52469584893583
 20
32.4578527016767
 10
-7.52468996807572
 20
32.4582134280227
 10
-7.52479633538149
 20
32.458214674484
 10
-7.52478604436479
 20
32.4588459455677
 10
-7.52489241241849
 20
32.4588471919693
 10
-7.52488506202481
 20
32.4592980998672
 10
-7.52499143061464
 20
32.4592993462006
 10
-7.52498555060513
 20
32.4596600725118
 10
-7.52509191962518
 20
32.4596613187726
 10
-7.52509044971231
 20
32.4597515003513
 10
-7.5254095571296
 20
32.4597552386078
 10
-7.52540661791964
 20
32.459935601787
 10
-7.52615120360591
 20
32.4599443213022
 10
-7.52615414133305
 20
32.4597639580627
 10
-7.52647324894725
 20
32.4597676936248
 10
-7.52647471748323
 20
32.4596775119901
 10
-7.52658108659517
 20
32.4596787569935
 10
-7.52658402343562
 20
32.4594983937115
 10
-7.52669039234229
 20
32.4594996386164
 10
-7.52669773379905
 20
32.4590487303662
 10
-7.52680410218271
 20
32.4590499751598
 10
-7.52681291107891
 20
32.458508885189
 10
-7.52670654333071
 20
32.4585076404212
 10
-7.52670801156303
 20
32.4584174587589
 10
-7.52681437920532
 20
32.4584187035225
 10
-7.52682465590656
 20
32.4577874318189
 10
-7.52671828900562
 20
32.4577861870854
 10
-7.52672122535876
 20
32.457605823738
 10
-7.52661485867619
 20
32.4576045789233
 10
-7.52662219997377
 20
32.4571536705525
 10
-7.52651583382727
 20
32.4571524256696
 10
-7.52652170717089
 20
32.4567916989658
 10
-7.52641534145455
 20
32.4567904540103
 10
-7.52641974671108
 20
32.4565199089812
 10
-7.526313381319
 20
32.4565186639488
 10
-7.52632219229033
 20
32.4559775738798
 10
-7.5262158275402
 20
32.4559763287834
 10
-7.52622023325499
 20
32.4557057837436
 10
-7.5261138688291
 20
32.4557045385703
 10
-7.52611680615128
 20
32.4555241752123
 10
-7.52601044194374
 20
32.4555229299578
 10
-7.52601337945146
 20
32.455342566603
 10
-7.52580065147963
 20
32.4553400758419
 10
-7.52580212043544
 20
32.455249894171
 10
-7.52569575656526
 20
32.4552486486601
 10
-7.52569869466896
 20
32.4550682853229
 10
-7.52559233101713
 20
32.4550670397308
 10
-7.52559526930636
 20
32.4548866763969
 10
-7.52538254244595
 20
32.4548841849604
 10
-7.52538548113248
 20
32.4547038216383
 10
-7.5252791179239
 20
32.454702575794
 10
-7.52528058736321
 20
32.4546123941352
 10
-7.52517422426709
 20
32.4546111482054
 10
-7.52517716333779
 20
32.4544307848924
 10
-7.52507080046
 20
32.4544295388815
 10
-7.52507373971622
 20
32.4542491755717
 10
-7.52496737705677
 20
32.4542479294795
 10
-7.5249703164985
 20
32.4540675661729
 10
-7.52486395405739
 20
32.4540663199996
 10
-7.52486542387429
 20
32.4539761383486
 10
-7.52475906154563
 20
32.4539748920897
 10
-7.5247620013715
 20
32.4537945287923
 10
-7.52486836348839
 20
32.4537957750425
 10
-7.52487130307622
 20
32.453615411731
 10
-7.52497766498791
 20
32.4536166578828
 10
-7.52498060433772
 20
32.4534362945572
 10
-7.52529968947688
 20
32.453440032448
 10
-7.52530115882429
 20
32.4533498507703
 10
-7.52540752044458
 20
32.45335109655
 10
-7.52541045890795
 20
32.4531707331819
 10
-7.52668679632222
 20
32.4531856754313
 10
-7.52668386040001
 20
32.4533660389027
 10
-7.5267902221056
 20
32.4533672835151
 10
-7.52678581849075
 20
32.453637828725
 10
-7.5269985425569
 20
32.4536403177063
 10
-7.52699560720442
 20
32.45382068119
 10
-7.5271019694591
 20
32.4538219255545
 10
-7.52709903429216
 20
32.4540022890414
 10
-7.52731175924472
 20
32.4540047775183
 10
-7.52731029186319
 20
32.4540949592683
 10
-7.52784210488874
 20
32.4541011789107
 10
-7.52784357174084
 20
32.4540109971391
 10
-7.52805629678516
 20
32.4540134843589
 10
-7.52806216328097
 20
32.4536527572249
 10
-7.52816852538942
 20
32.4536540006829
 10
-7.52817292487483
 20
32.4533834553053
 10
-7.52827928667218
 20
32.4533846986606
 10
-7.52828221941793
 20
32.4532043350602
 10
-7.52860130421399
 20
32.4532080645616
 10
-7.52859397388873
 20
32.453658973617
 10
-7.52880669817768
 20
32.4536614595452
 10
-7.5288096299039
 20
32.45348109591
 10
-7.52902235379551
 20
32.4534835814619
 10
-7.52902381943704
 20
32.4533933996336
 10
-7.52923654314307
 20
32.4533958848178
 10
-7.52923507771332
 20
32.4534860666546
 10
-7.52934143968204
 20
32.4534873091163
 10
-7.52933850901466
 20
32.4536676727945
 10
-7.52944487120169
 20
32.453668915175
 10
-7.5294375449481
 20
32.4541198243684
 10
-7.52954390767111
 20
32.4541210666805
 10
-7.52953804697396
 20
32.4544817940281
 10
-7.52964441012706
 20
32.4544830362676
 10
-7.5296370846378
 20
32.4549339454431
 10
-7.5297434483269
 20
32.4549351876143
 10
-7.52973026298692
 20
32.4557468240836
 10
-7.5298366276356
 20
32.4557480662036
 10
-7.52983223272215
 20
32.456018611682
 10
-7.52993859769506
 20
32.4560198537251
 10
-7.52993273814243
 20
32.4563805810277
 10
-7.53003910354548
 20
32.4563818229982
 10
-7.53003470912999
 20
32.4566523684739
 10
-7.53014107485728
 20
32.4566536103675
 10
-7.53013228648503
 20
32.4571947013081
 10
-7.53023865285427
 20
32.4571959431376
 10
-7.53021668248162
 20
32.4585486703404
 10
-7.53032305044601
 20
32.4585499121445
 10
-7.53031426252019
 20
32.4590910029662
 10
-7.52978241958638
 20
32.4590847929188
 10
-7.52978095437961
 20
32.4591749746962
 10
-7.52967458570657
 20
32.459173732413
 10
-7.52966579369301
 20
32.4597148230233
 10
-7.52977216300154
 20
32.4597160653323
 10
-7.52976776722413
 20
32.4599866106321
 10
-7.52987413685696
 20
32.4599878528642
 10
-7.5298712065178
 20
32.4601682163992
 10
-7.529977576369
 20
32.46016945855
 10
-7.5299746462155
 20
32.4603498220882
 10
-7.53008101628509
 20
32.4603510641578
 10
-7.53007955130444
 20
32.4604412459291
 10
-7.53018592148649
 20
32.4604424879132
 10
-7.5301829917174
 20
32.4606228514605
 10
-7.53028936211784
 20
32.4606240933633
 10
-7.53028643253441
 20
32.4608044569137
 10
-7.53039280315324
 20
32.4608056987353
 10
-7.53038987375548
 20
32.4609860622889
 10
-7.53049624459269
 20
32.4609873040293
 10
-7.53049477998992
 20
32.4610774858084
 10
-7.53070752189582
 20
32.4610799690282
 10
-7.53070459309435
 20
32.4612603325995
 10
-7.5312364490328
 20
32.4612665391202
 10
-7.53123937677503
 20
32.461086175506
 10
-7.53166486079612
 20
32.4610911390715
 10
-7.53166632423373
 20
32.4610009572452
 10
-7.53209180793572
 20
32.4610059193565
 10
-7.5320903449218
 20
32.4610961011999
 10
-7.53230308702386
 20
32.4610985817251
 10
-7.53230016140011
 20
32.4612789454251
 10
-7.532512903952
 20
32.4612814256082
 10
-7.53250997872581
 20
32.4614617893198
 10
-7.53261635022341
 20
32.4614630292852
 10
-7.53261342518294
 20
32.461643393
 10
-7.53271979689893
 20
32.4616446328842
 10
-7.53271833447482
 20
32.4617348147439
 10
-7.53282470630326
 20
32.4617360545425
 10
-7.53281593225699
 20
32.4622771456978
 10
-7.53292230472754
 20
32.4622783854323
 10
-7.53291499337232
 20
32.4627292947126
 10
-7.53302136637905
 20
32.4627305343787
 10
-7.5330184420031
 20
32.4629108980899
 10
-7.53312481522824
 20
32.4629121376748
 10
-7.5331233531364
 20
32.4630023195326
 10
-7.53333609981813
 20
32.4630047984414
 10
-7.5333331760386
 20
32.4631851621702
 10
-7.53343954960113
 20
32.4631864014985
 10
-7.53343224056769
 20
32.4636373108183
 10
-7.53290037017195
 20
32.4636311131718
 10
-7.53290183252138
 20
32.4635409313319
 10
-7.53236996281864
 20
32.4635347314612
 10
-7.53236849993952
 20
32.4636249132796
 10
-7.53226212591263
 20
32.4636236730316
 10
-7.53225919992292
 20
32.4638040366558
 10
-7.5321528256907
 20
32.4638027963095
 10
-7.53214697320909
 20
32.4641635235245
 10
-7.53204059855964
 20
32.4641622830712
 10
-7.53202889243515
 20
32.4648837374019
 10
-7.53192251694471
 20
32.4648824968245
 10
-7.53191666330181
 20
32.4652432239403
 10
-7.53202303921602
 20
32.4652444645349
 10
-7.53200840571062
 20
32.4661462822725
 10
-7.53211478269085
 20
32.4661475228201
 10
-7.53210892952946
 20
32.4665082498945
 10
-7.53221530694003
 20
32.4665094903694
 10
-7.53221238053202
 20
32.4666898539071
 10
-7.53231875816103
 20
32.4666910943007
 10
-7.53231729505317
 20
32.4667812760718
 10
-7.53242367279468
 20
32.4667825163799
 10
-7.53242513579658
 20
32.4666923346046
 10
-7.53253151343867
 20
32.4666935748186
 10
-7.53254175352735
 20
32.4660623023232
 10
-7.53264813043431
 20
32.4660635424173
 10
-7.53265398134599
 20
32.4657028152302
 10
-7.53276035783569
 20
32.4657040552174
 10
-7.53276328304044
 20
32.4655236916071
 10
-7.53286965932477
 20
32.4655249314959
 10
-7.5328711218114
 20
32.4654347496845
 10
-7.53297749799632
 20
32.4654359894791
 10
-7.53298042273808
 20
32.4652556258436
 10
-7.53308679871764
 20
32.4652568655399
 10
-7.53308972322137
 20
32.4650765018904
 10
-7.53330247477632
 20
32.4650789809963
 10
-7.53330539883015
 20
32.4648986173242
 10
-7.53351814998743
 20
32.4649010960536
 10
-7.53351961179266
 20
32.464810914207
 10
-7.53362598727516
 20
32.4648121534327
 10
-7.53361575524303
 20
32.4654434263605
 10
-7.53350937901892
 20
32.4654421871049
 10
-7.5335049934465
 20
32.4657127326122
 10
-7.53339861691108
 20
32.4657114932539
 10
-7.53338253481058
 20
32.4667034932964
 10
-7.53348891251146
 20
32.4667047327018
 10
-7.53348452666476
 20
32.4669752781524
 10
-7.53359090469004
 20
32.4669765174808
 10
-7.53358798097149
 20
32.4671568811164
 10
-7.53369435921521
 20
32.4671581203635
 10
-7.53368997390629
 20
32.4674286658195
 10
-7.53379635247441
 20
32.4674299049897
 10
-7.53379342911439
 20
32.4676102686288
 10
-7.53400618669405
 20
32.4676127467168
 10
-7.53400326373175
 20
32.4677931103677
 10
-7.53432240078594
 20
32.4677968268515
 10
-7.53432532311249
 20
32.467616463175
 10
-7.53443170193169
 20
32.4676177018147
 10
-7.53443900710405
 20
32.4671667925783
 10
-7.53433262881463
 20
32.46716555396
 10
-7.53433847325885
 20
32.4668048265636
 10
-7.53423209539978
 20
32.4668035878726
 10
-7.53423940133798
 20
32.4663526786182
 10
-7.5341330240152
 20
32.4663514398587
 10
-7.53415640361601
 20
32.4649085300858
 10
-7.53426277924362
 20
32.4649097687767
 10
-7.53427446756986
 20
32.4641883137262
 10
-7.53416809278979
 20
32.4641870750695
 10
-7.53417832047417
 20
32.4635558018593
 10
-7.5340719464422
 20
32.4635545631427
 10
-7.53407779111343
 20
32.4631938355814
 10
-7.53397141751172
 20
32.4631925967922
 10
-7.53397580126441
 20
32.4629220511198
 10
-7.53408217454831
 20
32.4629232898962
 10
-7.5340850968056
 20
32.4627429260993
 10
-7.53419146988416
 20
32.4627441647774
 10
-7.53419439190347
 20
32.4625638009665
 10
-7.5343007647767
 20
32.4625650395461
 10
-7.53430368655804
 20
32.4623846757213
 10
-7.53441005922593
 20
32.4623859142026
 10
-7.53441152000088
 20
32.4622957322838
 10
-7.53451789256937
 20
32.462296970671
 10
-7.53452081388783
 20
32.4621166068209
 10
-7.53462718625098
 20
32.4621178451097
 10
-7.53464471234257
 20
32.4610356618444
 10
-7.53453834125055
 20
32.461034423607
 10
-7.53454418349599
 20
32.4606736958257
 10
-7.53465055416433
 20
32.460674934046
 10
-7.53465785629472
 20
32.4602240242676
 10
-7.53476422643998
 20
32.4602252623767
 10
-7.53477006760319
 20
32.4598645345125
 10
-7.53487643733129
 20
32.4598657725146
 10
-7.53488081781745
 20
32.4595952265895
 10
-7.53498718723432
 20
32.459596464489
 10
-7.53499448738456
 20
32.4591455545653
 10
-7.53510085627838
 20
32.4591467923535
 10
-7.53511107547338
 20
32.4585155183736
 10
-7.53521744363234
 20
32.4585167560421
 10
-7.53522766176642
 20
32.457885481966
 10
-7.53533402919053
 20
32.4578867195148
 10
-7.5353398675572
 20
32.4575259914245
 10
-7.53544623456421
 20
32.4575272288663
 10
-7.53545061295304
 20
32.4572566827715
 10
-7.53555697964885
 20
32.4572579201107
 10
-7.53556281698572
 20
32.4568971919483
 10
-7.53566918326444
 20
32.4568984291806
 10
-7.53567210168196
 20
32.4567180650827
 10
-7.5357784677554
 20
32.4567193022166
 10
-7.53577992684848
 20
32.4566291201614
 10
-7.5359926588031
 20
32.4566315941513
 10
-7.5359955765461
 20
32.4564512300196
 10
-7.53610194232139
 20
32.4564524668713
 10
-7.53610485982652
 20
32.4562721027257
 10
-7.53621122539652
 20
32.456273339479
 10
-7.53621414266379
 20
32.4560929753195
 10
-7.53632050802851
 20
32.4560942119745
 10
-7.53632196654648
 20
32.4560040298884
 10
-7.53653469708367
 20
32.4560065029204
 10
-7.53653761367646
 20
32.455826138727
 10
-7.53664397874303
 20
32.4558273750998
 10
-7.53664689509797
 20
32.4556470108925
 10
-7.53675325995927
 20
32.4556482471669
 10
-7.53675617607636
 20
32.4554678829457
 10
-7.53664981142685
 20
32.4554666466798
 10
-7.53667459917034
 20
32.4539335506538
 10
-7.53678096201969
 20
32.453934786847
 10
-7.53679116744924
 20
32.4533035118693
 10
-7.53689752956392
 20
32.4533047479428
 10
-7.53690044513055
 20
32.4531243836427
 10
-7.53679408322764
 20
32.4531231475778
 10
-7.53680428824688
 20
32.4524918725149
 10
-7.53691064940861
 20
32.4524931085499
 10
-7.53692085336758
 20
32.4518618333909
 10
-7.53681449294699
 20
32.4518605973858
 10
-7.53681740851698
 20
32.451680233051
 10
-7.53692376872582
 20
32.4516814690476
 10
-7.53692522639517
 20
32.4515912868739
 10
-7.5368188662922
 20
32.4515900508816
 10
-7.53683198597618
 20
32.4507784112961
 10
-7.53672562683258
 20
32.4507771752524
 10
-7.53672854245801
 20
32.4505968108938
 10
-7.53662218353266
 20
32.4505955747689
 10
-7.53662655723957
 20
32.4503250282336
 10
-7.53673291584731
 20
32.4503262643457
 10
-7.53673583140762
 20
32.4501458999735
 10
-7.53684218981014
 20
32.4501471359872
 10
-7.53684510513266
 20
32.4499667716011
 10
-7.53705782153376
 20
32.4499692433421
 10
-7.53706073640677
 20
32.4497888789334
 10
-7.53716709440536
 20
32.4497901146607
 10
-7.53717583823295
 20
32.4492490213768
 10
-7.53728219560286
 20
32.4492502569887
 10
-7.53730113838244
 20
32.4480778879843
 10
-7.53740749438269
 20
32.4480791234509
 10
-7.53740166637573
 20
32.4484398524167
 10
-7.53750802280592
 20
32.4484410878106
 10
-7.53750073818007
 20
32.4488919990088
 10
-7.53760709514606
 20
32.4488932343343
 10
-7.53760126775167
 20
32.4492539632856
 10
-7.53770762514762
 20
32.4492551985384
 10
-7.53770616838861
 20
32.4493453807771
 10
-7.53781252589693
 20
32.4493466159443
 10
-7.53780961257112
 20
32.4495269804263
 10
-7.53802232803075
 20
32.4495294505085
 10
-7.53801941510236
 20
32.4497098150021
 10
-7.53876392089808
 20
32.4497184575216
 10
-7.53876683234436
 20
32.4495380929682
 10
-7.53887319012946
 20
32.4495393272462
 10
-7.538876101338
 20
32.4493589626789
 10
-7.53898245891788
 20
32.4493601968585
 10
-7.53898391440653
 20
32.4492700145686
 10
-7.53909027188705
 20
32.4492712486542
 10
-7.53909318263312
 20
32.4490908840617
 10
-7.53919953990841
 20
32.449092118049
 10
-7.53920536089908
 20
32.4487313888308
 10
-7.53931171775744
 20
32.4487326227112
 10
-7.53931317288299
 20
32.448642440399
 10
-7.53941952964199
 20
32.4486436741855
 10
-7.53942243966187
 20
32.4484633095485
 10
-7.53952879621565
 20
32.4484645432366
 10
-7.53953170599782
 20
32.4482841785856
 10
-7.53974441870144
 20
32.4482866456755
 10
-7.53974732803418
 20
32.4481062810021
 10
-7.54017275267253
 20
32.4481112140703
 10
-7.54016984418665
 20
32.4482915787778
 10
-7.54038255696824
 20
32.4482940447903
 10
-7.5403796488798
 20
32.4484744095095
 10
-7.54059236211081
 20
32.4484768751799
 10
-7.54058945441983
 20
32.4486572399107
 10
-7.54122759553903
 20
32.4486646348185
 10
-7.54122614231896
 20
32.4487548172075
 10
-7.54133249930074
 20
32.4487560493821
 10
-7.54132959305285
 20
32.4489364141645
 10
-7.54143595025285
 20
32.4489376462579
 10
-7.5414301381026
 20
32.4492983758234
 10
-7.54153649573255
 20
32.4492996078441
 10
-7.54152777794763
 20
32.4498407021773
 10
-7.54163413621925
 20
32.4498419341338
 10
-7.54162106005653
 20
32.4506535755808
 10
-7.54172741928747
 20
32.4506548074858
 10
-7.5417201550548
 20
32.4511057193748
 10
-7.54182651482159
 20
32.4511069512113
 10
-7.54182360929483
 20
32.4512873159659
 10
-7.54203632927136
 20
32.4512897793866
 10
-7.54203342414215
 20
32.4514701441529
 10
-7.54288430600179
 20
32.4514799943122
 10
-7.54288720943701
 20
32.4512996294778
 10
-7.54309992954329
 20
32.4513020911027
 10
-7.54310283252907
 20
32.4511217262459
 10
-7.54320919238019
 20
32.4511229569151
 10
-7.54321354649261
 20
32.450852409607
 10
-7.54331990603259
 20
32.4508536401737
 10
-7.54332280853004
 20
32.4506732752864
 10
-7.54342916786476
 20
32.4506745057548
 10
-7.54342336326742
 20
32.4510352355411
 10
-7.54352972303211
 20
32.4510364659368
 10
-7.54352536983365
 20
32.4513070132751
 10
-7.54373809001773
 20
32.4513094738225
 10
-7.54373518827651
 20
32.451489838725
 10
-7.54384154859002
 20
32.4514910688725
 10
-7.54384445011949
 20
32.4513107039616
 10
-7.54405717034246
 20
32.4513131639703
 10
-7.54406007142251
 20
32.4511327990369
 10
-7.5442727912479
 20
32.4511352586695
 10
-7.54427424156645
 20
32.4510450761923
 10
-7.54448696120602
 20
32.4510475354572
 10
-7.54448551109921
 20
32.4511377179429
 10
-7.54480459092476
 20
32.4511414061797
 10
-7.54480604071394
 20
32.4510512236812
 10
-7.54491240056288
 20
32.4510524529096
 10
-7.5449080514935
 20
32.4513230004137
 10
-7.54480169132695
 20
32.4513217711726
 10
-7.54479154253059
 20
32.4519530486051
 10
-7.54457882073465
 20
32.4519505897939
 10
-7.54457592059674
 20
32.4521309547455
 10
-7.54446955949672
 20
32.4521297251967
 10
-7.54445650760253
 20
32.4529413673736
 10
-7.54435014555607
 20
32.4529401376968
 10
-7.54434869520733
 20
32.4530303201499
 10
-7.54424233306146
 20
32.453029090379
 10
-7.54423943213276
 20
32.4532094552726
 10
-7.54413306978161
 20
32.4532082254034
 10
-7.54413016861522
 20
32.4533885902832
 10
-7.54402380605878
 20
32.4533873603157
 10
-7.5440209046547
 20
32.4535677251815
 10
-7.54391454189297
 20
32.4535664951157
 10
-7.54391309107532
 20
32.4536566775424
 10
-7.5432749140057
 20
32.4536492952365
 10
-7.54327201108031
 20
32.4538296600346
 10
-7.54316564804629
 20
32.4538284293275
 10
-7.5431627448832
 20
32.4540087941118
 10
-7.54295001841106
 20
32.4540063324112
 10
-7.54294711479847
 20
32.454186697173
 10
-7.54273438792872
 20
32.4541842350962
 10
-7.54273293590091
 20
32.4542744174665
 10
-7.54252020884533
 20
32.454271955022
 10
-7.5425173043467
 20
32.4544523197417
 10
-7.54241094061686
 20
32.4544510883762
 10
-7.54240513111818
 20
32.4548118177823
 10
-7.54229876697126
 20
32.45481058631
 10
-7.54229440946144
 20
32.4550811333376
 10
-7.54218804500333
 20
32.4550799017627
 10
-7.54217787651203
 20
32.4557111780834
 10
-7.54228424171141
 20
32.4557124096881
 10
-7.54227843142578
 20
32.4560731390015
 10
-7.54238479705524
 20
32.4560743705334
 10
-7.54238334457351
 20
32.4561645528626
 10
-7.54270244181853
 20
32.4561682469323
 10
-7.54270389398256
 20
32.4560780645903
 10
-7.54355481940749
 20
32.4560879114573
 10
-7.54355772202171
 20
32.4559075467012
 97
0
 92
2
 72
0
 73
1
 93
49
 10
-7.54227697883815
 20
32.4561633213265
 10
-7.54227407364342
 20
32.4563436859724
 10
-7.54206134176856
 20
32.4563412226136
 10
-7.54205843612427
 20
32.4565215872371
 10
-7.54184570385177
 20
32.4565191235021
 10
-7.54184279775791
 20
32.4566994881031
 10
-7.54173643141959
 20
32.4566982560923
 10
-7.54173497825702
 20
32.4567884383866
 10
-7.54162861181929
 20
32.4567872062818
 10
-7.54161989207212
 20
32.4573282999932
 10
-7.54151352500545
 20
32.457327067773
 10
-7.5415091647265
 20
32.4575976145977
 10
-7.54140279734861
 20
32.4575963822749
 10
-7.5413998902517
 20
32.4577767468095
 10
-7.54129352266849
 20
32.4577755143884
 10
-7.54129061533378
 20
32.4579558789089
 10
-7.54118424754525
 20
32.4579546463895
 10
-7.54118279376224
 20
32.4580448286435
 10
-7.54107642587429
 20
32.4580435960301
 10
-7.54106624847004
 20
32.4586748717404
 10
-7.54127898573519
 20
32.4586773369372
 10
-7.54128043945774
 20
32.4585871546884
 10
-7.54138680799414
 20
32.4585883871478
 10
-7.54139262239577
 20
32.4582276581221
 10
-7.54160535864076
 20
32.4582301227374
 10
-7.54160245187658
 20
32.45841048727
 10
-7.54170882022064
 20
32.4584117194515
 10
-7.54170591364231
 20
32.4585920839872
 10
-7.54181228220468
 20
32.4585933160874
 10
-7.54180792260624
 20
32.4588638628936
 10
-7.54191429149284
 20
32.4588650949168
 10
-7.54191138527325
 20
32.459045459456
 10
-7.54201775437817
 20
32.4590466913979
 10
-7.54202501934891
 20
32.4585957800183
 10
-7.54213138793076
 20
32.458597011849
 10
-7.54213719936686
 20
32.458236282704
 10
-7.54224356753155
 20
32.4582375144279
 10
-7.54224647299884
 20
32.4580571498388
 10
-7.54235284095821
 20
32.4580583814643
 10
-7.54235429357621
 20
32.4579681991635
 10
-7.54246066143615
 20
32.457969430695
 10
-7.54246647141963
 20
32.457608701461
 10
-7.54257283886242
 20
32.4576099328857
 10
-7.54258736230786
 20
32.4567081096636
 10
-7.54248099592412
 20
32.4567068782816
 10
-7.54248680554423
 20
32.4563461489719
 10
-7.54238043959058
 20
32.456344917517
 10
-7.54238334457351
 20
32.4561645528626
 10
-7.54227697883815
 20
32.4561633213265
 97
0
 92
2
 72
0
 73
1
 93
13
 10
-7.6071089036266
 20
32.59138446894
 10
-7.60711169408398
 20
32.5912041030752
 10
-7.6068986381872
 20
32.5912017405991
 10
-7.60689584730332
 20
32.5913821064477
 10
-7.60678931915103
 20
32.5913809250661
 10
-7.60678792359312
 20
32.5914711079842
 10
-7.60689445185204
 20
32.5914722893699
 10
-7.60689166093078
 20
32.5916526552103
 10
-7.6071047178938
 20
32.5916550177272
 10
-7.60710750838856
 20
32.5914746518704
 10
-7.60721403666617
 20
32.5914758329853
 10
-7.60721543179758
 20
32.5913856500508
 10
-7.6071089036266
 20
32.59138446894
 97
0
 92
2
 72
0
 73
1
 93
9
 10
-7.61372967868474
 20
32.5765749335651
 10
-7.61373384210077
 20
32.5763043833665
 10
-7.6135208208441
 20
32.5763020330702
 10
-7.61350971657268
 20
32.5770235001745
 10
-7.6137227395341
 20
32.5770258505357
 10
-7.61372412737662
 20
32.5769356671443
 10
-7.61383063876007
 20
32.5769368421855
 10
-7.61383618964201
 20
32.5765761085901
 10
-7.61372967868474
 20
32.5765749335651
 97
0
 92
2
 72
0
 73
1
 93
237
 10
-7.61392360295589
 20
32.5708945516164
 10
-7.61392776488131
 20
32.5706240011509
 10
-7.61403426881374
 20
32.5706251758181
 10
-7.61403704318668
 20
32.5704448088262
 10
-7.61414354691228
 20
32.5704459833952
 10
-7.61414632104742
 20
32.5702656163898
 10
-7.61425282456619
 20
32.5702667908604
 10
-7.61426530690912
 20
32.5694551392329
 10
-7.61415880434895
 20
32.5694539647987
 10
-7.61416296533797
 20
32.5691834142441
 10
-7.61405646310352
 20
32.5691822397319
 10
-7.61406894669471
 20
32.5683705880317
 10
-7.613962445425
 20
32.5683694134657
 10
-7.61396521970125
 20
32.5681890464145
 10
-7.61407172075795
 20
32.5681902209723
 10
-7.61407310778028
 20
32.5681000374406
 10
-7.61428610969926
 20
32.5681023862776
 10
-7.61428888329934
 20
32.567922019194
 10
-7.61450188481708
 20
32.5679243676539
 10
-7.61450465796639
 20
32.5677440005487
 10
-7.61461115852155
 20
32.5677451746353
 10
-7.61461531787957
 20
32.5674746239552
 10
-7.61472181812142
 20
32.5674757979394
 10
-7.61472736341945
 20
32.5671150636642
 10
-7.6148338632415
 20
32.567116237542
 10
-7.61484079419228
 20
32.5666653196474
 10
-7.6147342949027
 20
32.5666641457898
 10
-7.61474677118257
 20
32.565852493531
 10
-7.61485326951372
 20
32.5658536673521
 10
-7.61485742784278
 20
32.5655831165628
 10
-7.61496392586065
 20
32.5655842902816
 10
-7.6149666978361
 20
32.5654039230738
 10
-7.61507319564718
 20
32.5654050966943
 10
-7.61507596738491
 20
32.5652247294731
 10
-7.6151824649892
 20
32.5652259029953
 10
-7.61518385074229
 20
32.5651357193786
 10
-7.61539684575647
 20
32.5651380661443
 10
-7.61539961681815
 20
32.5649576988907
 10
-7.61561261143113
 20
32.5649600452795
 10
-7.61561815262836
 20
32.5645993107237
 10
-7.6157246495182
 20
32.5646004837666
 10
-7.61573157534314
 20
32.5641495655212
 10
-7.61583807170675
 20
32.5641507384537
 10
-7.61585053684366
 20
32.5633390854908
 10
-7.61595703225514
 20
32.5633402582966
 10
-7.61595841713296
 20
32.5632500746233
 10
-7.61606491244414
 20
32.563251247335
 10
-7.61606768196826
 20
32.5630708799761
 10
-7.61660015755219
 20
32.5630767421412
 10
-7.61660292598682
 20
32.5628963747365
 10
-7.61681591583776
 20
32.5628987189551
 10
-7.61681868382177
 20
32.5627183515288
 10
-7.61692517854356
 20
32.5627195234947
 10
-7.61694178465086
 20
32.5616373187756
 10
-7.61704827810118
 20
32.5616384906028
 10
-7.61705519651758
 20
32.5611875718923
 10
-7.6169487035996
 20
32.5611864000853
 10
-7.61695423864737
 20
32.5608256651088
 10
-7.61684774616142
 20
32.5608244932278
 10
-7.61685881681205
 20
32.5601030232424
 10
-7.61675232518398
 20
32.5601018513036
 10
-7.61676062855117
 20
32.5595607487823
 10
-7.61686711954049
 20
32.5595619206968
 10
-7.61687403831092
 20
32.5591110018717
 10
-7.61676754785389
 20
32.5591098299774
 10
-7.61677169936136
 20
32.5588392786783
 10
-7.61666520922986
 20
32.5588381067059
 10
-7.61667489660951
 20
32.5582068203225
 10
-7.61656840722935
 20
32.5582056482883
 10
-7.61658086294483
 20
32.5573939943061
 10
-7.61668735136695
 20
32.5573951663039
 10
-7.61669011902286
 20
32.5572147987294
 10
-7.61679660723827
 20
32.5572159706289
 10
-7.61679937465656
 20
32.5570356030409
 10
-7.61701235068015
 20
32.5570379465534
 10
-7.61701650112259
 20
32.556767395137
 10
-7.61722947653222
 20
32.5567697382646
 10
-7.61723224303719
 20
32.5565893706307
 10
-7.61733873053839
 20
32.5565905420512
 10
-7.61734149680577
 20
32.5564101744039
 10
-7.61744798410026
 20
32.5564113457261
 10
-7.61744936711825
 20
32.5563211618964
 10
-7.61766234151288
 20
32.5563235042622
 10
-7.61766510710456
 20
32.5561431365826
 10
-7.61777159409826
 20
32.5561443076222
 10
-7.61777712478177
 20
32.5557835722306
 10
-7.61788361135589
 20
32.5557847431638
 10
-7.61788499390489
 20
32.5556945593085
 10
-7.61799148037875
 20
32.5556957301476
 10
-7.61799701008728
 20
32.5553349946967
 10
-7.61810349614157
 20
32.5553361654295
 10
-7.61811593666672
 20
32.5545245105497
 10
-7.61800945157033
 20
32.5545233398533
 10
-7.61801083392647
 20
32.5544331559751
 10
-7.61790434894268
 20
32.5544319851926
 10
-7.61790987873122
 20
32.5540712496823
 10
-7.61780339417933
 20
32.5540700788258
 10
-7.61780615924942
 20
32.5538897110707
 10
-7.61769967491655
 20
32.5538885401321
 10
-7.61770382279466
 20
32.5536179885015
 10
-7.61759733878724
 20
32.5536168174849
 10
-7.6176001042213
 20
32.5534364497324
 10
-7.6173871366507
 20
32.553434107445
 10
-7.61738990248575
 20
32.5532537397033
 10
-7.61717693536555
 20
32.5532513970714
 10
-7.61717831848666
 20
32.5531612132066
 10
-7.61685886817197
 20
32.5531576985948
 10
-7.61685748473159
 20
32.5532478824474
 10
-7.61664451767316
 20
32.553245538914
 10
-7.61663898299846
 20
32.5536062742787
 10
-7.61653249905282
 20
32.5536051023607
 10
-7.61652973146555
 20
32.5537854700268
 10
-7.61642324731323
 20
32.5537842980105
 10
-7.6164218634039
 20
32.5538744818375
 10
-7.61599592643073
 20
32.5538697928545
 10
-7.6159931577421
 20
32.5540501604721
 10
-7.6157801888669
 20
32.5540478154235
 10
-7.61577741972783
 20
32.5542281830196
 10
-7.61567093508665
 20
32.5542270103519
 10
-7.61566678101238
 20
32.5544975617238
 10
-7.61556029605809
 20
32.5544963889538
 10
-7.61555060225667
 20
32.5551276754126
 10
-7.61544411656355
 20
32.5551265025242
 10
-7.61543857668666
 20
32.5554872375976
 10
-7.61533209057398
 20
32.5554860646029
 10
-7.61532932038556
 20
32.5556664321234
 10
-7.6145839162799
 20
32.555658218579
 10
-7.61458253043136
 20
32.555748402309
 10
-7.61436955767256
 20
32.5557460547625
 10
-7.61436678553115
 20
32.555926422202
 10
-7.61426029894816
 20
32.5559252482854
 10
-7.61425752656912
 20
32.5561056157115
 10
-7.61415103977945
 20
32.5561044416967
 10
-7.61414826716277
 20
32.5562848091092
 10
-7.61404178016641
 20
32.5562836349961
 10
-7.61403762087564
 20
32.5565541860927
 10
-7.61393113356615
 20
32.5565530118773
 10
-7.61391449456852
 20
32.5576352160936
 10
-7.61402098315533
 20
32.5576363903577
 10
-7.61401543705044
 20
32.5579971250695
 10
-7.61412192606923
 20
32.5579982992596
 10
-7.61411776674489
 20
32.5582688502915
 10
-7.61422425608923
 20
32.5582700244036
 10
-7.61421871066257
 20
32.5586307591101
 10
-7.61389924137073
 20
32.5586272364547
 10
-7.61390201473515
 20
32.5584468691285
 10
-7.61358254613774
 20
32.558443345686
 10
-7.61358532011609
 20
32.5582629783786
 10
-7.61337234150793
 20
32.5582606289823
 10
-7.61337372870071
 20
32.5581704453347
 10
-7.61326723951237
 20
32.5581692705054
 10
-7.61326585221313
 20
32.5582594541489
 10
-7.61305287364213
 20
32.5582571042116
 10
-7.61305009859928
 20
32.5584374714784
 10
-7.61294360911018
 20
32.5584362963664
 10
-7.61293805852431
 20
32.5587970308675
 10
-7.61283156861559
 20
32.5587958556491
 10
-7.61281491498564
 20
32.5598780589745
 10
-7.61270842380566
 20
32.5598768836172
 10
-7.61269870803084
 20
32.5605081687723
 10
-7.61259221611184
 20
32.5605069932965
 10
-7.61258249928806
 20
32.5611382783571
 10
-7.61247600663002
 20
32.5611371027627
 10
-7.61247323012594
 20
32.5613174699027
 10
-7.61236673726116
 20
32.56131629421
 10
-7.61236534889336
 20
32.5614064777739
 10
-7.61225885592832
 20
32.561405301987
 10
-7.61225052495248
 20
32.5619464033176
 10
-7.61235701855633
 20
32.5619475791289
 10
-7.61235563014512
 20
32.5620377626833
 10
-7.61246212386164
 20
32.5620389384084
 10
-7.6124565705807
 20
32.562399672629
 10
-7.6125630647293
 20
32.5624008482801
 10
-7.61256028826458
 20
32.5625812153904
 10
-7.61234729954769
 20
32.5625788639817
 10
-7.6123500764383
 20
32.5623984968876
 10
-7.6122435823021
 20
32.5623973210561
 10
-7.61224635938086
 20
32.5622169539647
 10
-7.6121398654638
 20
32.5622157780511
 10
-7.61214264273069
 20
32.5620354109625
 10
-7.61203614903277
 20
32.5620342349669
 10
-7.61203337155294
 20
32.5622146020474
 10
-7.61192687764829
 20
32.5622134259534
 10
-7.61191993330783
 20
32.5626643436108
 10
-7.61181343887703
 20
32.5626631674063
 10
-7.61181066088448
 20
32.5628435344517
 10
-7.61191715552824
 20
32.5628447106643
 10
-7.61190743310428
 20
32.563475995309
 10
-7.6118009377152
 20
32.5634748190681
 10
-7.6117939924082
 20
32.5639257366107
 10
-7.61190048832968
 20
32.563926912872
 10
-7.61189493239835
 20
32.5642876468981
 10
-7.61200142875195
 20
32.5642888230854
 10
-7.61199726205777
 20
32.564559373603
 10
-7.61210375873701
 20
32.5645605497122
 10
-7.61209820348388
 20
32.5649212837331
 10
-7.61220470059526
 20
32.5649224597684
 10
-7.61220192314446
 20
32.5651028267788
 10
-7.61273440985923
 20
32.5651087056432
 10
-7.61273302165695
 20
32.5651988891667
 10
-7.61315901156629
 20
32.5652035906511
 10
-7.61315623599504
 20
32.5653839577264
 10
-7.61336923141284
 20
32.5653863079437
 10
-7.61335674295225
 20
32.566197959789
 10
-7.61325024428184
 20
32.566196784689
 10
-7.61324608103064
 20
32.5664673352676
 10
-7.61313958204695
 20
32.5664661600653
 10
-7.61313403053261
 20
32.5668268941351
 10
-7.61302753112914
 20
32.5668257188263
 10
-7.61302336710883
 20
32.5670962693523
 10
-7.61291686739208
 20
32.5670950939411
 10
-7.61291131485222
 20
32.5674558279407
 10
-7.61280481471568
 20
32.5674546524231
 10
-7.61280064992621
 20
32.5677252028965
 10
-7.61269414947637
 20
32.5677240272766
 10
-7.61268165381468
 20
32.5685356785873
 10
-7.61278815522304
 20
32.5685368542438
 10
-7.61278399021039
 20
32.5688074046686
 10
-7.61267748848252
 20
32.568806229
 10
-7.61267471156341
 20
32.568986595935
 10
-7.61278121350429
 20
32.5689877716118
 10
-7.6127784367734
 20
32.5691681385495
 10
-7.61288493893349
 20
32.5691693141441
 10
-7.61288216239081
 20
32.5693496810846
 10
-7.61320166954732
 20
32.5693532073517
 10
-7.61319750564539
 20
32.5696237577888
 10
-7.61309100293417
 20
32.5696225824444
 10
-7.61308545055212
 20
32.5699833163254
 10
-7.61319195368939
 20
32.569984491686
 10
-7.61318223752775
 20
32.5706157759542
 10
-7.61328874141681
 20
32.570616951253
 10
-7.61327902569708
 20
32.5712482354835
 10
-7.6135985396383
 20
32.5712517609235
 10
-7.6136013149501
 20
32.5710713939829
 10
-7.61381432384916
 20
32.571073743809
 10
-7.61381709871011
 20
32.5708933768468
 10
-7.61392360295589
 20
32.5708945516164
 97
0
 92
2
 72
0
 73
1
 93
13
 10
-7.61979101606519
 20
32.5703277390273
 10
-7.61980068582705
 20
32.5696964529655
 10
-7.61958767964403
 20
32.5696941133722
 10
-7.61958491645972
 20
32.569874480809
 10
-7.61947841316444
 20
32.5698733108689
 10
-7.61947564974243
 20
32.5700536782923
 10
-7.6193691462403
 20
32.5700525082539
 10
-7.61935947332331
 20
32.5706837941649
 10
-7.61946597757105
 20
32.5706849642315
 10
-7.61946874107943
 20
32.5705045968271
 10
-7.61968174916736
 20
32.5705069366735
 10
-7.61968451222501
 20
32.5703265692475
 10
-7.61979101606519
 20
32.5703277390273
 97
0
 92
2
 72
0
 73
1
 93
15
 10
-7.609182421887
 20
32.5675048145124
 10
-7.60918381376488
 20
32.5674146311581
 10
-7.60907731384559
 20
32.5674134524836
 10
-7.60907592186121
 20
32.5675036358339
 10
-7.60896942184164
 20
32.5675024570652
 10
-7.60896663764123
 20
32.5676828237536
 10
-7.60907313787379
 20
32.5676840025305
 10
-7.60906756982437
 20
32.5680447359074
 10
-7.60917407048915
 20
32.5680459146104
 10
-7.60917267856776
 20
32.5681360979553
 10
-7.60949218091889
 20
32.5681396335352
 10
-7.60949913886621
 20
32.567688716736
 10
-7.60939263860879
 20
32.5676875383199
 10
-7.60939542195721
 20
32.5675071715989
 10
-7.609182421887
 20
32.5675048145124
 97
0
 92
2
 72
0
 73
1
 93
63
 10
-7.58377586212519
 20
32.5642445260484
 10
-7.58377727924641
 20
32.5641543436304
 10
-7.58388377415899
 20
32.5641555436345
 10
-7.58388660816948
 20
32.563975178786
 10
-7.58399310287545
 20
32.5639763786916
 10
-7.58399593664768
 20
32.5637960138294
 10
-7.58410243114702
 20
32.5637972136366
 10
-7.58410951493452
 20
32.5633463014368
 10
-7.58421600890783
 20
32.5633475011331
 10
-7.58422309200482
 20
32.5628965888788
 10
-7.58411659856386
 20
32.5628953892032
 10
-7.58412509871031
 20
32.5623542944783
 10
-7.58401860591448
 20
32.5623530947373
 10
-7.58402285622169
 20
32.562082547369
 10
-7.58391636375159
 20
32.5620813475503
 10
-7.58392344800273
 20
32.5616304352636
 10
-7.58381695607127
 20
32.5616292353754
 10
-7.58381978994037
 20
32.5614488704595
 10
-7.58371329822816
 20
32.5614476704894
 10
-7.58371613228486
 20
32.5612673055764
 10
-7.5836096407919
 20
32.5612661055245
 10
-7.58361247503622
 20
32.5610857406144
 10
-7.58339949249512
 20
32.5610833402564
 10
-7.5834009098207
 20
32.5609931578077
 10
-7.5832944186661
 20
32.5609919574976
 10
-7.5832972535112
 20
32.5608115926042
 10
-7.58319076257585
 20
32.5608103922123
 10
-7.58319643261591
 20
32.5604496624259
 10
-7.58308994211272
 20
32.5604484619603
 10
-7.58309135971337
 20
32.5603582795145
 10
-7.58298486932295
 20
32.5603570789629
 10
-7.58298770471817
 20
32.5601767140755
 10
-7.582881214547
 20
32.5601755134421
 10
-7.5828840501298
 20
32.5599951485575
 10
-7.58245809036007
 20
32.5599903451551
 10
-7.58245525392564
 20
32.5601707100065
 10
-7.58213578352612
 20
32.5601671064831
 10
-7.58213294642763
 20
32.5603474713042
 10
-7.58202645609421
 20
32.5603462699411
 10
-7.58202503742901
 20
32.5604364523455
 10
-7.58191854699548
 20
32.5604352508881
 10
-7.5819128718455
 20
32.5607959804755
 10
-7.58148690847141
 20
32.5607911736778
 10
-7.58145000645337
 20
32.5631359150381
 10
-7.58155650005544
 20
32.5631371169807
 10
-7.58155366147414
 20
32.5633174816712
 10
-7.58166015529548
 20
32.5633186835318
 10
-7.58165589769542
 20
32.5635892305698
 10
-7.58176239184252
 20
32.5635904323527
 10
-7.58175955362373
 20
32.5637707970463
 10
-7.58186604799011
 20
32.5637719987473
 10
-7.5818603719024
 20
32.5641327281349
 10
-7.58196686670101
 20
32.5641339297623
 10
-7.58196544776971
 20
32.5642241121099
 10
-7.58207194268113
 20
32.5642253136513
 10
-7.58206910501248
 20
32.5644056783508
 10
-7.58217560014319
 20
32.5644068798103
 10
-7.58217276266216
 20
32.5645872445128
 10
-7.58334421186047
 20
32.5646004547061
 10
-7.58334704699901
 20
32.5644200899125
 10
-7.58356003741874
 20
32.5644224905769
 10
-7.58356287210605
 20
32.5642421257613
 10
-7.58377586212519
 20
32.5642445260484
 97
0
 92
2
 72
0
 73
1
 93
15
 10
-7.60935432845651
 20
32.5632673737958
 10
-7.60935850287583
 20
32.5629968235263
 10
-7.60925200816812
 20
32.5629956451413
 10
-7.60925479129622
 20
32.5628152782963
 10
-7.60914829680767
 20
32.5628140998292
 10
-7.60913298812432
 20
32.5638061173651
 10
-7.60902649247076
 20
32.5638049387631
 10
-7.6090251006285
 20
32.5638951221633
 10
-7.60913159638855
 20
32.5638963007694
 10
-7.60912881289835
 20
32.5640766675739
 10
-7.609341804863
 20
32.5640790245317
 10
-7.6093459794501
 20
32.5638084742985
 10
-7.6094524751223
 20
32.56380965263
 10
-7.60946082348986
 20
32.5632685521029
 10
-7.60935432845651
 20
32.5632673737958
 97
0
 92
2
 72
0
 73
1
 93
31
 10
-7.61174305886596
 20
32.5603172191364
 10
-7.6117527812609
 20
32.5596859342181
 10
-7.61185927217217
 20
32.5596871103788
 10
-7.61186204973057
 20
32.559506743239
 10
-7.61164906834006
 20
32.5595043908438
 10
-7.61164629035584
 20
32.5596847579673
 10
-7.61153979945697
 20
32.5596835816263
 10
-7.61153702123503
 20
32.5598639487363
 10
-7.61143053012945
 20
32.559862772297
 10
-7.61142775166978
 20
32.5600431393935
 10
-7.61132126035749
 20
32.5600419628559
 10
-7.61131987101189
 20
32.5601321463981
 10
-7.61121337959934
 20
32.5601309697663
 10
-7.61121060067661
 20
32.5603113368385
 10
-7.61110410905735
 20
32.5603101601084
 10
-7.61110132989687
 20
32.560490527167
 10
-7.6109948380709
 20
32.5604893503386
 10
-7.61099205867268
 20
32.5606697173838
 10
-7.61088556663999
 20
32.5606685404571
 10
-7.61088139717673
 20
32.5609390910025
 10
-7.61098788952881
 20
32.5609402679414
 10
-7.61098511006853
 20
32.561120634973
 10
-7.61109160263974
 20
32.5611218118299
 10
-7.61108882336756
 20
32.5613021788643
 10
-7.61119531615791
 20
32.5613033556391
 10
-7.61119392661898
 20
32.5613935391583
 10
-7.61151340534665
 20
32.5613970689537
 10
-7.61151757298664
 20
32.5611265183555
 10
-7.61162406558887
 20
32.5611276947614
 10
-7.61163656721568
 20
32.5603160428572
 10
-7.61174305886596
 20
32.5603172191364
 97
0
 92
2
 72
0
 73
1
 93
11
 10
-7.61125367119013
 20
32.5575156466136
 10
-7.61124394611146
 20
32.5581469316163
 10
-7.61135043518201
 20
32.5581481081588
 10
-7.61134904596669
 20
32.5582382917293
 10
-7.6114555351499
 20
32.5582394681857
 10
-7.61145275691355
 20
32.5584198353308
 10
-7.61166573572437
 20
32.5584221879893
 10
-7.61168240221556
 20
32.5573399849406
 10
-7.61136293784074
 20
32.5573364559637
 10
-7.61136015951556
 20
32.5575168231276
 10
-7.61125367119013
 20
32.5575156466136
 97
0
 92
2
 72
0
 73
1
 93
27
 10
-7.55100553973589
 20
32.5421332603792
 10
-7.55101278304109
 20
32.5416823531593
 10
-7.55090631619611
 20
32.5416811260573
 10
-7.55090921368561
 20
32.5415007631683
 10
-7.55080274705981
 20
32.5414995359846
 10
-7.55080564473612
 20
32.5413191730987
 10
-7.55069917832949
 20
32.5413179458334
 10
-7.55070207619262
 20
32.5411375829506
 10
-7.55059561000515
 20
32.5411363556037
 10
-7.55059705903336
 20
32.5410461741645
 10
-7.55049059295871
 20
32.5410449467317
 10
-7.55049349120841
 20
32.5408645838577
 10
-7.55028055950392
 20
32.5408621287388
 10
-7.55027041402786
 20
32.5414933987148
 10
-7.55037688062131
 20
32.541494626349
 10
-7.55037398206831
 20
32.5416749891955
 10
-7.55026751526217
 20
32.5416737615529
 10
-7.55026606586961
 20
32.5417639429699
 10
-7.55037253278211
 20
32.5417651706168
 10
-7.55036238759744
 20
32.5423964405278
 10
-7.55046885526088
 20
32.5423976681143
 10
-7.55045871050356
 20
32.5430289379887
 10
-7.55077811576619
 20
32.5430326202963
 10
-7.55077956471758
 20
32.5429424388771
 10
-7.55088603304504
 20
32.5429436661285
 10
-7.55089907235916
 20
32.542132033256
 10
-7.55100553973589
 20
32.5421332603792
 97
0
 92
2
 72
0
 73
1
 93
5
 10
-7.62393443574304
 20
32.5431330374821
 10
-7.62382796383322
 20
32.5431318720748
 10
-7.62382658789238
 20
32.5432220563365
 10
-7.62393305990858
 20
32.5432232217478
 10
-7.62393443574304
 20
32.5431330374821
 97
0
 92
2
 72
0
 73
1
 93
5
 10
-7.62414737958113
 20
32.5431353680263
 10
-7.62415013080614
 20
32.5429549994747
 10
-7.62393718739354
 20
32.5429526689466
 10
-7.62393443574304
 20
32.5431330374821
 10
-7.62414737958113
 20
32.5431353680263
 97
0
 92
2
 72
0
 73
1
 93
5
 10
-7.62308128395107
 20
32.5432138959341
 10
-7.62308266063651
 20
32.5431237117006
 10
-7.62265677323079
 20
32.5431190466471
 10
-7.62265539611986
 20
32.5432092308646
 10
-7.62308128395107
 20
32.5432138959341
 97
0
 92
2
 72
0
 73
1
 93
9
 10
-7.62426623087111
 20
32.5423248746026
 10
-7.62427173264995
 20
32.5419641374295
 10
-7.62416526210448
 20
32.5419629723448
 10
-7.6241666376402
 20
32.5418727880522
 10
-7.62395369678044
 20
32.5418704576206
 10
-7.62394956951666
 20
32.5421410104703
 10
-7.62416251101462
 20
32.542143340926
 10
-7.62415975990018
 20
32.5423237095018
 10
-7.62426623087111
 20
32.5423248746026
 97
0
 92
2
 72
0
 73
1
 93
5
 10
-7.62395919971279
 20
32.5415097204688
 10
-7.62385272971758
 20
32.541508555134
 10
-7.62384722635977
 20
32.5418692922697
 10
-7.62395369678044
 20
32.5418704576206
 10
-7.62395919971279
 20
32.5415097204688
 97
0
 92
2
 72
0
 73
1
 93
5
 10
-7.63249049100629
 20
32.5407008091212
 10
-7.63238402158471
 20
32.5406996510351
 10
-7.63237718522361
 20
32.5411505741228
 10
-7.632483655177
 20
32.5411517322289
 10
-7.63249049100629
 20
32.5407008091212
 97
0
 92
2
 72
0
 73
1
 93
5
 10
-7.63259696043399
 20
32.5407019671172
 10
-7.63259969451024
 20
32.5405215978567
 10
-7.63249322529527
 20
32.5405204398687
 10
-7.63249049100629
 20
32.5407008091212
 10
-7.63259696043399
 20
32.5407019671172
 97
0
 92
2
 72
0
 73
1
 93
5
 10
-7.62461177033221
 20
32.5406148673707
 10
-7.62461452036235
 20
32.5404344987116
 10
-7.62450805160662
 20
32.5404333339656
 10
-7.62450530136376
 20
32.5406137026167
 10
-7.62461177033221
 20
32.5406148673707
 97
0
 92
2
 72
0
 73
1
 93
11
 10
-7.4933463691091
 20
32.5387495766023
 10
-7.49334938132558
 20
32.5385692183197
 10
-7.49324292092772
 20
32.5385679425051
 10
-7.4932399084986
 20
32.5387483007788
 10
-7.49292052670744
 20
32.538744472768
 10
-7.49291450049257
 20
32.5391051892464
 10
-7.49323388355963
 20
32.5391090173101
 10
-7.49323689604257
 20
32.5389286590472
 10
-7.49344981769561
 20
32.5389312106216
 10
-7.49345282972634
 20
32.5387508523356
 10
-7.4933463691091
 20
32.5387495766023
 97
0
 92
2
 72
0
 73
1
 93
25
 10
-7.5882322047634
 20
32.5381370595732
 10
-7.58823502724972
 20
32.5379566936384
 10
-7.58844795563238
 20
32.5379590843004
 10
-7.58845077766814
 20
32.5377787183437
 10
-7.58855724165624
 20
32.5377799135313
 10
-7.58856711783856
 20
32.5371486326114
 10
-7.58824772812621
 20
32.537145046865
 10
-7.58824490575333
 20
32.5373254128241
 10
-7.58803197888459
 20
32.5373230218596
 10
-7.58802915606116
 20
32.5375033877968
 10
-7.58792269242358
 20
32.5375021921711
 10
-7.58791986936226
 20
32.5376825580947
 10
-7.58770694168066
 20
32.5376801665565
 10
-7.58770552992787
 20
32.5377703495081
 10
-7.58749260205882
 20
32.5377679576013
 10
-7.58748977810898
 20
32.5379483234837
 10
-7.58738331397124
 20
32.537947127387
 10
-7.58737766557053
 20
32.5383078591191
 10
-7.58759059470304
 20
32.5383102512555
 10
-7.58758918279977
 20
32.5384004341934
 10
-7.58780211217018
 20
32.5384028259778
 10
-7.58780352386076
 20
32.5383126430316
 10
-7.58801645304371
 20
32.5383150344473
 10
-7.5880192759806
 20
32.5381346685344
 10
-7.5882322047634
 20
32.5381370595732
 97
0
 92
2
 72
0
 73
1
 93
5
 10
-7.62006533928666
 20
32.53849046566
 10
-7.62006809818017
 20
32.5383100972852
 10
-7.61996163213501
 20
32.5383089287575
 10
-7.61995887302881
 20
32.5384892971242
 10
-7.62006533928666
 20
32.53849046566
 97
0
 92
2
 72
0
 73
1
 93
5
 10
-7.63231173434388
 20
32.5384438770153
 10
-7.63231446875299
 20
32.5382635077114
 10
-7.63220800221518
 20
32.5382623495531
 10
-7.63220526759337
 20
32.5384427188489
 10
-7.63231173434388
 20
32.5384438770153
 97
0
 92
2
 72
0
 73
1
 93
5
 10
-7.62007085704904
 20
32.538129728905
 10
-7.62007223647423
 20
32.5380395447129
 10
-7.6199657707481
 20
32.5380383761973
 10
-7.61996439121657
 20
32.5381285603854
 10
-7.62007085704904
 20
32.538129728905
 97
0
 92
2
 72
0
 73
1
 93
17
 10
-7.62029344309064
 20
32.5375007762444
 10
-7.62029482226002
 20
32.5374105920348
 10
-7.62018835726598
 20
32.5374094237277
 10
-7.6201938743073
 20
32.5370486868919
 10
-7.62008740974477
 20
32.5370475185107
 10
-7.62009016844115
 20
32.5368671500928
 10
-7.61998370409747
 20
32.5368659816297
 10
-7.61997818625471
 20
32.537226718444
 10
-7.62008465102375
 20
32.5372278869233
 10
-7.62008189227809
 20
32.5374082553304
 10
-7.61997542729637
 20
32.537407086843
 10
-7.6199685297927
 20
32.5378580078171
 10
-7.62007499530614
 20
32.5378591763246
 10
-7.6200777541134
 20
32.537678807931
 10
-7.62018421942031
 20
32.5376799763404
 10
-7.62018697799025
 20
32.5374996079332
 10
-7.62029344309064
 20
32.5375007762444
 97
0
 92
2
 72
0
 73
1
 93
7
 10
-7.62966650540615
 20
32.5373326811233
 10
-7.62966239599075
 20
32.5376032348173
 10
-7.62987532729029
 20
32.5376055553126
 10
-7.62987669688885
 20
32.5375153707412
 10
-7.62998316244145
 20
32.5375165308497
 10
-7.62998590140754
 20
32.537336161695
 10
-7.62966650540615
 20
32.5373326811233
 97
0
 92
2
 72
0
 73
1
 93
5
 10
-7.63073115895816
 20
32.5373442798757
 10
-7.630733896411
 20
32.5371639106596
 10
-7.63052096607705
 20
32.5371615916459
 10
-7.63051822819884
 20
32.537341960846
 10
-7.63073115895816
 20
32.5373442798757
 97
0
 92
2
 72
0
 73
1
 93
5
 10
-7.63041176282835
 20
32.537340801196
 10
-7.63041450091925
 20
32.5371604320039
 10
-7.63020157062198
 20
32.5371581124496
 10
-7.63019883210572
 20
32.5373384816257
 10
-7.63041176282835
 20
32.537340801196
 97
0
 92
2
 72
0
 73
1
 93
11
 10
-7.60998719871743
 20
32.536034273182
 10
-7.60998997749383
 20
32.5358539055064
 10
-7.60977705211408
 20
32.5358515514537
 10
-7.60977427291235
 20
32.5360319191131
 10
-7.60988073581179
 20
32.5360330961926
 10
-7.60987656728165
 20
32.5363036476838
 10
-7.61019595697418
 20
32.5363071784183
 10
-7.61019873536248
 20
32.5361268107345
 10
-7.61009227233809
 20
32.5361256339212
 10
-7.61009366162927
 20
32.5360354500813
 10
-7.60998719871743
 20
32.536034273182
 97
0
 92
2
 72
0
 73
1
 93
19
 10
-7.60775147900277
 20
32.5360095374864
 10
-7.60775426224508
 20
32.5358291699815
 10
-7.60796718738885
 20
32.5358315274574
 10
-7.60796997018099
 20
32.5356511599309
 10
-7.60786350781865
 20
32.5356499812461
 10
-7.60786629079859
 20
32.5354696137223
 10
-7.60765336651789
 20
32.5354672560987
 10
-7.60764779968252
 20
32.5358279911084
 10
-7.60711548696294
 20
32.5358220953916
 10
-7.60711270244465
 20
32.5360024628476
 10
-7.60626100071539
 20
32.535993024951
 10
-7.60625960759627
 20
32.5360832086444
 10
-7.60636607039699
 20
32.5360843887009
 10
-7.60636328435274
 20
32.5362647560918
 10
-7.60657621039817
 20
32.5362671159507
 10
-7.60657899601709
 20
32.5360867485435
 10
-7.60764362449073
 20
32.5360985423515
 10
-7.60764501622754
 20
32.5360083586051
 10
-7.60775147900277
 20
32.5360095374864
 97
0
 92
2
 72
0
 73
1
 93
9
 10
-7.60583096934805
 20
32.5362588548679
 10
-7.60583375645561
 20
32.5360784875177
 10
-7.60594021923144
 20
32.5360796679345
 10
-7.60593743233654
 20
32.5362600352928
 10
-7.60604389533126
 20
32.5362612156277
 10
-7.60604807534528
 20
32.535990664576
 10
-7.60572868733679
 20
32.5359871233377
 10
-7.60572450636578
 20
32.5362576743528
 10
-7.60583096934805
 20
32.5362588548679
 97
0
 92
2
 72
0
 73
1
 93
5
 10
-7.60551436816547
 20
32.5360749457267
 10
-7.60551158041991
 20
32.5362553130525
 10
-7.60561804338973
 20
32.5362564937477
 10
-7.60562083092262
 20
32.5360761264138
 10
-7.60551436816547
 20
32.5360749457267
 97
0
 92
2
 72
0
 73
1
 93
5
 10
-7.60551576202891
 20
32.5359847620618
 10
-7.60519637411378
 20
32.5359812194723
 10
-7.60519497993135
 20
32.536071403125
 10
-7.60551436816547
 20
32.5360749457267
 10
-7.60551576202891
 20
32.5359847620618
 97
0
 92
2
 72
0
 73
1
 93
5
 10
-7.60487698625469
 20
32.535977676072
 10
-7.60487977523886
 20
32.5357973087871
 10
-7.60466685045593
 20
32.5357949460861
 10
-7.60466406104644
 20
32.5359753133547
 10
-7.60487698625469
 20
32.535977676072
 97
0
 92
2
 72
0
 73
1
 93
15
 10
-7.6346963124707
 20
32.5356736063409
 10
-7.63469904182258
 20
32.5354932367778
 10
-7.63459257844711
 20
32.5354920807254
 10
-7.63459530798728
 20
32.5353117111649
 10
-7.63448884483058
 20
32.5353105550303
 10
-7.63448611507775
 20
32.5354909245828
 10
-7.6342731883573
 20
32.5354886120275
 10
-7.63427045815475
 20
32.5356689815586
 10
-7.634163994591
 20
32.5356678251378
 10
-7.63415716844626
 20
32.5361187489221
 10
-7.63447656075082
 20
32.5361222179741
 10
-7.63448202040278
 20
32.5357614789014
 10
-7.63458848409115
 20
32.535762635056
 10
-7.63458984888257
 20
32.5356724502804
 10
-7.6346963124707
 20
32.5356736063409
 97
0
 92
2
 72
0
 73
1
 93
5
 10
-7.60456038807381
 20
32.5357937646005
 10
-7.60456317767104
 20
32.5356133973347
 10
-7.6043502533508
 20
32.5356110341095
 10
-7.60434746332825
 20
32.535791401359
 10
-7.60456038807381
 20
32.5357937646005
 97
0
 92
2
 72
0
 73
1
 93
5
 10
-7.60977983129098
 20
32.5356711837889
 10
-7.60978261044306
 20
32.5354908161187
 10
-7.60967614818782
 20
32.5354896389735
 10
-7.60967336882308
 20
32.5356700066356
 10
-7.60977983129098
 20
32.5356711837889
 97
0
 92
2
 72
0
 73
1
 93
5
 10
-7.60424379120002
 20
32.5356098523617
 10
-7.60424658141032
 20
32.535429485115
 10
-7.60414011947843
 20
32.5354283032853
 10
-7.60413732905548
 20
32.5356086705239
 10
-7.60424379120002
 20
32.5356098523617
 97
0
 92
2
 72
0
 73
1
 93
5
 10
-7.60946322369595
 20
32.5354872844129
 10
-7.60946461358167
 20
32.535397100588
 10
-7.60925168932728
 20
32.5353947456752
 10
-7.6092502992289
 20
32.535484929492
 10
-7.60946322369595
 20
32.5354872844129
 97
0
 92
2
 72
0
 73
1
 93
5
 10
-7.61191601915242
 20
32.535243788345
 10
-7.61192156880148
 20
32.5348830526474
 10
-7.61181510716651
 20
32.5348818773324
 10
-7.61180955709214
 20
32.5352426130138
 10
-7.61191601915242
 20
32.535243788345
 97
0
 92
2
 72
0
 73
1
 93
5
 10
-7.60371845867679
 20
32.5351530242468
 10
-7.60372124988804
 20
32.5349726570274
 10
-7.60361478851894
 20
32.5349714747678
 10
-7.60361199709505
 20
32.535151841979
 10
-7.60371845867679
 20
32.5351530242468
 97
0
 92
2
 72
0
 73
1
 93
5
 10
-7.61213587927415
 20
32.5347952190714
 10
-7.61213865362381
 20
32.5346148511956
 10
-7.61203219229542
 20
32.5346136760729
 10
-7.6120294177331
 20
32.5347940439406
 10
-7.61213587927415
 20
32.5347952190714
 97
0
 92
2
 72
0
 73
1
 93
5
 10
-7.60298300207565
 20
32.5345134613887
 10
-7.60298579468815
 20
32.5343330942075
 10
-7.60287933410696
 20
32.5343319113458
 10
-7.60287654128181
 20
32.5345122785188
 10
-7.60298300207565
 20
32.5345134613887
 97
0
 92
2
 72
0
 73
1
 93
5
 10
-7.61214142794869
 20
32.5344344833144
 10
-7.61214420224879
 20
32.5342541154278
 10
-7.61203774134569
 20
32.5342529403213
 10
-7.61203496683295
 20
32.5344333081998
 10
-7.61214142794869
 20
32.5344344833144
 97
0
 92
2
 72
0
 73
1
 93
5
 10
-7.6200237055097
 20
32.5342506390813
 10
-7.62002646403683
 20
32.534070270588
 10
-7.61992000299555
 20
32.5340691021598
 10
-7.61991724425579
 20
32.5342494706451
 10
-7.6200237055097
 20
32.5342506390813
 97
0
 92
2
 72
0
 73
1
 93
9
 10
-7.6123737668021
 20
32.5331742578404
 10
-7.61237099307595
 20
32.5333546257755
 10
-7.61215807337759
 20
32.533352275914
 10
-7.61214558938955
 20
32.5341639314825
 10
-7.61235851100167
 20
32.534166281417
 10
-7.61236821932503
 20
32.5335349937053
 10
-7.61247467939613
 20
32.5335361685091
 10
-7.61248022644794
 20
32.5331754326279
 10
-7.6123737668021
 20
32.5331742578404
 97
0
 92
2
 72
0
 73
1
 93
5
 10
-7.61981354196044
 20
32.5340679336415
 10
-7.61981630088822
 20
32.5338875651589
 10
-7.61970984007192
 20
32.5338863965586
 10
-7.61970708093149
 20
32.5340667650331
 10
-7.61981354196044
 20
32.5340679336415
 97
0
 92
2
 72
0
 73
1
 93
5
 10
-7.61960337926177
 20
32.5338852278682
 10
-7.61960613859019
 20
32.5337048593963
 10
-7.61949967799885
 20
32.5337036906239
 10
-7.61949691845779
 20
32.5338840590877
 10
-7.61960337926177
 20
32.5338852278682
 97
0
 92
2
 72
0
 73
1
 93
5
 10
-7.60193376517327
 20
32.5335096095228
 10
-7.60193097054665
 20
32.5336899766465
 10
-7.60203743032746
 20
32.5336911602903
 10
-7.60204022474144
 20
32.5335107931585
 10
-7.60193376517327
 20
32.5335096095228
 97
0
 92
2
 72
0
 73
1
 93
5
 10
-7.60193516247721
 20
32.5334194259589
 10
-7.6018287030216
 20
32.5334182422373
 10
-7.60182730561134
 20
32.5335084257971
 10
-7.60193376517327
 20
32.5335096095228
 10
-7.60193516247721
 20
32.5334194259589
 97
0
 92
2
 72
0
 73
1
 93
5
 10
-7.61259084600484
 20
32.5329060553882
 10
-7.61259361924379
 20
32.5327256874233
 10
-7.61248716012335
 20
32.5327245127461
 10
-7.61248438667176
 20
32.5329048807029
 10
-7.61259084600484
 20
32.5329060553882
 97
0
 92
2
 72
0
 73
1
 93
5
 10
-7.60119973258132
 20
32.5327798532313
 10
-7.60120252857151
 20
32.5325994861378
 10
-7.60109607011642
 20
32.5325983018224
 10
-7.6010932739136
 20
32.5327786689077
 10
-7.60119973258132
 20
32.5327798532313
 97
0
 92
2
 72
0
 73
1
 93
9
 10
-7.60078928026259
 20
32.5317830964958
 10
-7.60078368678105
 20
32.5321438306604
 10
-7.60089014468585
 20
32.5321450152255
 10
-7.60088874640617
 20
32.5322351987674
 10
-7.60099520442352
 20
32.5322363832466
 10
-7.60099939892492
 20
32.5319658326047
 10
-7.60089294122649
 20
32.5319646481378
 10
-7.60089573774215
 20
32.5317842810446
 10
-7.60078928026259
 20
32.5317830964958
 97
0
 92
2
 72
0
 73
1
 93
5
 10
-7.61399421070178
 20
32.5316587414951
 10
-7.6139969810033
 20
32.5314783733871
 10
-7.61389052329075
 20
32.5314771999377
 10
-7.61388775277661
 20
32.5316575680375
 10
-7.61399421070178
 20
32.5316587414951
 97
0
 92
2
 72
0
 73
1
 93
5
 10
-7.60079347530816
 20
32.5315125458581
 10
-7.60079627197399
 20
32.5313321787596
 10
-7.6006898150322
 20
32.5313309941412
 10
-7.60068701815376
 20
32.5315113612315
 10
-7.60079347530816
 20
32.5315125458581
 97
0
 92
2
 72
0
 73
1
 93
5
 10
-7.61751285224533
 20
32.5313366783079
 10
-7.61751008898492
 20
32.5315170466883
 10
-7.61761654690753
 20
32.5315182170753
 10
-7.61761930995532
 20
32.5313378486867
 10
-7.61751285224533
 20
32.5313366783079
 97
0
 92
2
 72
0
 73
1
 93
5
 10
-7.61751561548105
 20
32.5311563099221
 10
-7.61740915798985
 20
32.5311551394612
 10
-7.61740639454151
 20
32.5313355078389
 10
-7.61751285224533
 20
32.5313366783079
 10
-7.61751561548105
 20
32.5311563099221
 97
0
 92
2
 72
0
 73
1
 93
5
 10
-7.5042454401243
 20
32.5300403650945
 10
-7.50424992425952
 20
32.5297698259402
 10
-7.50414347370872
 20
32.5297685596568
 10
-7.50413898925466
 20
32.5300390987979
 10
-7.5042454401243
 20
32.5300403650945
 97
0
 92
2
 72
0
 73
1
 93
5
 10
-7.61751699708966
 20
32.5310661257271
 10
-7.61751976028836
 20
32.5308857573333
 10
-7.61720038879002
 20
32.5308822457168
 10
-7.61719762495348
 20
32.5310626140864
 10
-7.61751699708966
 20
32.5310661257271
 97
0
 92
2
 72
0
 73
1
 93
5
 10
-7.60038583013718
 20
32.5303354207873
 10
-7.60038303275833
 20
32.5305157878827
 10
-7.60048948872465
 20
32.5305169727346
 10
-7.60049228589089
 20
32.5303366056309
 10
-7.60038583013718
 20
32.5303354207873
 97
0
 92
2
 72
0
 73
1
 93
5
 10
-7.60038722881723
 20
32.5302452372376
 10
-7.60028077317606
 20
32.5302440523079
 10
-7.60027937438971
 20
32.5303342358536
 10
-7.60038583013718
 20
32.5303354207873
 10
-7.60038722881723
 20
32.5302452372376
 97
0
 92
2
 72
0
 73
1
 93
5
 10
-7.60028357073002
 20
32.5300636852126
 10
-7.6001771153077
 20
32.5300625002011
 10
-7.60017431754114
 20
32.5302428672883
 10
-7.60028077317606
 20
32.5302440523079
 10
-7.60028357073002
 20
32.5300636852126
 97
0
 92
2
 72
0
 73
1
 93
5
 10
-7.60017991304927
 20
32.5298821331085
 10
-7.60007345784579
 20
32.5298809480151
 10
-7.60007065989162
 20
32.5300613150995
 10
-7.6001771153077
 20
32.5300625002011
 10
-7.60017991304927
 20
32.5298821331085
 97
0
 92
2
 72
0
 73
1
 93
27
 10
-7.50490804997332
 20
32.528605084933
 10
-7.50491551977649
 20
32.5281541860962
 10
-7.50502196846105
 20
32.5281554516707
 10
-7.50504736273766
 20
32.5266223952978
 10
-7.50494091585964
 20
32.5266211297977
 10
-7.50494838492893
 20
32.5261702308118
 10
-7.50484193858888
 20
32.5261689652434
 10
-7.50485090188943
 20
32.5256278864418
 10
-7.50474445619361
 20
32.5256266208096
 10
-7.50474595015995
 20
32.5255364410089
 10
-7.50453305900084
 20
32.5255339094832
 10
-7.50452259960878
 20
32.5261651679981
 10
-7.50441615329543
 20
32.5261639020696
 10
-7.5044086815696
 20
32.5266148009462
 10
-7.50451512841426
 20
32.5266160668966
 10
-7.50451363415534
 20
32.5267062466722
 10
-7.50440718720441
 20
32.5267049807175
 10
-7.50438626539104
 20
32.5279674973728
 10
-7.50427981695906
 20
32.5279662312668
 10
-7.50426337630472
 20
32.5289582084043
 10
-7.50447627551335
 20
32.5289607406224
 10
-7.5044732866418
 20
32.5291411001018
 10
-7.50468618630223
 20
32.5291436319772
 10
-7.50469216316843
 20
32.528782912978
 10
-7.50479861258356
 20
32.5287841787631
 10
-7.50480160076408
 20
32.5286038192466
 10
-7.50490804997332
 20
32.528605084933
 97
0
 92
2
 72
0
 73
1
 93
5
 10
-7.59997119985185
 20
32.5296092122073
 10
-7.59997399795613
 20
32.5294288451176
 10
-7.59986754329663
 20
32.5294276598645
 10
-7.59986474497976
 20
32.529608026946
 10
-7.59997119985185
 20
32.5296092122073
 97
0
 92
2
 72
0
 73
1
 93
9
 10
-7.60392259038409
 20
32.5288413502503
 10
-7.60391980023297
 20
32.5290217176613
 10
-7.60381334587408
 20
32.529020535761
 10
-7.60380636985577
 20
32.5294714542444
 10
-7.60423218945462
 20
32.5294761813866
 10
-7.60423916334703
 20
32.5290252628216
 10
-7.60413270896945
 20
32.5290240811916
 10
-7.60413549869539
 20
32.5288437137643
 10
-7.60392259038409
 20
32.5288413502503
 97
0
 92
2
 72
0
 73
1
 93
5
 10
-7.59987034158851
 20
32.5292472927776
 10
-7.59987313985539
 20
32.5290669256853
 10
-7.59976668562732
 20
32.5290657403586
 10
-7.59976388714785
 20
32.5292461074427
 10
-7.59987034158851
 20
32.5292472927776
 97
0
 92
2
 72
0
 73
1
 93
11
 10
-7.59607726626467
 20
32.5266794283277
 10
-7.59607866905238
 20
32.526589244892
 10
-7.59522706016321
 20
32.5265797347048
 10
-7.59522565652526
 20
32.5266699181077
 10
-7.59533210772075
 20
32.5266711072004
 10
-7.59532649353138
 20
32.5270318408148
 10
-7.59543294515826
 20
32.5270330298339
 10
-7.59543575205292
 20
32.5268526630212
 10
-7.59554220347351
 20
32.526853851942
 10
-7.59554501013053
 20
32.5266734851156
 10
-7.59607726626467
 20
32.5266794283277
 97
0
 92
2
 72
0
 73
1
 93
5
 10
-7.59809984100232
 20
32.5267019920013
 10
-7.59810124177071
 20
32.5266118084877
 10
-7.5978883392729
 20
32.5266094349033
 10
-7.59788693829195
 20
32.5266996184087
 10
-7.59809984100232
 20
32.5267019920013
 97
0
 92
2
 72
0
 73
1
 93
5
 10
-7.59767403560661
 20
32.5266972444559
 10
-7.59767543680011
 20
32.5266070609587
 10
-7.59756898557311
 20
32.5266058738513
 10
-7.59756758427332
 20
32.5266960573444
 10
-7.59767403560661
 20
32.5266972444559
 97
0
 92
2
 72
0
 73
1
 93
5
 10
-7.59735608313787
 20
32.5266034993663
 10
-7.59735888614379
 20
32.5264231323924
 10
-7.59725243514812
 20
32.5264219450231
 10
-7.59724963192965
 20
32.5266023119888
 10
-7.59735608313787
 20
32.5266034993663
 97
0
 92
2
 72
0
 73
1
 93
5
 10
-7.59714318072768
 20
32.5266011245212
 10
-7.59714598415872
 20
32.5264207575636
 10
-7.59703953317557
 20
32.5264195700142
 10
-7.59703672953197
 20
32.5265999369635
 10
-7.59714318072768
 20
32.5266011245212
 97
0
 92
2
 72
0
 73
1
 93
11
 10
-7.59385162655983
 20
32.5260231682331
 10
-7.59384881658969
 20
32.5262035349468
 10
-7.59395526717225
 20
32.5262047251897
 10
-7.59395948179923
 20
32.5259341751047
 10
-7.59385303153549
 20
32.5259329848741
 10
-7.59385584146799
 20
32.5257526181523
 10
-7.59364294138445
 20
32.5257502374375
 10
-7.59364013102685
 20
32.5259306041429
 10
-7.59374658127803
 20
32.5259317945536
 10
-7.5937451761961
 20
32.5260219779084
 10
-7.59385162655983
 20
32.5260231682331
 97
0
 92
2
 72
0
 73
1
 93
5
 10
-7.59364575171694
 20
32.5255698707267
 10
-7.59353930189713
 20
32.5255686802424
 10
-7.59353649135209
 20
32.525749046945
 10
-7.59364294138445
 20
32.5257502374375
 10
-7.59364575171694
 20
32.5255698707267
 97
0
 92
2
 72
0
 73
1
 93
13
 10
-7.54233767490038
 20
32.5249856189457
 10
-7.54234204401414
 20
32.5247150749212
 10
-7.5420227047708
 20
32.5247113730304
 10
-7.54202124808727
 20
32.5248015543605
 10
-7.54191480157957
 20
32.5248003202125
 10
-7.54190460386886
 20
32.5254315894552
 10
-7.5420110511204
 20
32.525432823633
 10
-7.54200813764274
 20
32.5256131862701
 10
-7.54232748007394
 20
32.5256168882887
 10
-7.54233476212535
 20
32.5251659816219
 10
-7.54244120908411
 20
32.5251672154267
 10
-7.54244412164661
 20
32.524986852742
 10
-7.54233767490038
 20
32.5249856189457
 97
0
 92
2
 72
0
 73
1
 93
5
 10
-7.59279415333421
 20
32.5255603443314
 10
-7.59279134130133
 20
32.5257407109764
 10
-7.59289779128974
 20
32.5257419020992
 10
-7.59290060311008
 20
32.525561535446
 10
-7.59279415333421
 20
32.5255603443314
 97
0
 92
2
 72
0
 73
1
 93
5
 10
-7.59279837133645
 20
32.5252897943537
 10
-7.59269192188568
 20
32.5252886031614
 10
-7.59268770356462
 20
32.5255591531267
 10
-7.59279415333421
 20
32.5255603443314
 10
-7.59279837133645
 20
32.5252897943537
 97
0
 92
2
 72
0
 73
1
 93
5
 10
-7.59269473406831
 20
32.5251082365111
 10
-7.59258828483637
 20
32.5251070452369
 10
-7.59258547244119
 20
32.525287411879
 10
-7.59269192188568
 20
32.5252886031614
 10
-7.59269473406831
 20
32.5251082365111
 97
0
 92
2
 72
0
 73
1
 93
5
 10
-7.59311350268066
 20
32.525563917405
 10
-7.59311631405078
 20
32.5253835507299
 10
-7.5930098644749
 20
32.5253823598036
 10
-7.59300705289223
 20
32.5255627264705
 10
-7.59311350268066
 20
32.525563917405
 97
0
 92
2
 72
0
 73
1
 93
9
 10
-7.5920686990204
 20
32.5242894377446
 10
-7.5920729189905
 20
32.5240188877966
 10
-7.59196647107146
 20
32.5240176960316
 10
-7.59196928456598
 20
32.5238373294011
 10
-7.59186283686576
 20
32.5238361375542
 10
-7.59185861629576
 20
32.5241066874856
 10
-7.59196506431478
 20
32.5241078793448
 10
-7.59196225078257
 20
32.5242882459672
 10
-7.5920686990204
 20
32.5242894377446
 97
0
 92
2
 72
0
 73
1
 93
5
 10
-7.59186565054767
 20
32.5236557709266
 10
-7.59175920306626
 20
32.5236545789979
 10
-7.59175638917182
 20
32.5238349456174
 10
-7.59186283686576
 20
32.5238361375542
 10
-7.59186565054767
 20
32.5236557709266
 97
0
 92
2
 72
0
 73
1
 93
65
 10
-7.5413038126767
 20
32.5230794684985
 10
-7.54130672727756
 20
32.5228991058453
 10
-7.54141317151486
 20
32.5229003404439
 10
-7.54141462869928
 20
32.522810159111
 10
-7.54152107283683
 20
32.5228113936154
 10
-7.54152398697364
 20
32.522631030937
 10
-7.54141754304859
 20
32.5226297964412
 10
-7.54142774306619
 20
32.5219985270541
 10
-7.54153418624751
 20
32.5219997615201
 10
-7.54154001426085
 20
32.5216390361092
 10
-7.5416464570237
 20
32.5216402704682
 10
-7.54164791390452
 20
32.5215500891078
 10
-7.54175435656764
 20
32.5215513233724
 10
-7.54175727009728
 20
32.5213709606391
 10
-7.54186371255442
 20
32.5213721948052
 10
-7.54187099573346
 20
32.520921287927
 10
-7.5419774376659
 20
32.5209225219817
 10
-7.54198035067949
 20
32.5207421592124
 10
-7.54208679240596
 20
32.5207433931686
 10
-7.54208970518106
 20
32.5205630303854
 10
-7.54240902976204
 20
32.5205667316883
 10
-7.54241339791977
 20
32.520296187465
 10
-7.54251983914106
 20
32.5202974210397
 10
-7.54255332396273
 20
32.5182232481585
 10
-7.54202113013793
 20
32.5182170798742
 10
-7.54201821748858
 20
32.5183974427192
 10
-7.54191177853068
 20
32.5183962087838
 10
-7.54190449626236
 20
32.5188471158514
 10
-7.54179805677982
 20
32.5188458818047
 10
-7.5417951436145
 20
32.5190262446137
 10
-7.54168870392601
 20
32.5190250104684
 10
-7.54168724722736
 20
32.5191151918667
 10
-7.54158080743914
 20
32.5191139576271
 10
-7.54156769590244
 20
32.519925590112
 10
-7.54146125516464
 20
32.5199243557441
 10
-7.54145397021867
 20
32.5203752626115
 10
-7.5413475289562
 20
32.5203740281322
 10
-7.54134461471979
 20
32.5205543908611
 10
-7.54091884888508
 20
32.5205494520095
 10
-7.54092176397139
 20
32.5203690893147
 10
-7.54081532274146
 20
32.5203678543852
 10
-7.54081969564081
 20
32.5200973103456
 10
-7.54039393206103
 20
32.5200923697788
 10
-7.54039101595142
 20
32.5202727324391
 10
-7.54028457486028
 20
32.5202714970638
 10
-7.54027436752785
 20
32.5209027663025
 10
-7.54038080936266
 20
32.5209040017077
 10
-7.54037643501265
 20
32.5211745456596
 10
-7.54026999285913
 20
32.5211733102417
 10
-7.54026270161433
 20
32.5216242167798
 10
-7.5401562589361
 20
32.5216229812505
 10
-7.54014750858995
 20
32.5221640690261
 10
-7.54004106528078
 20
32.5221628333811
 10
-7.54003085550351
 20
32.5227941023612
 10
-7.54013729955642
 20
32.522795338036
 10
-7.540135841097
 20
32.5228855193177
 10
-7.54024228526267
 20
32.5228867549067
 10
-7.54023645178488
 20
32.5232474800371
 10
-7.54034289638207
 20
32.5232487155532
 10
-7.54033997981659
 20
32.5234290781188
 10
-7.54097864881152
 20
32.5234364893757
 10
-7.54098156410197
 20
32.5232561267589
 10
-7.54108800874474
 20
32.5232573616447
 10
-7.54109092379664
 20
32.523076999014
 10
-7.5413038126767
 20
32.5230794684985
 97
0
 92
2
 72
0
 73
1
 93
9
 10
-7.59176905149888
 20
32.5230232957875
 10
-7.59187549823646
 20
32.5230244876873
 10
-7.59187971858026
 20
32.5227539377074
 10
-7.59177327216146
 20
32.5227527458199
 10
-7.59177889962361
 20
32.5223920125109
 10
-7.59167245363612
 20
32.5223908205498
 10
-7.59165556967296
 20
32.5234730203627
 10
-7.59176201693557
 20
32.5234742123731
 10
-7.59176905149888
 20
32.5230232957875
 97
0
 92
2
 72
0
 73
1
 93
5
 10
-7.59188534561738
 20
32.5223932043819
 10
-7.59188815909824
 20
32.5222128377111
 10
-7.59178171331698
 20
32.5222116458483
 10
-7.59177889962361
 20
32.5223920125109
 10
-7.59188534561738
 20
32.5223932043819
 97
0
 92
2
 72
0
 73
1
 93
15
 10
-7.538464857333
 20
32.5208817506408
 10
-7.53846777735838
 20
32.520701388153
 10
-7.53836133585335
 20
32.5207001511359
 10
-7.53836425606512
 20
32.5205197886514
 10
-7.53804493222659
 20
32.5205160770856
 10
-7.5380478530497
 20
32.5203357146212
 10
-7.53751564784497
 20
32.5203295269204
 10
-7.53750542113164
 20
32.5209607953724
 10
-7.5378247464659
 20
32.5209645083527
 10
-7.53782182512652
 20
32.5211448707811
 10
-7.53814115115693
 20
32.5211485829768
 10
-7.53814407185887
 20
32.5209682205228
 10
-7.53835695548679
 20
32.5209706948527
 10
-7.5383584156155
 20
32.5208805136151
 10
-7.538464857333
 20
32.5208817506408
 97
0
 92
2
 72
0
 73
1
 93
13
 10
-7.51305666551975
 20
32.5186897563389
 10
-7.51305963604702
 20
32.5185093958537
 10
-7.51295319834477
 20
32.5185081374121
 10
-7.51295616905795
 20
32.5183277769302
 10
-7.51274329409824
 20
32.5183252597945
 10
-7.51273586620332
 20
32.5187761609457
 10
-7.51284230421097
 20
32.5187774195803
 10
-7.512839333219
 20
32.51895778004
 10
-7.5130522096791
 20
32.5189602970565
 10
-7.51305518024617
 20
32.5187799365794
 10
-7.51316161827372
 20
32.518781194944
 10
-7.51316310344108
 20
32.5186910146991
 10
-7.51305666551975
 20
32.5186897563389
 97
0
 92
2
 72
0
 73
1
 93
5
 10
-7.59289536979129
 20
32.5190671415158
 10
-7.59289677534626
 20
32.5189769580941
 10
-7.5927903333334
 20
32.5189757671897
 10
-7.59278892767218
 20
32.5190659506073
 10
-7.59289536979129
 20
32.5190671415158
 97
0
 92
2
 72
0
 73
1
 93
5
 10
-7.60940508638156
 20
32.5185291714087
 10
-7.60940786445121
 20
32.5183488032751
 10
-7.60930142242715
 20
32.5183476263617
 10
-7.60929864414502
 20
32.5185279944872
 10
-7.60940508638156
 20
32.5185291714087
 97
0
 92
2
 72
0
 73
1
 93
5
 10
-7.59312230719082
 20
32.5181676887031
 10
-7.593125117744
 20
32.5179873218149
 10
-7.59291223603664
 20
32.5179849403667
 10
-7.59290942505852
 20
32.5181653072384
 10
-7.59312230719082
 20
32.5181676887031
 97
0
 92
2
 72
0
 73
1
 93
5
 10
-7.59313495448243
 20
32.517356037664
 10
-7.59313917013332
 20
32.5170854872934
 10
-7.59303273033882
 20
32.5170842966554
 10
-7.59302851436923
 20
32.5173548470137
 10
-7.59313495448243
 20
32.517356037664
 97
0
 92
2
 72
0
 73
1
 93
21
 10
-7.6147548794529
 20
32.5167842170619
 10
-7.61476179740272
 20
32.516333295569
 10
-7.61465535751244
 20
32.5163321232501
 10
-7.61465812486157
 20
32.5161517546516
 10
-7.61455168518993
 20
32.5161505822508
 10
-7.61455306896145
 20
32.5160603979536
 10
-7.61444662940222
 20
32.5160592254669
 10
-7.61444939713917
 20
32.5158788568765
 10
-7.61423651846416
 20
32.5158765116492
 10
-7.6142392866013
 20
32.5156961430696
 10
-7.61402640837592
 20
32.5156937974984
 10
-7.61401948692445
 20
32.5161447188967
 10
-7.6139130472899
 20
32.5161435459558
 10
-7.61390058733165
 20
32.5169552043515
 10
-7.61400702792227
 20
32.5169563773288
 10
-7.61400425918711
 20
32.5171367458545
 10
-7.61421714081183
 20
32.5171390915553
 10
-7.61421990912207
 20
32.5169587230135
 10
-7.61453923096812
 20
32.5169622408652
 10
-7.61454199861623
 20
32.5167818722937
 10
-7.6147548794529
 20
32.5167842170619
 97
0
 92
2
 72
0
 73
1
 93
5
 10
-7.59303554095383
 20
32.5169039297431
 10
-7.59304256738151
 20
32.5164530124388
 10
-7.59293612833687
 20
32.5164518217396
 10
-7.59292910137806
 20
32.5169027390233
 10
-7.59303554095383
 20
32.5169039297431
 97
0
 92
2
 72
0
 73
1
 93
5
 10
-7.59325404042908
 20
32.516545577039
 10
-7.59325544548961
 20
32.5164553935673
 10
-7.59314900643242
 20
32.5164542030481
 10
-7.59314760126566
 20
32.5165443865157
 10
-7.59325404042908
 20
32.516545577039
 97
0
 92
2
 72
0
 73
1
 93
25
 10
-7.59276822588507
 20
32.5135635689199
 10
-7.59275838801776
 20
32.5141948533522
 10
-7.59286482439434
 20
32.5141960441287
 10
-7.59285779768902
 20
32.5146469615604
 10
-7.59296423460296
 20
32.5146481522675
 10
-7.59294596581559
 20
32.5158205374857
 10
-7.59305240411666
 20
32.5158217281562
 10
-7.59305099888761
 20
32.5159119116292
 10
-7.59315743730117
 20
32.5159131022137
 10
-7.5931742983609
 20
32.5148309003994
 10
-7.59306786122198
 20
32.5148297098642
 10
-7.59307769716634
 20
32.5141984254116
 10
-7.5929712607772
 20
32.5141972348151
 10
-7.59297828679454
 20
32.5137463173291
 10
-7.59287185094275
 20
32.5137451266632
 10
-7.59287747206849
 20
32.5133843926665
 10
-7.59277103664781
 20
32.513383201927
 10
-7.59277244201976
 20
32.5132930184286
 10
-7.59266600671157
 20
32.5132918276033
 10
-7.59266881764907
 20
32.5131114606106
 10
-7.59256238255957
 20
32.5131102697035
 10
-7.59255816582529
 20
32.5133808201781
 10
-7.59266460123341
 20
32.5133820110976
 10
-7.59266179025825
 20
32.5135623780822
 10
-7.59276822588507
 20
32.5135635689199
 97
0
 92
2
 72
0
 73
1
 93
9
 10
-7.59256800478406
 20
32.5127495357184
 10
-7.59246157012567
 20
32.5127483447377
 10
-7.59246297577231
 20
32.5126581612422
 10
-7.5923565412264
 20
32.5126569701756
 10
-7.59235232394905
 20
32.5129275206458
 10
-7.59245875881357
 20
32.5129287117247
 10
-7.59245594747635
 20
32.5131090787063
 10
-7.59256238255957
 20
32.5131102697035
 10
-7.59256800478406
 20
32.5127495357184
 97
0
 92
2
 72
0
 73
1
 93
5
 10
-7.59235935271325
 20
32.5124766031887
 10
-7.59225291838603
 20
32.5124754120403
 10
-7.59225010668678
 20
32.512655779019
 10
-7.5923565412264
 20
32.5126569701756
 10
-7.59235935271325
 20
32.5124766031887
 97
0
 92
2
 72
0
 73
1
 93
27
 10
-7.59225573006017
 20
32.5122950450563
 10
-7.59214929595165
 20
32.5122938538261
 10
-7.59215210781308
 20
32.5121134868449
 10
-7.59204567392323
 20
32.512112295533
 10
-7.59204989198689
 20
32.5118417450634
 10
-7.59194345842194
 20
32.5118405536738
 10
-7.59194627064538
 20
32.5116601866956
 10
-7.5918398372991
 20
32.5116589952242
 10
-7.59184264970982
 20
32.5114786282488
 10
-7.59173621658223
 20
32.5114774366957
 10
-7.59173762288437
 20
32.5113872532101
 10
-7.59163118986926
 20
32.5113860615711
 10
-7.59163400266709
 20
32.5112056946041
 10
-7.5914211370805
 20
32.5112033110725
 10
-7.59141691723714
 20
32.5114738614964
 10
-7.59152335034589
 20
32.5114750533195
 10
-7.59152053729797
 20
32.5116554202702
 10
-7.5916269706254
 20
32.5116566120115
 10
-7.59162134487898
 20
32.5120173459133
 10
-7.5918342124023
 20
32.5120197291589
 10
-7.59183280616239
 20
32.5121099126392
 10
-7.59193924003967
 20
32.5121111041311
 10
-7.59193642775343
 20
32.5122914710959
 10
-7.5920428618494
 20
32.512292662506
 10
-7.59204004975044
 20
32.5124730294736
 10
-7.59225291838603
 20
32.5124754120403
 10
-7.59225573006017
 20
32.5122950450563
 97
0
 92
2
 72
0
 73
1
 93
33
 10
-7.61286527653013
 20
32.5150496007181
 10
-7.61286804731777
 20
32.5148692322196
 10
-7.61297448540332
 20
32.514870406004
 10
-7.61298833790804
 20
32.5139685633902
 10
-7.61288190088468
 20
32.5139673896464
 10
-7.61288744213819
 20
32.5136066525794
 10
-7.61278100554588
 20
32.5136054787618
 10
-7.61278516173969
 20
32.5133349259595
 10
-7.6126787254722
 20
32.513333752064
 10
-7.61268426740217
 20
32.5129730149917
 10
-7.61257783156572
 20
32.5129718410225
 10
-7.61257921713896
 20
32.5128816567551
 10
-7.61225990998537
 20
32.5128781343195
 10
-7.6122585240935
 20
32.5129683185747
 10
-7.61215208828181
 20
32.5129671442454
 10
-7.61214931626709
 20
32.5131475127437
 10
-7.6122557522912
 20
32.5131486870811
 10
-7.61224605078816
 20
32.5137799768111
 10
-7.61213961402055
 20
32.5137788024453
 10
-7.61212991147067
 20
32.5144100920809
 10
-7.61202347396573
 20
32.5144089175967
 10
-7.61201792909044
 20
32.5147696544855
 10
-7.61212436702026
 20
32.5147708289859
 10
-7.61211743631794
 20
32.5152217500868
 10
-7.61222387478506
 20
32.5152229245175
 10
-7.61222110267324
 20
32.5154032929565
 10
-7.612327541359
 20
32.5154044673053
 10
-7.61232615540003
 20
32.5154946515269
 10
-7.6126454718131
 20
32.5154981740452
 10
-7.6126468574534
 20
32.5154079898115
 10
-7.61275329616391
 20
32.5154091638002
 10
-7.61275883823833
 20
32.5150484268356
 10
-7.61286527653013
 20
32.5150496007181
 97
0
 92
2
 72
0
 73
1
 93
13
 10
-7.61723615696375
 20
32.5146467303087
 10
-7.61723891897948
 20
32.5144663614649
 10
-7.61713248117792
 20
32.5144651913014
 10
-7.61712971894974
 20
32.5146455601371
 10
-7.6170232809419
 20
32.5146443898756
 10
-7.61701913723471
 20
32.514914943107
 10
-7.61712557556121
 20
32.5149161133807
 10
-7.61712281327135
 20
32.515096482203
 10
-7.6174421289252
 20
32.5150999925082
 10
-7.61744627139474
 20
32.5148294392364
 10
-7.61733983315596
 20
32.5148282692368
 10
-7.61734259498392
 20
32.5146479003903
 10
-7.61723615696375
 20
32.5146467303087
 97
0
 92
2
 72
0
 73
1
 93
7
 10
-7.61724858584027
 20
32.513835070469
 10
-7.61724306195683
 20
32.514195808189
 10
-7.6173494994459
 20
32.5141969782503
 10
-7.61735226118752
 20
32.514016609385
 10
-7.61745869847033
 20
32.5140177793482
 10
-7.61746145997485
 20
32.5138374104694
 10
-7.61724858584027
 20
32.513835070469
 97
0
 92
2
 72
0
 73
1
 93
11
 10
-7.61917824409749
 20
32.5129542723891
 10
-7.61918100205523
 20
32.5127739033487
 10
-7.61907456616081
 20
32.5127727348822
 10
-7.61907180799064
 20
32.5129531039145
 10
-7.61896537188996
 20
32.5129519353499
 10
-7.61896123426988
 20
32.5132224888762
 10
-7.61917410711468
 20
32.5132248259396
 10
-7.61917686510938
 20
32.5130444569073
 10
-7.61928330132859
 20
32.513045625296
 10
-7.61928468021049
 20
32.5129554407737
 10
-7.61917824409749
 20
32.5129542723891
 97
0
 92
2
 72
0
 73
1
 93
13
 10
-7.58323149021937
 20
32.510750538727
 10
-7.58301862647786
 20
32.5107481410086
 10
-7.5830157965266
 20
32.5109285073177
 10
-7.58344152488446
 20
32.5109333024276
 10
-7.58344435398616
 20
32.5107529360854
 10
-7.58355078587903
 20
32.5107541346296
 10
-7.58355220031421
 20
32.5106639514523
 10
-7.58493581411572
 20
32.5106795242834
 10
-7.5849386402061
 20
32.5104991578172
 10
-7.58334216602336
 20
32.5104811879402
 10
-7.58333933674718
 20
32.5106615542822
 10
-7.58323290497314
 20
32.5106603555621
 10
-7.58323149021937
 20
32.510750538727
 97
0
 92
2
 72
0
 73
1
 93
5
 10
-7.58589652539746
 20
32.5105099300237
 10
-7.58589934955113
 20
32.5103295634778
 10
-7.58494146627124
 20
32.5103187913457
 10
-7.5849386402061
 20
32.5104991578172
 10
-7.58589652539746
 20
32.5105099300237
 97
0
 92
2
 72
0
 73
1
 93
9
 10
-7.58929811746301
 20
32.5108187223692
 10
-7.58951098194856
 20
32.5108211094677
 10
-7.58951239043684
 20
32.5107309260592
 10
-7.58961882258285
 20
32.5107321194693
 10
-7.58962163932815
 20
32.5105517526399
 10
-7.58940877546719
 20
32.5105493657461
 10
-7.58940595829712
 20
32.510729732559
 10
-7.58929952616369
 20
32.5107285389688
 10
-7.58929811746301
 20
32.5108187223692
 97
0
 92
2
 72
0
 73
1
 93
9
 10
-7.59057952701377
 20
32.5105624892074
 10
-7.59057671217998
 20
32.510742856111
 10
-7.59078957660406
 20
32.5107452410413
 10
-7.59079520539694
 20
32.5103845071958
 10
-7.58983731950963
 20
32.5103737723225
 10
-7.58984013577983
 20
32.5101934054658
 10
-7.58962727274326
 20
32.5101910189649
 10
-7.58962163932815
 20
32.5105517526399
 10
-7.59057952701377
 20
32.5105624892074
 97
0
 92
2
 72
0
 73
1
 93
5
 10
-7.62899914434733
 20
32.511167504026
 10
-7.62900462063834
 20
32.5108067643471
 10
-7.62889818662205
 20
32.5108056042536
 10
-7.62889270990623
 20
32.5111663439166
 10
-7.62899914434733
 20
32.511167504026
 97
0
 92
2
 72
0
 73
1
 93
5
 10
-7.59110887328731
 20
32.5107488177619
 10
-7.59111168705915
 20
32.5105684508171
 10
-7.59089882302215
 20
32.5105660664432
 10
-7.59089600882553
 20
32.5107464333715
 10
-7.59110887328731
 20
32.5107488177619
 97
0
 92
2
 72
0
 73
1
 93
5
 10
-7.58823802468186
 20
32.510536231395
 10
-7.58802516098455
 20
32.5105338421612
 10
-7.58802234105341
 20
32.5107142088669
 10
-7.58823520517551
 20
32.5107165981172
 10
-7.58823802468186
 20
32.510536231395
 97
0
 92
2
 72
0
 73
1
 93
5
 10
-7.58834445653996
 20
32.5105374258769
 10
-7.58834727580875
 20
32.5103570591411
 10
-7.58824084416303
 20
32.5103558646674
 10
-7.58823802468186
 20
32.510536231395
 10
-7.58834445653996
 20
32.5105374258769
 97
0
 92
2
 72
0
 73
1
 93
5
 10
-7.5874901808584
 20
32.5107082341662
 10
-7.58749300185147
 20
32.5105278675018
 10
-7.58706727465841
 20
32.5105230861542
 10
-7.58706445281578
 20
32.5107034527856
 10
-7.5874901808584
 20
32.5107082341662
 97
0
 92
2
 72
0
 73
1
 93
5
 10
-7.58238428219599
 20
32.5104703962943
 10
-7.58238145100833
 20
32.5106507625618
 10
-7.58259431446161
 20
32.5106531613518
 10
-7.58259714522449
 20
32.5104727950678
 10
-7.58238428219599
 20
32.5104703962943
 97
0
 92
2
 72
0
 73
1
 93
5
 10
-7.58238711335836
 20
32.5102900300215
 10
-7.58228068206598
 20
32.510288830508
 10
-7.58227785069122
 20
32.5104691967726
 10
-7.58238428219599
 20
32.5104703962943
 10
-7.58238711335836
 20
32.5102900300215
 97
0
 92
2
 72
0
 73
1
 93
19
 10
-7.61911042013096
 20
32.5104279369718
 10
-7.61911593575682
 20
32.5100671987509
 10
-7.61922236846512
 20
32.5100683670964
 10
-7.61922650480126
 20
32.5097978134045
 10
-7.61912007241155
 20
32.5097966450711
 10
-7.61912283015058
 20
32.5096162759445
 10
-7.61859066935638
 20
32.509610432968
 10
-7.61858791055541
 20
32.5097908020543
 10
-7.61805574885329
 20
32.5097849567875
 10
-7.61805436891258
 20
32.5098751413084
 10
-7.61784150406248
 20
32.5098728025636
 10
-7.61783184281818
 20
32.5105040941157
 10
-7.61793827598353
 20
32.5105052635613
 10
-7.61793551578494
 20
32.5106856325722
 10
-7.61846768276613
 20
32.5106914784909
 10
-7.61847044190273
 20
32.5105111094397
 10
-7.61900260797597
 20
32.510516953068
 10
-7.61900398700403
 20
32.5104267685202
 10
-7.61911042013096
 20
32.5104279369718
 97
0
 92
2
 72
0
 73
1
 93
5
 10
-7.5894115926121
 20
32.5103689989277
 10
-7.58941440973185
 20
32.510188632104
 10
-7.58909511526192
 20
32.5101850511377
 10
-7.58909229750502
 20
32.5103654179367
 10
-7.5894115926121
 20
32.5103689989277
 97
0
 92
2
 72
0
 73
1
 93
5
 10
-7.58207206715203
 20
32.510015881829
 10
-7.5820706512744
 20
32.5101060649577
 10
-7.58217708234176
 20
32.5101072646428
 10
-7.58217849811319
 20
32.51001708151
 10
-7.58207206715203
 20
32.510015881829
 97
0
 92
2
 72
0
 73
1
 93
5
 10
-7.58207489888831
 20
32.5098355155675
 10
-7.58196846814584
 20
32.5098343158047
 10
-7.58196563619718
 20
32.5100146820579
 10
-7.58207206715203
 20
32.510015881829
 10
-7.58207489888831
 20
32.5098355155675
 97
0
 92
2
 72
0
 73
1
 93
5
 10
-7.58197130006921
 20
32.5096539495461
 10
-7.58186486954545
 20
32.5096527497017
 10
-7.58186203740971
 20
32.509833115952
 10
-7.58196846814584
 20
32.5098343158047
 10
-7.58197130006921
 20
32.5096539495461
 97
0
 92
2
 72
0
 73
1
 93
5
 10
-7.58186911770162
 20
32.5093822003161
 10
-7.58176268750275
 20
32.5093810003941
 10
-7.58175843902801
 20
32.5096515497672
 10
-7.58186486954545
 20
32.5096527497017
 10
-7.58186911770162
 20
32.5093822003161
 97
0
 92
2
 72
0
 73
1
 93
5
 10
-7.58176551978761
 20
32.5092006341386
 10
-7.58176835204717
 20
32.5090202678776
 10
-7.58166192227937
 20
32.5090190678822
 10
-7.58165908980743
 20
32.5091994341348
 10
-7.58176551978761
 20
32.5092006341386
 97
0
 92
2
 72
0
 73
1
 93
9
 10
-7.63117567434435
 20
32.5080342115906
 10
-7.63117157407526
 20
32.5083047667173
 10
-7.63127800524636
 20
32.5083059248086
 10
-7.63127527191548
 20
32.5084862948943
 10
-7.63138170330506
 20
32.5084874529036
 10
-7.63138716951763
 20
32.5081267127109
 10
-7.63128073855281
 20
32.5081255547175
 10
-7.63128210519688
 20
32.50803536967
 10
-7.63117567434435
 20
32.5080342115906
 97
0
 92
2
 72
0
 73
1
 93
177
 10
-7.55199139869081
 20
32.5072378426333
 10
-7.55199284443842
 20
32.5071476606518
 10
-7.55209927061809
 20
32.5071488856822
 10
-7.5521021618816
 20
32.5069685217067
 10
-7.55220858785539
 20
32.5069697466387
 10
-7.55221147888074
 20
32.5067893826493
 10
-7.55231790464865
 20
32.5067906074828
 10
-7.55232079543584
 20
32.5066102434795
 10
-7.55242722099787
 20
32.5066114682147
 10
-7.55242866627561
 20
32.5065212862068
 10
-7.55253509173793
 20
32.5065225108477
 10
-7.5525408723597
 20
32.5061617827856
 10
-7.55264729740381
 20
32.5061630073196
 10
-7.55265452250499
 20
32.5057120971905
 10
-7.55276094702473
 20
32.5057133216134
 10
-7.55276672656486
 20
32.5053525934689
 10
-7.55287315066642
 20
32.5053538177849
 10
-7.55287459542915
 20
32.5052636357411
 10
-7.5530874434393
 20
32.5052660840947
 10
-7.55309033252078
 20
32.5050857199863
 10
-7.55319675632322
 20
32.5050869440197
 10
-7.55319964516657
 20
32.5049065798973
 10
-7.55351891597564
 20
32.5049102514323
 10
-7.55352180415624
 20
32.5047298872792
 10
-7.5537346509699
 20
32.5047323345024
 10
-7.55373609483822
 20
32.5046421524154
 10
-7.55394894146536
 20
32.5046445992703
 10
-7.55395182875802
 20
32.5044642350753
 10
-7.55405825186895
 20
32.5044654583593
 10
-7.55406113892351
 20
32.5042850941504
 10
-7.55416756182858
 20
32.504286317336
 10
-7.55417044864504
 20
32.5041059531133
 10
-7.55459613948055
 20
32.5041108449222
 10
-7.55459758245449
 20
32.5040206627919
 10
-7.55470400507333
 20
32.504021885515
 10
-7.55471266214473
 20
32.5034807926796
 10
-7.55460624016281
 20
32.5034795699818
 10
-7.55460768309164
 20
32.5033893878421
 10
-7.55450126122231
 20
32.5033881650586
 10
-7.55450414727293
 20
32.5032078007835
 10
-7.55439772562235
 20
32.5032065779185
 10
-7.55440061185949
 20
32.5030262136465
 10
-7.5540813475833
 20
32.503022544537
 10
-7.55408423443154
 20
32.5028421802849
 10
-7.55397781323134
 20
32.502840957077
 10
-7.55397925675194
 20
32.5027507749531
 10
-7.55387283566432
 20
32.5027495516594
 10
-7.55387861010682
 20
32.5023888231674
 10
-7.55568776225486
 20
32.5024096066378
 10
-7.55568487865545
 20
32.5025899710301
 10
-7.55621698364415
 20
32.5025960789096
 10
-7.55621986618211
 20
32.5024157144751
 10
-7.55632628698687
 20
32.5024169357727
 10
-7.55633061042709
 20
32.5021463890982
 10
-7.55643703091986
 20
32.5021476102931
 10
-7.55644279499213
 20
32.5017868813579
 10
-7.55654921506676
 20
32.501788102446
 10
-7.55655209685199
 20
32.5016077379619
 10
-7.55676493659599
 20
32.5016101798514
 10
-7.55676637726667
 20
32.5015199975989
 10
-7.55687279704219
 20
32.5015212184044
 10
-7.55687567815197
 20
32.5013408538869
 10
-7.55698209772163
 20
32.5013420745941
 10
-7.55698497859339
 20
32.5011617100627
 10
-7.55709139795722
 20
32.5011629306715
 10
-7.55709571889819
 20
32.5008923838516
 10
-7.55720213795003
 20
32.5008936043578
 10
-7.55721797973745
 20
32.4999015992013
 10
-7.55700514397517
 20
32.4998991581918
 10
-7.55700802464106
 20
32.4997187936171
 10
-7.55690160698183
 20
32.4997175729858
 10
-7.55690304741126
 20
32.4996273907007
 10
-7.55647737726322
 20
32.4996225072929
 10
-7.55647593640927
 20
32.4997126895612
 10
-7.55626310116159
 20
32.4997102473091
 10
-7.55626021900986
 20
32.4998906118247
 10
-7.55562171214776
 20
32.4998832828588
 10
-7.55562459557307
 20
32.4997029183939
 10
-7.55541176042841
 20
32.4997004747025
 10
-7.55541320234367
 20
32.4996102924765
 10
-7.55530678488713
 20
32.4996090705001
 10
-7.55530966891058
 20
32.4994287060523
 10
-7.55520325167274
 20
32.4994274839944
 10
-7.55520613588269
 20
32.4992471195497
 10
-7.55509971886355
 20
32.4992458974103
 10
-7.55510404544854
 20
32.4989753507458
 10
-7.55499762875422
 20
32.4989741285291
 10
-7.55500339786854
 20
32.498613399641
 10
-7.55479056534824
 20
32.4986109549715
 10
-7.55479345029125
 20
32.4984305905363
 10
-7.55468703425301
 20
32.4984293680751
 10
-7.55468847682097
 20
32.4983391858596
 10
-7.55394356547663
 20
32.4983306261419
 10
-7.5539421221658
 20
32.4984208083277
 10
-7.5534100422969
 20
32.498414691524
 10
-7.55340715459466
 20
32.4985950558494
 10
-7.55319432226774
 20
32.4985926084813
 10
-7.55318854593688
 20
32.498953337082
 10
-7.55308212935859
 20
32.4989521132462
 10
-7.55308068515362
 20
32.4990422953888
 10
-7.55244218518262
 20
32.4990349504591
 10
-7.55244363002435
 20
32.4989447683419
 10
-7.55191154742329
 20
32.4989386451146
 10
-7.55191010205093
 20
32.4990288272107
 10
-7.55159085224938
 20
32.4990251521822
 10
-7.55158796084852
 20
32.4992055163449
 10
-7.55126871046832
 20
32.4992018404814
 10
-7.55126581840487
 20
32.4993822046133
 10
-7.55115940141213
 20
32.4993809791371
 10
-7.55115650911059
 20
32.4995613432551
 10
-7.55105009191205
 20
32.4995601176805
 10
-7.55104864564547
 20
32.4996502997332
 10
-7.55083581105551
 20
32.4996478483056
 10
-7.55083291807843
 20
32.4998282123901
 10
-7.5506200830898
 20
32.4998257605858
 10
-7.55061718966235
 20
32.500006124648
 10
-7.55051077196547
 20
32.5000048986024
 10
-7.55050787829991
 20
32.5001852626507
 10
-7.55040146039722
 20
32.5001840365067
 10
-7.55040001344861
 20
32.5002742185245
 10
-7.55029359544626
 20
32.5002729922864
 10
-7.55028346588211
 20
32.5009042663439
 10
-7.55038988462741
 20
32.5009054926118
 10
-7.55038699062033
 20
32.5010858566245
 10
-7.55049340958436
 20
32.5010870828109
 10
-7.55049051576371
 20
32.5012674468267
 10
-7.55059693494648
 20
32.5012686729316
 10
-7.55059404131225
 20
32.5014490369504
 10
-7.55070046071376
 20
32.5014502629738
 10
-7.55069612053236
 20
32.5017208090047
 10
-7.55037686139195
 20
32.5017171306266
 10
-7.55037975548952
 20
32.5015367666328
 10
-7.55027333600126
 20
32.5015355403353
 10
-7.55027044169141
 20
32.5017159043206
 10
-7.55016402199733
 20
32.5017146779247
 10
-7.55014810166344
 20
32.502706679701
 10
-7.55025452252509
 20
32.5027079061435
 10
-7.55025018079853
 20
32.5029784520668
 10
-7.55035660198509
 20
32.502979678432
 10
-7.55035370768069
 20
32.5031600423826
 10
-7.55109865765361
 20
32.5031686244797
 10
-7.55109576480944
 20
32.5033489884841
 10
-7.55120218647229
 20
32.5033502141466
 10
-7.55120074014666
 20
32.503440396151
 10
-7.55109431837767
 20
32.5034391704843
 10
-7.55109142549473
 20
32.5036195344807
 10
-7.55077215958961
 20
32.5036158569154
 10
-7.55076926604393
 20
32.5037962208809
 10
-7.55066284387617
 20
32.5037949948374
 10
-7.55065850319073
 20
32.5040655407629
 10
-7.55055208071098
 20
32.5040643146167
 10
-7.5505462926153
 20
32.5044250424814
 10
-7.55065271551966
 20
32.5044262686445
 10
-7.55064982164535
 20
32.5046066325773
 10
-7.55075624476848
 20
32.5046078586589
 10
-7.55075479792779
 20
32.5046980406275
 10
-7.55096764440576
 20
32.5047004925293
 10
-7.55096185782762
 20
32.5050612204239
 10
-7.55085543416078
 20
32.5050599945011
 10
-7.55085254062062
 20
32.5052403584318
 10
-7.55074611674792
 20
32.5052391324105
 10
-7.55073888225365
 20
32.5056900421925
 10
-7.55063245785661
 20
32.5056888160601
 10
-7.55062811676401
 20
32.5059593619004
 10
-7.55073454147954
 20
32.5059605880455
 10
-7.55072151880821
 20
32.5067722255315
 10
-7.55082794448568
 20
32.5067734516248
 10
-7.55082070997292
 20
32.5072243613131
 10
-7.5509271361877
 20
32.5072255873376
 10
-7.5509242425497
 20
32.5074059512119
 10
-7.55103066898328
 20
32.5074071771549
 10
-7.55102777553177
 20
32.5075875410323
 10
-7.55155990885829
 20
32.5075936694396
 10
-7.55156280124809
 20
32.5074133055199
 10
-7.55177565419923
 20
32.5074157562361
 10
-7.55177854613851
 20
32.507235392294
 10
-7.55199139869081
 20
32.5072378426333
 97
0
 92
2
 72
0
 73
1
 93
5
 10
-7.58084024163061
 20
32.5071156193971
 10
-7.58083740772553
 20
32.5072959856401
 10
-7.5809438354253
 20
32.5072971862767
 10
-7.58094666911802
 20
32.5071168200254
 10
-7.58084024163061
 20
32.5071156193971
 97
0
 92
2
 72
0
 73
1
 93
5
 10
-7.58084307551037
 20
32.5069352531487
 10
-7.58073664824162
 20
32.5069340524388
 10
-7.58073381414952
 20
32.5071144186789
 10
-7.58084024163061
 20
32.5071156193971
 10
-7.58084307551037
 20
32.5069352531487
 97
0
 92
2
 72
0
 73
1
 93
9
 10
-7.58074089933232
 20
32.5066635030685
 10
-7.58063447238843
 20
32.5066623022811
 10
-7.58063730662959
 20
32.5064819360358
 10
-7.58053087990437
 20
32.5064807351666
 10
-7.58052521097204
 20
32.5068414676352
 10
-7.58063163812195
 20
32.5068426685209
 10
-7.58063022097921
 20
32.5069328516389
 10
-7.58073664824162
 20
32.5069340524388
 10
-7.58074089933232
 20
32.5066635030685
 97
0
 92
2
 72
0
 73
1
 93
41
 10
-7.56871755285999
 20
32.5063468793585
 10
-7.56872041085775
 20
32.5061665140408
 10
-7.56893326247886
 20
32.5061689356484
 10
-7.56893469125583
 20
32.5060787529791
 10
-7.56914754269013
 20
32.5060811742184
 10
-7.56915039980026
 20
32.5059008088591
 10
-7.56925682531465
 20
32.5059020193355
 10
-7.56925968218693
 20
32.5057216539624
 10
-7.56936610749537
 20
32.5057228643404
 10
-7.56936896412979
 20
32.5055424989536
 10
-7.56947538923228
 20
32.5055437092332
 10
-7.56948538650869
 20
32.5049124303075
 10
-7.56937896214933
 20
32.5049112200572
 10
-7.56938039041232
 20
32.5048210373523
 10
-7.56927396616551
 20
32.5048198270161
 10
-7.56927682288467
 20
32.5046394616106
 10
-7.56885112681051
 20
32.5046346193996
 10
-7.56884826924207
 20
32.5048149847716
 10
-7.56852899661649
 20
32.5048113521435
 10
-7.56852756750422
 20
32.5049015348149
 10
-7.5684211432023
 20
32.5049003237547
 10
-7.56841828474628
 20
32.5050806890852
 10
-7.56831186023843
 20
32.5050794779267
 10
-7.56830900154455
 20
32.5052598432434
 10
-7.56820257683075
 20
32.5052586319865
 10
-7.56819971789902
 20
32.5054389972894
 10
-7.56809329297928
 20
32.5054377859342
 10
-7.56808900421529
 20
32.5057083338659
 10
-7.56798257898345
 20
32.5057071224082
 10
-7.56797543038494
 20
32.5061580355798
 10
-7.56808185614761
 20
32.5061592470584
 10
-7.56807899687585
 20
32.506339612326
 10
-7.56818542285724
 20
32.506340823723
 10
-7.56818256377227
 20
32.5065211889935
 10
-7.56828898997239
 20
32.5065224003089
 10
-7.56828613107422
 20
32.5067027655824
 10
-7.56849898391829
 20
32.50670518796
 10
-7.56850184239178
 20
32.5065248226698
 10
-7.56860826861105
 20
32.5065260337153
 10
-7.56861112684668
 20
32.5063456684113
 10
-7.56871755285999
 20
32.5063468793585
 97
0
 92
2
 72
0
 73
1
 93
5
 10
-7.58011934920127
 20
32.50557409969
 10
-7.58012501947777
 20
32.5052133672122
 10
-7.58001859427056
 20
32.5052121659512
 10
-7.58001292356939
 20
32.5055728984124
 10
-7.58011934920127
 20
32.50557409969
 97
0
 92
2
 72
0
 73
1
 93
7
 10
-7.57992492873233
 20
32.504399316521
 10
-7.57991500459459
 20
32.5050305983698
 10
-7.58012785457804
 20
32.5050330009652
 10
-7.58013919472583
 20
32.5043115359233
 10
-7.57981992230804
 20
32.5043079319948
 10
-7.57981850449324
 20
32.5043981151174
 10
-7.57992492873233
 20
32.504399316521
 97
0
 92
2
 72
0
 73
1
 93
7
 10
-7.57225669826024
 20
32.5046733167791
 10
-7.57225242208941
 20
32.5049438652361
 10
-7.57235884662082
 20
32.5049450730571
 10
-7.57236597300957
 20
32.5044941589345
 10
-7.57215312501471
 20
32.5044917432442
 10
-7.57215027405367
 20
32.5046721088806
 10
-7.57225669826024
 20
32.5046733167791
 97
0
 92
2
 72
0
 73
1
 93
57
 10
-7.54001774480133
 20
32.5038522992456
 10
-7.54002065981529
 20
32.503671936144
 10
-7.54023350286012
 20
32.5036744061348
 10
-7.54023641742345
 20
32.5034940430108
 10
-7.54034283874333
 20
32.5034952778627
 10
-7.54034721022106
 20
32.5032247331537
 10
-7.54045363122901
 20
32.5032259679028
 10
-7.54045654530267
 20
32.5030456047482
 10
-7.54056296610483
 20
32.5030468393988
 10
-7.54057899187707
 20
32.5020548419048
 10
-7.54047257224248
 20
32.5020536073011
 10
-7.54047985695481
 20
32.5016026993165
 10
-7.54037343785743
 20
32.5016014646441
 10
-7.54037780892515
 20
32.5013309198499
 10
-7.54027139015268
 20
32.5013296851003
 10
-7.54027430437757
 20
32.501149321906
 10
-7.54016788582388
 20
32.501148087075
 10
-7.540170800235
 20
32.5009677238838
 10
-7.54006438190009
 20
32.5009664889714
 10
-7.54006729649745
 20
32.5007861257833
 10
-7.53996087838132
 20
32.5007848907894
 10
-7.53996233577637
 20
32.5006947091976
 10
-7.5397494997759
 20
32.5006922389487
 10
-7.539752414971
 20
32.500511875778
 10
-7.5395395794211
 20
32.5005094051863
 10
-7.53954249501469
 20
32.5003290420273
 10
-7.53911682484209
 20
32.5003240997985
 10
-7.5391211994572
 20
32.5000535551011
 10
-7.53901478224872
 20
32.5000523193318
 10
-7.53901769883848
 20
32.4998719562019
 10
-7.53869844788891
 20
32.49986824838
 10
-7.53869553066237
 20
32.5000486114842
 10
-7.53858911347995
 20
32.5000473753551
 10
-7.53858765475078
 20
32.5001375569009
 10
-7.53848123746875
 20
32.5001363206776
 10
-7.5384724843201
 20
32.5006774098984
 10
-7.5383660664078
 20
32.5006761735595
 10
-7.5383587714074
 20
32.501127081185
 10
-7.53846518985038
 20
32.5011283175452
 10
-7.53846227201687
 20
32.5013086805945
 10
-7.53835585336162
 20
32.5013074442257
 10
-7.53833396718741
 20
32.5026601668586
 10
-7.53844038743475
 20
32.5026614032915
 10
-7.53843746937969
 20
32.5028417662948
 10
-7.53854388984584
 20
32.5028430026462
 10
-7.53854097197699
 20
32.5030233656526
 10
-7.5388602340514
 20
32.5030270741928
 10
-7.53885731679336
 20
32.5032074372194
 10
-7.53896373771015
 20
32.503208673228
 10
-7.53895936209268
 20
32.5034792177706
 10
-7.53885294085745
 20
32.5034779817491
 10
-7.5388427301123
 20
32.5041092522713
 10
-7.53937484006882
 20
32.5041154316283
 10
-7.53937775639565
 20
32.5039350685861
 10
-7.53959059999925
 20
32.503937539682
 10
-7.53959205794059
 20
32.5038473581504
 10
-7.54001774480133
 20
32.5038522992456
 97
0
 92
2
 72
0
 73
1
 93
21
 10
-7.57120814696129
 20
32.5036692230914
 10
-7.57121242604936
 20
32.503398674703
 10
-7.57099958074236
 20
32.5033962571334
 10
-7.5710024338605
 20
32.503215891551
 10
-7.57068316658471
 20
32.5032122645469
 10
-7.57068602031427
 20
32.5030318989842
 10
-7.57026033155166
 20
32.5030270617526
 10
-7.57026175883148
 20
32.502936878986
 10
-7.56994249264491
 20
32.5029332501301
 10
-7.56994106504664
 20
32.5030234328842
 10
-7.56983464289105
 20
32.5030222230815
 10
-7.56983178746307
 20
32.5032025885774
 10
-7.56972536510156
 20
32.5032013786764
 10
-7.56971822588924
 20
32.5036522923715
 10
-7.56961180300334
 20
32.5036510823596
 10
-7.56960609109407
 20
32.5040118132747
 10
-7.57120244142135
 20
32.5040299542572
 10
-7.57120529420406
 20
32.503849588677
 10
-7.57131171739789
 20
32.5038507973477
 10
-7.57131456994281
 20
32.5036704317538
 10
-7.57120814696129
 20
32.5036692230914
 97
0
 92
2
 72
0
 73
1
 93
5
 10
-7.57113167862769
 20
32.5017741754522
 10
-7.57113310496911
 20
32.5016839926332
 10
-7.57102668433562
 20
32.5016827838827
 10
-7.57102525788806
 20
32.5017729666976
 10
-7.57113167862769
 20
32.5017741754522
 97
0
 92
2
 72
0
 73
1
 93
607
 10
-7.51870252228928
 20
32.4990030112676
 10
-7.51870547930053
 20
32.4988226497553
 10
-7.51891830888405
 20
32.4988251554709
 10
-7.51892126544441
 20
32.4986447939359
 10
-7.51902768003384
 20
32.4986460466501
 10
-7.51902915819799
 20
32.4985558658763
 10
-7.5191355726879
 20
32.4985571184962
 10
-7.51913852878418
 20
32.4983767569358
 10
-7.51924494306845
 20
32.4983780094571
 10
-7.51924789892609
 20
32.4981976478827
 10
-7.51946072708998
 20
32.4982001526382
 10
-7.51946368249674
 20
32.498019791041
 10
-7.51957009637636
 20
32.4980210432752
 10
-7.51957157396373
 20
32.4979308624703
 10
-7.51967798774383
 20
32.4979321146102
 10
-7.51970753598311
 20
32.4961284981405
 10
-7.5198139476476
 20
32.496129750104
 10
-7.51982133376448
 20
32.4956788458803
 10
-7.51992774490505
 20
32.4956800977322
 10
-7.51993069909341
 20
32.4954997360246
 10
-7.52003711002838
 20
32.4955009877779
 10
-7.52004449485332
 20
32.4950500834636
 10
-7.52015090526437
 20
32.4950513351054
 10
-7.52016419657878
 20
32.4942397072155
 10
-7.5200577871226
 20
32.4942384556126
 10
-7.52006517148576
 20
32.4937875512035
 10
-7.51995876256665
 20
32.4937862995324
 10
-7.51996614729536
 20
32.4933353951111
 10
-7.51985973891331
 20
32.4933341433716
 10
-7.51986269297079
 20
32.4931537816023
 10
-7.51975628480752
 20
32.4931525297815
 10
-7.51975923905079
 20
32.4929721680154
 10
-7.51965283110629
 20
32.4929709161134
 10
-7.51965430832412
 20
32.4928807352326
 10
-7.51944149266709
 20
32.4928782311674
 10
-7.51944001523708
 20
32.4929684120395
 10
-7.51933360731238
 20
32.4929671598677
 10
-7.519327697102
 20
32.4933278833253
 10
-7.51922128875954
 20
32.4933266310463
 10
-7.51921833340257
 20
32.4935069927583
 10
-7.51911192485452
 20
32.4935057403807
 10
-7.51911783596642
 20
32.4931450169685
 10
-7.51901142784934
 20
32.4931437645183
 10
-7.51901438357786
 20
32.4929634028127
 10
-7.51890797567955
 20
32.4929621502812
 10
-7.5189124095411
 20
32.4926916077257
 10
-7.51880600196766
 20
32.4926903551172
 10
-7.51880895805452
 20
32.4925099934154
 10
-7.51870255069985
 20
32.4925087407257
 10
-7.51870550697248
 20
32.4923283790272
 10
-7.51838628558461
 20
32.4923246204444
 10
-7.51838776402927
 20
32.492234439606
 10
-7.51828135701928
 20
32.4922331865696
 10
-7.51827987846853
 20
32.4923233674036
 10
-7.51806706425618
 20
32.4923208610522
 10
-7.51806410671053
 20
32.4925012226988
 10
-7.51795769940209
 20
32.4924999693796
 10
-7.51795474161785
 20
32.4926803310122
 10
-7.51763551909565
 20
32.492676570489
 10
-7.51764143591075
 20
32.4923158472704
 10
-7.51742862177767
 20
32.49231333984
 10
-7.51743010117709
 20
32.4922231590406
 10
-7.51732369422655
 20
32.4922219051949
 10
-7.51732665321775
 20
32.4920415436008
 10
-7.51711383976082
 20
32.4920390356568
 10
-7.51711975851257
 20
32.4916783124869
 10
-7.51775819641666
 20
32.4916858351359
 10
-7.51775967545159
 20
32.4915956543141
 10
-7.51797248792698
 20
32.4915981611357
 10
-7.51797544555269
 20
32.4914177994707
 10
-7.51808185158813
 20
32.491419052738
 10
-7.51808480897527
 20
32.4912386910588
 10
-7.51819121480515
 20
32.4912399442275
 10
-7.51819417195371
 20
32.4910595825343
 10
-7.51840698320898
 20
32.4910620885846
 10
-7.51840402648474
 20
32.4912424502951
 10
-7.51851043233444
 20
32.491243703194
 10
-7.51851338884652
 20
32.4910633414749
 10
-7.51883260579875
 20
32.4910670996061
 10
-7.51883408372665
 20
32.4909769187316
 10
-7.51894048928452
 20
32.4909781712578
 10
-7.51894344490837
 20
32.4907978094959
 10
-7.51904985026069
 20
32.4907990619236
 10
-7.51906610455305
 20
32.4898070720887
 10
-7.51895970036756
 20
32.4898058197086
 10
-7.518964133536
 20
32.489535277011
 10
-7.51885772967532
 20
32.489534024554
 10
-7.51886364089844
 20
32.4891733009554
 10
-7.51875723746864
 20
32.4891720484258
 10
-7.51876462687936
 20
32.4887211439188
 10
-7.5186582239865
 20
32.4887198913208
 10
-7.51866265787192
 20
32.4884493486134
 10
-7.51823704763927
 20
32.4884443373746
 10
-7.51824000437838
 20
32.4882639755974
 10
-7.51760159050029
 20
32.4882564560938
 10
-7.5175986324884
 20
32.488436817819
 10
-7.51749222998638
 20
32.4884355642451
 10
-7.51749518821039
 20
32.4882552025286
 10
-7.51717598138035
 20
32.4882514412932
 10
-7.51718189902185
 20
32.4878907178959
 10
-7.51728830086767
 20
32.4878919717136
 10
-7.51728978015546
 20
32.4878017908566
 10
-7.51739618190183
 20
32.48780304458
 10
-7.51739914024548
 20
32.4876226828532
 10
-7.51782474644854
 20
32.4876276968133
 10
-7.51782770391728
 20
32.4874473350464
 10
-7.51825330937754
 20
32.4874523475333
 10
-7.51825478767777
 20
32.4873621666305
 10
-7.51836118895328
 20
32.4873634195232
 10
-7.51836414532181
 20
32.4871830577049
 10
-7.51847054639181
 20
32.4871843104989
 10
-7.51847645862539
 20
32.4868235868288
 10
-7.51837005797962
 20
32.4868223340521
 10
-7.51837449240365
 20
32.4865517912982
 10
-7.51826809208265
 20
32.4865505384446
 10
-7.51827548318759
 20
32.4860996338494
 10
-7.51816908340346
 20
32.4860983809275
 10
-7.51817499659277
 20
32.4857376572443
 10
-7.51806859723944
 20
32.4857364042498
 10
-7.51807155400658
 20
32.4855560424088
 10
-7.51785875574394
 20
32.4855535361673
 10
-7.5178602343297
 20
32.4854633552534
 10
-7.51754103730342
 20
32.48545959523
 10
-7.51753955839951
 20
32.4855497761309
 10
-7.51743315929791
 20
32.4855485226057
 10
-7.51743463830787
 20
32.4854583417091
 10
-7.51722184033659
 20
32.4854558343975
 10
-7.51722479876088
 20
32.4852754726176
 10
-7.51711839999725
 20
32.4852742188356
 10
-7.51712135860721
 20
32.485093857059
 10
-7.51658936594865
 20
32.4850875868439
 10
-7.51659232559263
 20
32.4849072251052
 10
-7.51680512221205
 20
32.4849097334436
 10
-7.51680660181203
 20
32.4848195525635
 10
-7.51733859294598
 20
32.4848258218146
 10
-7.51734155106568
 20
32.4846454600071
 10
-7.51766074518907
 20
32.484649220453
 10
-7.51766370264607
 20
32.4844688586141
 10
-7.51777010048832
 20
32.4844701119076
 10
-7.5177804506375
 20
32.4838388453984
 10
-7.51767405353754
 20
32.4838375921352
 10
-7.51767848953481
 20
32.4835670493383
 10
-7.51757209275958
 20
32.4835657959982
 10
-7.51757800775429
 20
32.4832050722673
 10
-7.51747161140981
 20
32.4832038188546
 10
-7.51747456907961
 20
32.4830234569897
 10
-7.51715538072204
 20
32.4830196962384
 10
-7.51715981813151
 20
32.4827491534698
 10
-7.51726621392599
 20
32.4827504071305
 10
-7.51727212995532
 20
32.4823896834028
 10
-7.51716573458497
 20
32.4823884297595
 10
-7.51716721368182
 20
32.4822982488285
 10
-7.51695442317302
 20
32.4822957412807
 10
-7.51695294386411
 20
32.4823859222031
 10
-7.51684654851359
 20
32.48238466829
 10
-7.51684063078772
 20
32.4827453919484
 10
-7.51662783925823
 20
32.482742883818
 10
-7.51663079855852
 20
32.4825625220088
 10
-7.51652440301576
 20
32.4825612678175
 10
-7.51653920018094
 20
32.4816594587339
 10
-7.5166455946634
 20
32.4816607128819
 10
-7.51664855380506
 20
32.4814803510403
 10
-7.51675494808206
 20
32.4814816050897
 10
-7.51675790698524
 20
32.481301243234
 10
-7.51718348331111
 20
32.4813062584984
 10
-7.51718644133964
 20
32.4811258966026
 10
-7.51729283522558
 20
32.4811271501854
 10
-7.51729727190075
 20
32.4808566073185
 10
-7.51740366547521
 20
32.4808578607984
 10
-7.5174110592716
 20
32.4804069559716
 10
-7.51719827318951
 20
32.4804044489653
 10
-7.51720123108591
 20
32.4802240870424
 10
-7.5167756598492
 20
32.480219071986
 10
-7.51677861856734
 20
32.4800387100924
 10
-7.51667222598672
 20
32.4800374561122
 10
-7.51667518489047
 20
32.4798570942218
 10
-7.51720714679945
 20
32.4798633631805
 10
-7.5172174990438
 20
32.4792320963699
 10
-7.51711110739091
 20
32.4792308427882
 10
-7.51711554428602
 20
32.4789602998621
 10
-7.51700915295779
 20
32.4789590462035
 10
-7.51701211106685
 20
32.4787786842547
 10
-7.51679932885427
 20
32.4787761766853
 10
-7.51680228736096
 20
32.4785958147484
 10
-7.51648311472772
 20
32.4785920527462
 10
-7.51648015558494
 20
32.4787724146572
 10
-7.51626737343844
 20
32.478769906189
 10
-7.51627181277876
 20
32.4784993633466
 10
-7.51605903129477
 20
32.4784968545449
 10
-7.51606199124599
 20
32.4783164926605
 10
-7.51584921021249
 20
32.4783139835167
 10
-7.51584624983723
 20
32.4784943453838
 10
-7.51552707770051
 20
32.4784905809679
 10
-7.51552559718492
 20
32.4785807618864
 10
-7.5154192063799
 20
32.478579506897
 10
-7.51541624511686
 20
32.4787598687213
 10
-7.5152034631026
 20
32.4787573584556
 10
-7.51520642478968
 20
32.4785769966487
 10
-7.5151000340045
 20
32.4785757413897
 10
-7.51511040044299
 20
32.4779444750532
 10
-7.5152167904861
 20
32.4779457302819
 10
-7.51522123282821
 20
32.4776751875329
 10
-7.51532762255991
 20
32.4776764426587
 10
-7.51533354516609
 20
32.4773157189571
 10
-7.51543993448038
 20
32.4773169739756
 10
-7.51544141500938
 20
32.4772267930425
 10
-7.51554780422428
 20
32.4772280479668
 10
-7.51555076505044
 20
32.4770476860879
 10
-7.51565715405994
 20
32.4770489409137
 10
-7.51566011464764
 20
32.4768685790206
 10
-7.51597928107979
 20
32.4768723429327
 10
-7.51598668084329
 20
32.4764214381113
 10
-7.51588029255598
 20
32.4764201835855
 10
-7.5158832526271
 20
32.4762398216562
 10
-7.51556408844083
 20
32.4762360575655
 10
-7.5155611277337
 20
32.4764164194689
 10
-7.51545473947283
 20
32.4764151645836
 10
-7.51545177852724
 20
32.4765955264728
 10
-7.51534539006099
 20
32.476594271489
 10
-7.51534390947227
 20
32.4766844524272
 10
-7.51523752090663
 20
32.4766831973492
 10
-7.51523455949735
 20
32.476863559213
 10
-7.51512817072631
 20
32.4768623040364
 10
-7.51512520907857
 20
32.477042665886
 10
-7.51491243113233
 20
32.4770401552459
 10
-7.51490946903411
 20
32.4772205170728
 10
-7.51469669069031
 20
32.4772180060558
 10
-7.51469520941927
 20
32.4773081869586
 10
-7.51448243088992
 20
32.4773056755734
 10
-7.51447946790396
 20
32.4774860373575
 10
-7.51426668897706
 20
32.4774835255955
 10
-7.51426372554061
 20
32.4776638873568
 10
-7.51415733587507
 20
32.4776626313323
 10
-7.51415437220013
 20
32.4778429930795
 10
-7.51404798232919
 20
32.4778417369564
 10
-7.5140435364491
 20
32.4781122795541
 10
-7.51393714626677
 20
32.4781110233281
 10
-7.51393418210159
 20
32.4782913850444
 10
-7.51382779171385
 20
32.4782901287199
 10
-7.51382482731016
 20
32.4784704904221
 10
-7.51371843671703
 20
32.4784692339991
 10
-7.51371695439924
 20
32.4785594148438
 10
-7.51361056370671
 20
32.4785581583265
 10
-7.51360759883925
 20
32.4787385200032
 10
-7.51350120794132
 20
32.4787372633874
 10
-7.51349379512673
 20
32.4791881675338
 10
-7.51338740370535
 20
32.4791869108063
 10
-7.5133814729104
 20
32.4795476340817
 10
-7.51327508107158
 20
32.479546377247
 10
-7.51327211542233
 20
32.4797267388679
 10
-7.51305933134049
 20
32.4797242249115
 10
-7.5130578482939
 20
32.4798144057112
 10
-7.5129514561569
 20
32.4798131485938
 10
-7.5129484898318
 20
32.4799935101805
 10
-7.51273570515359
 20
32.4799909956587
 10
-7.51273273837791
 20
32.4801713572226
 10
-7.51262634583671
 20
32.4801700998182
 10
-7.51262337882249
 20
32.480350461368
 10
-7.51241059333588
 20
32.4803479462722
 10
-7.51240910960678
 20
32.4804381270364
 10
-7.51219632393465
 20
32.4804356115724
 10
-7.51221709850739
 20
32.4791730808724
 10
-7.51232348985589
 20
32.4791743385885
 10
-7.51233535960893
 20
32.4784528923204
 10
-7.51244175011595
 20
32.4784541499118
 10
-7.51244768440937
 20
32.4780934267279
 10
-7.51255407449898
 20
32.4780946842121
 10
-7.51255704139391
 20
32.4779143226033
 10
-7.51266343127813
 20
32.4779155799889
 10
-7.51266491460965
 20
32.4778253991781
 10
-7.51277130439449
 20
32.4778266564695
 10
-7.51277427082563
 20
32.4776462948352
 10
-7.51288066040508
 20
32.4776475520281
 10
-7.51288362659771
 20
32.4774671903797
 10
-7.51299001597177
 20
32.477468447474
 10
-7.51299446489301
 20
32.4771979049782
 10
-7.51310085395568
 20
32.4771991619696
 10
-7.51310381965804
 20
32.4770188002903
 10
-7.51321020851533
 20
32.4770200571831
 10
-7.51321317397919
 20
32.4768396954897
 10
-7.51331956263109
 20
32.4768409522839
 10
-7.51332401045921
 20
32.4765704097206
 10
-7.51343039879973
 20
32.476571666412
 10
-7.51343336377336
 20
32.4763913046876
 10
-7.5135397519085
 20
32.4763925612805
 10
-7.51354271664364
 20
32.476212199542
 10
-7.5136491045734
 20
32.4762134560363
 10
-7.51365206907005
 20
32.4760330942838
 10
-7.51375845679443
 20
32.4760343506795
 10
-7.51375993892683
 20
32.4759441697968
 10
-7.51386632655184
 20
32.4759454260983
 10
-7.51386929058478
 20
32.4757650643203
 10
-7.5139756780044
 20
32.4757663205233
 10
-7.51397864179887
 20
32.4755859587311
 10
-7.51408502901313
 20
32.4755872148355
 10
-7.51408799256912
 20
32.4754068530293
 10
-7.514194379578
 20
32.4754081090352
 10
-7.51419586124008
 20
32.4753179281257
 10
-7.51430224814959
 20
32.4753191840373
 10
-7.51430521124189
 20
32.4751388222056
 10
-7.51441159794602
 20
32.4751400780187
 10
-7.51441456079987
 20
32.4749597161729
 10
-7.51452094729863
 20
32.4749609718875
 10
-7.51452539121179
 20
32.4746904290956
 10
-7.51441900503101
 20
32.4746891733941
 10
-7.51442493057988
 20
32.4743284496699
 10
-7.51431854482967
 20
32.4743271938959
 10
-7.51432595214682
 20
32.473876289232
 10
-7.51411318172614
 20
32.4738737774577
 10
-7.51411021839518
 20
32.4740541393099
 10
-7.51389744757703
 20
32.4740516271588
 10
-7.51389596568965
 20
32.4741418080742
 10
-7.5135768091941
 20
32.4741380391606
 10
-7.51357384476354
 20
32.4743184009613
 10
-7.51336107337565
 20
32.4743158878855
 10
-7.51335810849465
 20
32.4744962496635
 10
-7.51325172259866
 20
32.4744949929821
 10
-7.51324875747918
 20
32.474675354746
 10
-7.51303598528311
 20
32.4746728410963
 10
-7.51303450250145
 20
32.4747630219675
 10
-7.51292811630736
 20
32.4747617650035
 10
-7.51292515051219
 20
32.4749421267331
 10
-7.51281876411274
 20
32.4749408696706
 10
-7.51281579807909
 20
32.4751212313862
 10
-7.51260302487609
 20
32.4751187169741
 10
-7.51260005839196
 20
32.4752990786669
 10
-7.51249367158841
 20
32.4752978213174
 10
-7.51249218823042
 20
32.4753880021574
 10
-7.5122794144312
 20
32.47538548718
 10
-7.51227644727135
 20
32.4755658488386
 10
-7.51217006016969
 20
32.4755645912065
 10
-7.51216709277134
 20
32.4757449528509
 10
-7.51206070546432
 20
32.4757436951202
 10
-7.51205773782746
 20
32.4759240567506
 10
-7.51195135031507
 20
32.4759227989213
 10
-7.51194986638071
 20
32.4760129797301
 10
-7.51184347876895
 20
32.4760117218066
 10
-7.51184051066833
 20
32.4761920834114
 10
-7.5117341228512
 20
32.4761908253894
 10
-7.51173115451207
 20
32.4763711869801
 10
-7.51162476648957
 20
32.4763699288595
 10
-7.51162179791192
 20
32.4765502904361
 10
-7.51151540968405
 20
32.4765490322169
 10
-7.51151095644984
 20
32.4768195745587
 10
-7.5114045679106
 20
32.4768183162366
 10
-7.51140159884263
 20
32.4769986777822
 10
-7.51129521009802
 20
32.4769974193616
 10
-7.51129075612832
 20
32.4772679616569
 10
-7.51107797802296
 20
32.4772654445199
 10
-7.51107500825265
 20
32.4774458060259
 10
-7.51075584050832
 20
32.4774420296202
 10
-7.51075287007545
 20
32.4776223910947
 10
-7.51054009118838
 20
32.4776198730242
 10
-7.51054306204527
 20
32.4774395115671
 10
-7.5104366728237
 20
32.4774382524057
 10
-7.51043073065934
 20
32.4777989752971
 10
-7.51032434102038
 20
32.4777977160284
 10
-7.51032285535669
 20
32.4778878967436
 10
-7.51021646561836
 20
32.4778866373807
 10
-7.51021052247321
 20
32.4782473602102
 10
-7.51010413231748
 20
32.47824610074
 10
-7.51009670270666
 20
32.4786970042247
 10
-7.50999031202751
 20
32.4786957446429
 10
-7.5099873399247
 20
32.4788761060186
 10
-7.50988094904016
 20
32.4788748463382
 10
-7.50987797669877
 20
32.4790552076997
 10
-7.50977158560885
 20
32.4790539479208
 10
-7.50977009932218
 20
32.4791441285952
 10
-7.50966370813288
 20
32.4791428687219
 10
-7.50966519452557
 20
32.4790526880519
 10
-7.50955880344893
 20
32.4790514280932
 10
-7.5095617764264
 20
32.4788710667577
 10
-7.50966816729102
 20
32.4788723267078
 10
-7.50967857176094
 20
32.4782410619606
 10
-7.5095721816384
 20
32.478239802041
 10
-7.50957515449636
 20
32.4780594406812
 10
-7.50936237469524
 20
32.4780569205899
 10
-7.50935642810469
 20
32.4784176432693
 10
-7.50925003779005
 20
32.4784163830714
 10
-7.50924557745938
 20
32.4786869250536
 10
-7.50913918683335
 20
32.4786856647528
 10
-7.50913323920876
 20
32.4790463873594
 10
-7.50902684816533
 20
32.4790451269513
 10
-7.50902536113656
 20
32.4791353075952
 10
-7.50891896999375
 20
32.4791340470928
 10
-7.50891599570426
 20
32.4793144083679
 10
-7.50880960435607
 20
32.479313147767
 10
-7.50880365527332
 20
32.4796738702834
 10
-7.5086972635077
 20
32.4796726095751
 10
-7.50869577611439
 20
32.4797627901965
 10
-7.5085893842494
 20
32.479761529394
 10
-7.5085864092308
 20
32.479941890624
 10
-7.50848001716043
 20
32.4799406297229
 10
-7.50846662829366
 20
32.4807522551514
 10
-7.50836023527574
 20
32.4807509941212
 10
-7.50835725968687
 20
32.480931355304
 10
-7.50825086646356
 20
32.4809300941752
 10
-7.50824342684497
 20
32.4813809970865
 10
-7.50834982059841
 20
32.4813822582371
 10
-7.50834238134379
 20
32.4818331611363
 10
-7.50812959278329
 20
32.4818306387017
 10
-7.50813256892918
 20
32.4816502775635
 10
-7.50770699273617
 20
32.4816452316505
 10
-7.50770401574206
 20
32.4818255927539
 10
-7.50759762149838
 20
32.4818243310422
 10
-7.50759017836659
 20
32.482275233755
 10
-7.50748378359941
 20
32.4822739719316
 10
-7.50748080608808
 20
32.4824543329986
 10
-7.50737441111549
 20
32.4824530710766
 10
-7.50736845558892
 20
32.4828137931767
 10
-7.50726206019885
 20
32.4828125311474
 10
-7.50725759316599
 20
32.4830830726952
 10
-7.50715119746446
 20
32.483081810563
 10
-7.50710949930194
 20
32.4856068642992
 10
-7.50700310063792
 20
32.4856056019549
 10
-7.50700607946315
 20
32.4854252410177
 10
-7.50679328257926
 20
32.4854227160768
 10
-7.50679477219399
 20
32.4853325356149
 10
-7.50668837386807
 20
32.485331273014
 10
-7.50669135328966
 20
32.4851509120948
 10
-7.50658495518249
 20
32.4851496494127
 10
-7.50658793478955
 20
32.4849692884969
 10
-7.50648153690112
 20
32.4849680257336
 10
-7.50648600657993
 20
32.4846974843627
 10
-7.50637960901629
 20
32.4846962215227
 10
-7.50638258898097
 20
32.4845158606107
 10
-7.50627619163607
 20
32.4845145976895
 10
-7.50627917178621
 20
32.4843342367808
 10
-7.50617277466005
 20
32.4843329737784
 10
-7.50617724515347
 20
32.4840624324183
 10
-7.50607084835208
 20
32.4840611693391
 10
-7.50607382885982
 20
32.4838808084344
 10
-7.50564824256915
 20
32.4838757552535
 10
-7.5056452612131
 20
32.4840561161233
 10
-7.505538864445
 20
32.4840548525946
 10
-7.50553439204286
 20
32.4843253938761
 10
-7.5054279949633
 20
32.4843241302444
 10
-7.50542203124306
 20
32.4846848519166
 10
-7.50531563374599
 20
32.4846835881776
 10
-7.50530817841563
 20
32.4851344902155
 10
-7.505201780395
 20
32.4851332263647
 10
-7.50519879800414
 20
32.4853135871617
 10
-7.50509239977809
 20
32.4853123232123
 10
-7.50509090846662
 20
32.4854025036044
 10
-7.50498451014118
 20
32.4854012395607
 10
-7.50498152728617
 20
32.485581600332
 10
-7.5048751287553
 20
32.4855803361897
 10
-7.50484082156816
 20
32.4876544845704
 10
-7.50494722253824
 20
32.4876557488131
 10
-7.50494274774607
 20
32.4879262898665
 10
-7.50504914904099
 20
32.4879275540325
 10
-7.5050431829824
 20
32.4882882754355
 10
-7.50514958470822
 20
32.488289539529
 10
-7.50514511041251
 20
32.4885600805801
 10
-7.50525151246318
 20
32.4885613445969
 10
-7.50524852977819
 20
32.4887417052996
 10
-7.50535493204764
 20
32.4887429692351
 10
-7.50535194954814
 20
32.4889233299411
 10
-7.50545835203638
 20
32.4889245937955
 10
-7.50545387855536
 20
32.4891951348575
 10
-7.50556028136846
 20
32.489196398635
 10
-7.50555729922661
 20
32.4893767593449
 10
-7.50566370225851
 20
32.4893780230413
 10
-7.50566072030215
 20
32.4895583837546
 10
-7.50576712355284
 20
32.4895596473697
 10
-7.50576265088657
 20
32.4898301884425
 10
-7.50586905446213
 20
32.4898314519809
 10
-7.50586607286346
 20
32.4900118126981
 10
-7.50597247665781
 20
32.4900130761553
 10
-7.50596949524465
 20
32.4901934368757
 10
-7.50618230327761
 20
32.4901959635378
 10
-7.50618081277319
 20
32.4902861439047
 10
-7.50628721690573
 20
32.4902874071052
 10
-7.50628423608905
 20
32.4904677678438
 10
-7.50639064044039
 20
32.4904690309631
 10
-7.50638765980923
 20
32.4906493917049
 10
-7.50649406437938
 20
32.4906506547431
 10
-7.50649108393374
 20
32.4908310154882
 10
-7.50659748872269
 20
32.4908322784452
 10
-7.50659599859596
 20
32.4909224588201
 10
-7.50680880840599
 20
32.4909249844729
 10
-7.50680582855687
 20
32.4911053452361
 10
-7.50712504395827
 20
32.4911091330672
 10
-7.50712206471899
 20
32.4912894938511
 10
-7.50754768619596
 20
32.4912945430686
 10
-7.50754470777868
 20
32.491474903882
 10
-7.50786392459272
 20
32.4914786898771
 10
-7.50786243569235
 20
32.4915688702948
 10
-7.50796884141641
 20
32.4915701321177
 10
-7.50796586380786
 20
32.4917504929579
 10
-7.50817867570025
 20
32.4917530163513
 10
-7.50817569848943
 20
32.4919333772035
 10
-7.50838851083273
 20
32.4919359002546
 10
-7.50838553401964
 20
32.4921162611188
 10
-7.50881115963468
 20
32.4921213061769
 10
-7.50881413559912
 20
32.4919409452779
 10
-7.50892054180733
 20
32.4919422063089
 10
-7.50893095673096
 20
32.4913109430891
 10
-7.50903736220326
 20
32.4913122039997
 10
-7.50904033762376
 20
32.4911318430588
 10
-7.50914674289055
 20
32.4911331038708
 10
-7.50914971807232
 20
32.4909527429158
 10
-7.5092561231336
 20
32.4909540036291
 10
-7.50926356044137
 20
32.4905031011962
 10
-7.50936996497892
 20
32.4905043617978
 10
-7.50938037618825
 20
32.4898730983043
 10
-7.50948677998994
 20
32.4898743587856
 10
-7.50949421583838
 20
32.4894234562278
 10
-7.50960061911637
 20
32.4894247165973
 10
-7.50956195364888
 20
32.4917694096412
 10
-7.50966835969144
 20
32.491770670034
 10
-7.50966538545087
 20
32.4919510310081
 10
-7.50987819798025
 20
32.4919535515415
 10
-7.50987522413744
 20
32.4921339125276
 10
-7.50998163062426
 20
32.4921351726681
 10
-7.50998014379898
 20
32.4922253531635
 10
-7.50976733061983
 20
32.4922228327839
 10
-7.50976435652501
 20
32.4924031937532
 10
-7.50965794973323
 20
32.4924019334198
 10
-7.50965051384952
 20
32.4928528357976
 10
-7.50975692117172
 20
32.4928540961527
 10
-7.50975394698391
 20
32.4930344571031
 10
-7.51007316962689
 20
32.4930382376551
 10
-7.51007019604904
 20
32.4932185986262
 10
-7.51028301160192
 20
32.493221118562
 10
-7.51028003842186
 20
32.493401479545
 10
-7.51081207848113
 20
32.4934077778543
 10
-7.5108150506003
 20
32.4932274168278
 10
-7.51113427407899
 20
32.4932311947082
 10
-7.51113130259635
 20
32.4934115557608
 10
-7.51123771064803
 20
32.4934128148831
 10
-7.51123622500285
 20
32.4935029954117
 10
-7.51112981684508
 20
32.4935017362851
 10
-7.51112090219807
 20
32.4940428194024
 10
-7.51122731099238
 20
32.4940440785551
 10
-7.51122582530075
 20
32.4941342590743
 10
-7.51143864312147
 20
32.4941367771187
 10
-7.51143567214267
 20
32.4943171381703
 10
-7.51164849041431
 20
32.4943196558724
 10
-7.51164551983335
 20
32.494500016936
 10
-7.51185833855591
 20
32.4945025342958
 10
-7.51185536837278
 20
32.4946828953714
 10
-7.51217459714294
 20
32.4946866707626
 10
-7.51217311235972
 20
32.4947768513114
 10
-7.51227952206914
 20
32.4947781095996
 10
-7.51227655269499
 20
32.4949584707018
 10
-7.51323424228783
 20
32.494969791327
 10
-7.51323127479693
 20
32.495150152502
 10
-7.51429537709607
 20
32.4951627225175
 10
-7.51429241170066
 20
32.495343083774
 10
-7.5143988221792
 20
32.4953443402896
 10
-7.51439733957766
 20
32.4954345209201
 10
-7.51450375016893
 20
32.4954357773501
 10
-7.51450078515818
 20
32.4956161386158
 10
-7.51460719596827
 20
32.4956173949645
 10
-7.51460126629173
 20
32.4959781174971
 10
-7.51470767753285
 20
32.4959793737732
 10
-7.51470619520326
 20
32.4960695544073
 10
-7.51481260655711
 20
32.4960708105979
 10
-7.51480964209029
 20
32.4962511718707
 10
-7.51491605366296
 20
32.49625242798
 10
-7.51491308938187
 20
32.496432789256
 10
-7.51501950117338
 20
32.496434045284
 10
-7.51501653707801
 20
32.4966144065633
 10
-7.51512294908835
 20
32.4966156625101
 10
-7.51512146713685
 20
32.4967058431521
 10
-7.51522787925992
 20
32.4967070990133
 10
-7.51522491554927
 20
32.4968874603018
 10
-7.51533132789117
 20
32.4968887160817
 10
-7.51532836436626
 20
32.4970690773735
 10
-7.51554118949436
 20
32.4970715886808
 10
-7.51553822636742
 20
32.4972519499846
 10
-7.51564463915361
 20
32.497253205512
 10
-7.51564315768633
 20
32.4973433861662
 10
-7.51574957058525
 20
32.497344641608
 10
-7.51574660784305
 20
32.497525002921
 10
-7.51595943408519
 20
32.4975275135521
 10
-7.51595647174097
 20
32.497707874877
 10
-7.51606288508419
 20
32.4977091300664
 10
-7.51605992292573
 20
32.4978894913945
 10
-7.51616633648779
 20
32.4978907465026
 10
-7.51616485550476
 20
32.4979809271689
 10
-7.51637768286095
 20
32.4979834371239
 10
-7.51637472129949
 20
32.4981637984699
 10
-7.51648113519974
 20
32.4981650533212
 10
-7.51647817382406
 20
32.4983454146704
 10
-7.51658458794315
 20
32.4983466694404
 10
-7.51658162675326
 20
32.4985270307929
 10
-7.51679445543574
 20
32.4985295400803
 10
-7.51679297504311
 20
32.4986197207632
 10
-7.51689938950039
 20
32.4986209752764
 10
-7.51689642890752
 20
32.4988013366468
 10
-7.51710925826639
 20
32.4988038454205
 10
-7.51710629807155
 20
32.4989842068028
 10
-7.51731912788134
 20
32.4989867152341
 10
-7.51731616808454
 20
32.4991670766283
 10
-7.5177418286324
 20
32.4991720924462
 10
-7.51774478758024
 20
32.4989917310173
 10
-7.51817044738487
 20
32.4989967453614
 10
-7.51816748928599
 20
32.4991771068249
 10
-7.51827390446591
 20
32.4991783601947
 10
-7.51827242551268
 20
32.4992685409287
 10
-7.51837884080532
 20
32.4992697942129
 10
-7.51838031965243
 20
32.4991796134745
 10
-7.51848673484555
 20
32.4991808666644
 10
-7.5184896923077
 20
32.4990005051749
 10
-7.51870252228928
 20
32.4990030112676
 97
0
 92
2
 72
0
 73
1
 93
27
 10
-7.55419535848235
 20
32.4958981524683
 10
-7.55419680140046
 20
32.4958079702361
 10
-7.55409038847828
 20
32.4958067473577
 10
-7.55411059014062
 20
32.494544196025
 10
-7.55379135586925
 20
32.4945405270275
 10
-7.55378702609301
 20
32.4948110737259
 10
-7.55368061436381
 20
32.4948098505342
 10
-7.55367772760187
 20
32.4949902149846
 10
-7.5535713156669
 20
32.4949889916945
 10
-7.55356842866697
 20
32.495169356131
 10
-7.55346201652623
 20
32.4951681327425
 10
-7.55345768565965
 20
32.4954386793745
 10
-7.55335127320704
 20
32.4954374558834
 10
-7.55334405443656
 20
32.4958883668886
 10
-7.55355688040932
 20
32.4958908138232
 10
-7.55355399328044
 20
32.4960711782327
 10
-7.55366040648871
 20
32.4960724015735
 10
-7.55365751954626
 20
32.4962527659861
 10
-7.5538703464066
 20
32.4962552124148
 10
-7.5538674598628
 20
32.4964355768389
 10
-7.55397387351487
 20
32.4964367999268
 10
-7.55396954396917
 20
32.4967073465654
 10
-7.55439519991526
 20
32.4967122380683
 10
-7.55440241367025
 20
32.4962613269126
 10
-7.55429600020463
 20
32.4962601041929
 10
-7.55430177151707
 20
32.495899375261
 10
-7.55419535848235
 20
32.4958981524683
 97
0
 92
2
 72
0
 73
1
 93
5
 10
-7.56665574054194
 20
32.4954093297618
 10
-7.56665717100023
 20
32.4953191470281
 10
-7.56655075806999
 20
32.4953179347024
 10
-7.56654932750559
 20
32.4954081174319
 10
-7.56665574054194
 20
32.4954093297618
 97
0
 92
2
 72
0
 73
1
 93
5
 10
-7.56655934132219
 20
32.4947768382969
 10
-7.56656363286203
 20
32.4945062900759
 10
-7.56645722089315
 20
32.494505077698
 10
-7.56645292903499
 20
32.4947756259064
 10
-7.56655934132219
 20
32.4947768382969
 97
0
 92
2
 72
0
 73
1
 93
5
 10
-7.50112897543473
 20
32.493292796738
 10
-7.50113495826225
 20
32.4929320762683
 10
-7.50102855126747
 20
32.4929308086204
 10
-7.50102256801561
 20
32.4932915290726
 10
-7.50112897543473
 20
32.493292796738
 97
0
 92
2
 72
0
 73
1
 93
5
 10
-7.56524041121321
 20
32.4907028480651
 10
-7.56524327442936
 20
32.4905224825732
 10
-7.56513686721176
 20
32.4905212692104
 10
-7.56513400378344
 20
32.490701634694
 10
-7.56524041121321
 20
32.4907028480651
 97
0
 92
2
 72
0
 73
1
 93
7
 10
-7.56493121231546
 20
32.4900679285247
 10
-7.56492834852676
 20
32.490248294005
 10
-7.56503475541332
 20
32.490249507535
 10
-7.5650404825408
 20
32.4898887765523
 10
-7.56482766962274
 20
32.4898863494359
 10
-7.56482480564746
 20
32.4900667149132
 10
-7.56493121231546
 20
32.4900679285247
 97
0
 92
2
 72
0
 73
1
 93
147
 10
-7.53152276568828
 20
32.4895020728114
 10
-7.53152569604182
 20
32.489321709984
 10
-7.5317385044854
 20
32.4893241933735
 10
-7.53173996944021
 20
32.4892340119492
 10
-7.53184637356575
 20
32.4892352535047
 10
-7.53184490871701
 20
32.4893254349334
 10
-7.53195131295516
 20
32.4893266764033
 10
-7.5319483834502
 20
32.4895070392651
 10
-7.53216119237042
 20
32.4895095219524
 10
-7.53215826326359
 20
32.4896898848259
 10
-7.53237107263426
 20
32.4896923671708
 10
-7.53237400131681
 20
32.4895120042801
 10
-7.53279961928806
 20
32.4895169678564
 10
-7.53280254709586
 20
32.4893366049261
 10
-7.53290895139288
 20
32.4893378455868
 10
-7.5329104151809
 20
32.4892476641153
 10
-7.53301681937838
 20
32.4892489046818
 10
-7.53301974672266
 20
32.4890685417262
 10
-7.53312615071454
 20
32.4890697821942
 10
-7.53313200490037
 20
32.4887090562496
 10
-7.53345121564239
 20
32.4887127770627
 10
-7.53344828919897
 20
32.4888931400634
 10
-7.53376750063623
 20
32.4888968600931
 10
-7.53377042644323
 20
32.4887164970666
 10
-7.53387683005658
 20
32.4887177368881
 10
-7.53388414392941
 20
32.4882668292769
 10
-7.53399054701896
 20
32.4882680689871
 10
-7.53399493494605
 20
32.4879975243913
 10
-7.53431414329929
 20
32.4880012429437
 10
-7.53431706791496
 20
32.4878208798474
 10
-7.53463627569059
 20
32.4878245975649
 10
-7.53463919964376
 20
32.4876442344375
 10
-7.53485200443591
 20
32.4876467124491
 10
-7.53485346619057
 20
32.4875565308748
 10
-7.53495986849037
 20
32.4875577697415
 10
-7.53496279176798
 20
32.4873774065803
 10
-7.53506919386219
 20
32.4873786453485
 10
-7.53507503991481
 20
32.4870179189927
 10
-7.53528784327432
 20
32.4870203962252
 10
-7.53529222710888
 20
32.4867498514185
 10
-7.53539862848025
 20
32.486751089887
 10
-7.53540593421036
 20
32.4863001818274
 10
-7.53551233505796
 20
32.4863014201846
 10
-7.53552256206361
 20
32.4856701488143
 10
-7.53562896217535
 20
32.4856713870517
 10
-7.5356348056108
 20
32.4853106605076
 10
-7.53574120530486
 20
32.4853118986379
 10
-7.53574558749478
 20
32.4850413537028
 10
-7.53585198687722
 20
32.4850425917304
 10
-7.53585490809244
 20
32.484862228425
 10
-7.5359613072693
 20
32.4848634663541
 10
-7.53596714919726
 20
32.4845027397099
 10
-7.53607354795645
 20
32.4845039775321
 10
-7.53607500831608
 20
32.4844137958634
 10
-7.53618140697575
 20
32.4844150335914
 10
-7.53619162856822
 20
32.4837837618427
 10
-7.53608523065088
 20
32.4837825241446
 10
-7.53608815125925
 20
32.4836021607842
 10
-7.53544976516468
 20
32.4835947327595
 10
-7.53544684328378
 20
32.4837750960685
 10
-7.5353404454121
 20
32.4837738577412
 10
-7.53533898435582
 20
32.4838640393895
 10
-7.53523258638463
 20
32.483862800968
 10
-7.53523404754695
 20
32.483772619324
 10
-7.53512764968833
 20
32.4837713808169
 10
-7.53513641716145
 20
32.4832302909505
 10
-7.53503001994561
 20
32.4832290523791
 10
-7.53503440391217
 20
32.4829585074405
 10
-7.5343960226629
 20
32.4829510742017
 10
-7.53439309875258
 20
32.4831314374441
 10
-7.53428670168848
 20
32.4831301982478
 10
-7.53428231545589
 20
32.4834007430884
 10
-7.5341759180802
 20
32.4833995037893
 10
-7.53416568256662
 20
32.4840307750067
 10
-7.53427208068461
 20
32.4840320143358
 10
-7.5342662321002
 20
32.4843927407331
 10
-7.53415983355802
 20
32.4843915013869
 10
-7.53415837128954
 20
32.4844816829786
 10
-7.53394557401269
 20
32.484479204008
 10
-7.53393679899208
 20
32.4850202934782
 10
-7.53383039972716
 20
32.4850190538324
 10
-7.53382893709481
 20
32.4851092354017
 10
-7.53372253773038
 20
32.4851079956617
 10
-7.53371961223398
 20
32.4852883587878
 10
-7.53350681310051
 20
32.4852858790208
 10
-7.53350388715377
 20
32.4854662421244
 10
-7.53329108762224
 20
32.4854637619807
 10
-7.53329840350059
 20
32.4850128542545
 10
-7.53340480273283
 20
32.4850140943499
 10
-7.53344137702272
 20
32.4827595551048
 10
-7.5335477736104
 20
32.4827607950032
 10
-7.53355801293744
 20
32.4821295238331
 10
-7.533451617092
 20
32.4821282839647
 10
-7.53345454276728
 20
32.4819479207696
 10
-7.53324175152014
 20
32.4819454407803
 10
-7.53323882542073
 20
32.4821258039582
 10
-7.5331324295949
 20
32.4821245638202
 10
-7.53312950325728
 20
32.4823049269841
 10
-7.53302310722591
 20
32.4823036867476
 10
-7.53301871735236
 20
32.4825742314706
 10
-7.53291232100942
 20
32.4825729911313
 10
-7.53290207700008
 20
32.4832042620741
 10
-7.53279567992142
 20
32.4832030216149
 10
-7.53278982563382
 20
32.483563747821
 10
-7.53268342813752
 20
32.4835625072548
 10
-7.53267610960072
 20
32.4840134149606
 10
-7.53256971158075
 20
32.4840121742831
 10
-7.53256385620943
 20
32.4843729004062
 10
-7.53245745777182
 20
32.4843716596217
 10
-7.5324559938066
 20
32.4844618411448
 10
-7.53234959526948
 20
32.484460600266
 10
-7.53234373891901
 20
32.4848213263278
 10
-7.53223733996424
 20
32.484820085342
 10
-7.53223001884877
 20
32.4852709928673
 10
-7.53212361937029
 20
32.4852697517701
 10
-7.53211776193597
 20
32.4856304777489
 10
-7.53179856226717
 20
32.4856267538665
 10
-7.53179709757408
 20
32.485716935345
 10
-7.53169069759151
 20
32.4857156938668
 10
-7.53168483832951
 20
32.4860764197499
 10
-7.53157843792927
 20
32.4860751781646
 10
-7.53157550804691
 20
32.4862555410894
 10
-7.5314691074411
 20
32.4862542994057
 10
-7.5314647122503
 20
32.4865248437699
 10
-7.53135831133286
 20
32.4865236019834
 10
-7.53134219396271
 20
32.4875155978343
 10
-7.53123579188517
 20
32.4875143559107
 10
-7.53122846501572
 20
32.4879652630401
 10
-7.5311220624144
 20
32.487964021005
 10
-7.53111766589599
 20
32.4882345652536
 10
-7.53101126298302
 20
32.4882333231158
 10
-7.53100540044256
 20
32.4885940487444
 10
-7.53089899711187
 20
32.4885928064995
 10
-7.53089459981958
 20
32.4888633506938
 10
-7.53078819617723
 20
32.4888621083462
 10
-7.5307823326049
 20
32.4892228339025
 10
-7.53067592854482
 20
32.4892215914478
 10
-7.5306715304786
 20
32.489492135588
 10
-7.53056512610686
 20
32.4894908930304
 10
-7.53056219381782
 20
32.4896712557752
 10
-7.53066859840172
 20
32.4896724983413
 10
-7.53066566629864
 20
32.4898528610893
 10
-7.53130409521239
 20
32.4898603146494
 10
-7.53130702604258
 20
32.4896799518499
 10
-7.5314134306723
 20
32.4896811937866
 10
-7.53141636126416
 20
32.4895008309732
 10
-7.53152276568828
 20
32.4895020728114
 97
0
 92
2
 72
0
 73
1
 93
5
 10
-7.56345871956195
 20
32.4889687374898
 10
-7.56346158614168
 20
32.4887883720892
 10
-7.56335518104837
 20
32.4887871572775
 10
-7.56335231425649
 20
32.4889675226697
 10
-7.56345871956195
 20
32.4889687374898
 97
0
 92
2
 72
0
 73
1
 93
31
 10
-7.5749775439475
 20
32.487385928688
 10
-7.5749803873733
 20
32.4872055623332
 10
-7.57508679114626
 20
32.4872067672645
 10
-7.57508963433452
 20
32.487026400896
 10
-7.57519603790169
 20
32.487027605729
 10
-7.57519888085242
 20
32.4868472393468
 10
-7.57530528421381
 20
32.4868484440816
 10
-7.57530670557358
 20
32.4867582608843
 10
-7.57520030231825
 20
32.4867570561536
 10
-7.57520598811811
 20
32.4863963233676
 10
-7.57467397405805
 20
32.4863902984489
 10
-7.57467113011017
 20
32.486570664803
 10
-7.57456472710509
 20
32.4865694595412
 10
-7.57456188291967
 20
32.4867498258815
 10
-7.5744554797088
 20
32.4867486205215
 10
-7.5744540575005
 20
32.4868388036855
 10
-7.57434765418992
 20
32.4868375982313
 10
-7.57434480954212
 20
32.487017964547
 10
-7.57413200251575
 20
32.4870155533523
 10
-7.57412915741826
 20
32.4871959196459
 10
-7.57391634999303
 20
32.4871935080749
 10
-7.57391350444585
 20
32.4873738743464
 10
-7.57380710053064
 20
32.4873726684177
 10
-7.57380567764144
 20
32.4874628515472
 10
-7.57391208166273
 20
32.4874640574801
 10
-7.57390923607742
 20
32.4876444237435
 10
-7.57422844881584
 20
32.4876480410276
 10
-7.57423129376473
 20
32.4874676747392
 10
-7.57465690998967
 20
32.4874724964925
 10
-7.5746583320303
 20
32.4873823133296
 10
-7.5749775439475
 20
32.487385928688
 97
0
 92
2
 72
0
 73
1
 93
5
 10
-7.56011408831438
 20
32.4851421497459
 10
-7.56011696114391
 20
32.4849617845008
 10
-7.56001056071042
 20
32.4849605669883
 10
-7.56000768766878
 20
32.485140932225
 10
-7.56011408831438
 20
32.4851421497459
 97
0
 92
2
 72
0
 73
1
 93
77
 10
-7.57375334297826
 20
32.4840346858109
 10
-7.57376045668342
 20
32.483583769914
 10
-7.57365405723541
 20
32.4835825639805
 10
-7.57365974850934
 20
32.4832218312554
 10
-7.57355334949188
 20
32.4832206252487
 10
-7.57355619530281
 20
32.4830402588863
 10
-7.5734497965038
 20
32.483039052798
 10
-7.57345121950578
 20
32.482948869619
 10
-7.57334482081918
 20
32.4829476634449
 10
-7.57334766701615
 20
32.4827672970912
 10
-7.57324126854799
 20
32.4827660908356
 10
-7.57324411493163
 20
32.4825857244848
 10
-7.57313771668192
 20
32.4825845181476
 10
-7.57314056325222
 20
32.4824041517997
 10
-7.57303416522095
 20
32.482402945381
 10
-7.57304128206564
 20
32.4819520295085
 10
-7.57293488457094
 20
32.4819508230207
 10
-7.57294484862875
 20
32.4813195407718
 10
-7.57283845188268
 20
32.4813183342233
 10
-7.57284841637118
 20
32.4806870519374
 10
-7.57295481237499
 20
32.4806882584567
 10
-7.57296904575776
 20
32.4797864264633
 10
-7.57286265081427
 20
32.4797852199857
 10
-7.57287119117492
 20
32.4792441207499
 10
-7.57276479687395
 20
32.4792429142074
 10
-7.57276622035117
 20
32.4791527310009
 10
-7.572340643635
 20
32.4791479039486
 10
-7.57234349141855
 20
32.4789675375649
 10
-7.57191791565235
 20
32.4789627091078
 10
-7.57192076425866
 20
32.478782342752
 10
-7.57160158313696
 20
32.4787787204904
 10
-7.57159873389451
 20
32.4789590868212
 10
-7.57149233998795
 20
32.4789578792125
 10
-7.57148949050799
 20
32.4791382455295
 10
-7.57138309639574
 20
32.4791370378226
 10
-7.57138167154019
 20
32.4792272209749
 10
-7.57127527732828
 20
32.479226013174
 10
-7.57127242738603
 20
32.4794063794661
 10
-7.57116603296844
 20
32.479405171567
 10
-7.57116318278866
 20
32.4795855378454
 10
-7.57105678816538
 20
32.479584329848
 10
-7.57105251252989
 20
32.479854879243
 10
-7.57094611759489
 20
32.4798536711432
 10
-7.57093614014703
 20
32.4804849529884
 10
-7.57104253582425
 20
32.4804861611175
 10
-7.57103683470953
 20
32.4808468935875
 10
-7.57114323081726
 20
32.4808481016433
 10
-7.57112897864516
 20
32.4817499327656
 10
-7.57123537581962
 20
32.4817511407733
 10
-7.57122539966264
 20
32.4823824225078
 10
-7.57133179758575
 20
32.4823836304548
 10
-7.57132609720874
 20
32.4827443628616
 10
-7.5714324955624
 20
32.4827455707354
 10
-7.57142964554779
 20
32.482925936939
 10
-7.57153604411989
 20
32.4829271447312
 10
-7.57153461920909
 20
32.4830173278352
 10
-7.57164101789361
 20
32.4830185355417
 10
-7.57163816826499
 20
32.4831989017539
 10
-7.57185096607731
 20
32.483201316914
 10
-7.57184811684742
 20
32.4833816831375
 10
-7.57195451597522
 20
32.483382890591
 10
-7.57195166693198
 20
32.4835632568174
 10
-7.57216446563087
 20
32.4835656714715
 10
-7.5721630413118
 20
32.483655854591
 10
-7.57248223972599
 20
32.4836594759103
 10
-7.57247939170507
 20
32.4838398421703
 10
-7.57269219110387
 20
32.4838422559503
 10
-7.57268934348171
 20
32.4840226222217
 10
-7.57300854326392
 20
32.4840262422424
 10
-7.57300569625263
 20
32.4842066085334
 10
-7.57332489672838
 20
32.48421022777
 10
-7.57332347353136
 20
32.484300410926
 10
-7.57342987380871
 20
32.4843016171626
 10
-7.57343129689967
 20
32.4842114340024
 10
-7.57364409726134
 20
32.4842138461975
 10
-7.57364694299999
 20
32.4840334798565
 10
-7.57375334297826
 20
32.4840346858109
 97
0
 92
2
 72
0
 73
1
 93
89
 10
-7.53753550806926
 20
32.4796502459932
 10
-7.53753842532103
 20
32.4794698823972
 10
-7.53764481823357
 20
32.4794711187215
 10
-7.53764627674366
 20
32.4793809369172
 10
-7.53775266955669
 20
32.4793821731474
 10
-7.53775558634528
 20
32.4792018095262
 10
-7.53786197895279
 20
32.4792030456579
 10
-7.53786781202773
 20
32.4788423183823
 10
-7.53797420421767
 20
32.4788435544071
 10
-7.53798441110591
 20
32.4782122815928
 10
-7.53787801965808
 20
32.478211045598
 10
-7.53788531062721
 20
32.4777601364257
 10
-7.53777891971596
 20
32.4777589003623
 10
-7.53778183627003
 20
32.4775785366925
 10
-7.53767544557732
 20
32.4775773005478
 10
-7.5376769039506
 20
32.4774871187151
 10
-7.53746412279674
 20
32.4774846461646
 10
-7.5374670399478
 20
32.4773042825123
 10
-7.53725425924404
 20
32.4773018096194
 10
-7.53725717679307
 20
32.4771214459788
 10
-7.53704439653941
 20
32.4771189727435
 10
-7.53704147856634
 20
32.477299336367
 10
-7.53693508823727
 20
32.477298099606
 10
-7.53693800642236
 20
32.477117735991
 10
-7.53651244601933
 20
32.4771127880824
 10
-7.53651536502641
 20
32.4769324244962
 10
-7.53630258528805
 20
32.4769299500197
 10
-7.53630404499382
 20
32.4768397682331
 10
-7.53609126549355
 20
32.4768372934057
 10
-7.53609418530957
 20
32.4766569298456
 10
-7.53598779578123
 20
32.4766556923056
 10
-7.53599509573719
 20
32.4762047834031
 10
-7.53588870674539
 20
32.4762035457946
 10
-7.53589454701677
 20
32.4758428186653
 10
-7.53600093558456
 20
32.4758440562567
 10
-7.53601115506638
 20
32.4752127836984
 10
-7.53611754289868
 20
32.47521402117
 10
-7.53613068080895
 20
32.4744023848878
 10
-7.53602429393061
 20
32.4744011474547
 10
-7.53602867343465
 20
32.4741306020159
 10
-7.53592228688081
 20
32.4741293645057
 10
-7.53592520672955
 20
32.4739490008816
 10
-7.53581882039422
 20
32.4739477632902
 10
-7.53582174042885
 20
32.4737673996692
 10
-7.53550258209795
 20
32.4737636863814
 10
-7.53549966142737
 20
32.4739440499768
 10
-7.53539327511814
 20
32.4739428120259
 10
-7.53538743327473
 20
32.4743035391832
 10
-7.53528104654805
 20
32.4743023011254
 10
-7.53526936170011
 20
32.4750237553409
 10
-7.53516297413199
 20
32.475022517159
 10
-7.53515713112744
 20
32.4753832442171
 10
-7.53505074314185
 20
32.4753820059282
 10
-7.53504636050193
 20
32.4756525511948
 10
-7.53493997220486
 20
32.4756513128032
 10
-7.53492682297866
 20
32.4764629484915
 10
-7.5348204337341
 20
32.4764617099714
 10
-7.5348072830252
 20
32.4772733455116
 10
-7.53491367322382
 20
32.4772745840702
 10
-7.53490636757603
 20
32.4777254926777
 10
-7.53501275831124
 20
32.4777267311678
 10
-7.53500691409958
 20
32.4780874580465
 10
-7.53511330526536
 20
32.4780886964638
 10
-7.53510892235613
 20
32.4783592416216
 10
-7.53521531384648
 20
32.4783604799618
 10
-7.53521239208639
 20
32.4785408434021
 10
-7.53542517551073
 20
32.4785433198301
 10
-7.5354222541486
 20
32.4787236832821
 10
-7.53563503802311
 20
32.4787261593677
 10
-7.53563357754429
 20
32.4788163411002
 10
-7.53584636165693
 20
32.4788188168348
 10
-7.53584344110379
 20
32.4789991803129
 10
-7.53594983338193
 20
32.4790004180539
 10
-7.53594691301475
 20
32.4791807815352
 10
-7.53605330551144
 20
32.4791820191949
 10
-7.53605038533021
 20
32.4793623826793
 10
-7.53626317076725
 20
32.4793648577461
 10
-7.53626171087889
 20
32.4794550394949
 10
-7.53647449655406
 20
32.4794575142108
 10
-7.53647157718186
 20
32.4796378777212
 10
-7.53668436330719
 20
32.4796403520947
 10
-7.536681444333
 20
32.4798207156168
 10
-7.5368942309085
 20
32.4798231896479
 10
-7.53689131233233
 20
32.4800035531817
 10
-7.53699770584191
 20
32.480004790071
 10
-7.53700062420603
 20
32.4798244265286
 10
-7.53742619746132
 20
32.4798293731524
 10
-7.53742911495119
 20
32.4796490095705
 10
-7.53753550806926
 20
32.4796502459932
 97
0
 92
2
 72
0
 73
1
 93
5
 10
-7.55809394922253
 20
32.4783540881706
 10
-7.5580925111589
 20
32.4784442708083
 10
-7.55819890383575
 20
32.4784454897257
 10
-7.55820034179336
 20
32.4783553070838
 10
-7.55809394922253
 20
32.4783540881706
 97
0
 92
2
 72
0
 73
1
 93
5
 10
-7.55809682533053
 20
32.4781737228913
 10
-7.55799043297816
 20
32.4781725038967
 10
-7.55798755665813
 20
32.4783528691676
 10
-7.55809394922253
 20
32.4783540881706
 10
-7.55809682533053
 20
32.4781737228913
 97
0
 92
2
 72
0
 73
1
 93
79
 10
-7.57963070765739
 20
32.4757126117526
 10
-7.57964345537487
 20
32.474900959964
 10
-7.57953706586907
 20
32.4748997592877
 10
-7.57954131531236
 20
32.4746292086797
 10
-7.5794349261309
 20
32.474628007926
 10
-7.57944059239071
 20
32.4742672737797
 10
-7.5793342036396
 20
32.4742660729528
 10
-7.57933845358601
 20
32.4739955223413
 10
-7.57923206515923
 20
32.4739943214369
 10
-7.57923914880668
 20
32.4735434037449
 10
-7.57913276091622
 20
32.4735422027714
 10
-7.5791455120369
 20
32.4727305508781
 10
-7.57903912510673
 20
32.4727293498522
 10
-7.57904904303256
 20
32.4720980649998
 10
-7.57894265685067
 20
32.472096863913
 10
-7.57894549069878
 20
32.4719164968085
 10
-7.57883910473519
 20
32.4719152956401
 10
-7.57884193876996
 20
32.4717349285385
 10
-7.57873555302468
 20
32.4717337272886
 10
-7.57873697013856
 20
32.47164354374
 10
-7.57852419887897
 20
32.4716411409788
 10
-7.57852703351169
 20
32.4714607738941
 10
-7.57831426270137
 20
32.4714583707901
 10
-7.5783170977327
 20
32.4712780037166
 10
-7.57799794220064
 20
32.4712743984116
 10
-7.57800077784256
 20
32.4710940313575
 10
-7.57757523806969
 20
32.4710892230594
 10
-7.57757240157989
 20
32.4712695900803
 10
-7.57746601644054
 20
32.4712683877728
 10
-7.57746034296097
 20
32.4716291217816
 10
-7.57735395740401
 20
32.4716279193676
 10
-7.57733977220165
 20
32.4725297542537
 10
-7.57744615881851
 20
32.4725309567093
 10
-7.57744048498411
 20
32.4728916906426
 10
-7.57754687203128
 20
32.4728928930248
 10
-7.57754545366283
 20
32.4729830765089
 10
-7.57765184082233
 20
32.4729842788055
 10
-7.57764900427841
 20
32.473164645778
 10
-7.57807455382771
 20
32.4731694540988
 10
-7.57807171810643
 20
32.4733498210991
 10
-7.57828449334307
 20
32.4733522247369
 10
-7.57827740498899
 20
32.4738031422556
 10
-7.57817101683752
 20
32.4738019404609
 10
-7.57816818123956
 20
32.4739823074506
 10
-7.57795540453161
 20
32.4739799035749
 10
-7.57794264211925
 20
32.4747915548872
 10
-7.57804903142407
 20
32.4747927569073
 10
-7.57804761345258
 20
32.4748829403839
 10
-7.57826039229325
 20
32.4748853441629
 10
-7.57825755675529
 20
32.4750657111286
 10
-7.57836394639713
 20
32.4750669128916
 10
-7.57835827566925
 20
32.4754276468233
 10
-7.57846466574145
 20
32.4754288485131
 10
-7.57846324814965
 20
32.4755190319968
 10
-7.57856963833419
 20
32.4755202336008
 10
-7.57856396832772
 20
32.4758809675388
 10
-7.57824479652099
 20
32.4758773624073
 10
-7.57823203577367
 20
32.4766890135767
 10
-7.57833842732369
 20
32.4766902154145
 10
-7.57833700953723
 20
32.4767803988752
 10
-7.5784434011996
 20
32.4767816006272
 10
-7.57844056581969
 20
32.4769619675528
 10
-7.57854695770042
 20
32.4769631692233
 10
-7.57854412250722
 20
32.4771435361518
 10
-7.57865051460632
 20
32.4771447377407
 10
-7.57864767959982
 20
32.4773251046721
 10
-7.57875407191728
 20
32.4773263061794
 10
-7.57875265451055
 20
32.4774164896473
 10
-7.57885904694036
 20
32.4774176910689
 10
-7.57885621231995
 20
32.4775980580088
 10
-7.57906899762264
 20
32.4776004605989
 10
-7.57906616340097
 20
32.4777808275501
 10
-7.57927894915306
 20
32.4777832297973
 10
-7.57927611533016
 20
32.4779635967596
 10
-7.57938250842774
 20
32.4779647977567
 10
-7.5793853420386
 20
32.477784430786
 10
-7.57949173493047
 20
32.4777856316849
 10
-7.57952431719753
 20
32.4757114110391
 10
-7.57963070765739
 20
32.4757126117526
 97
0
 92
2
 72
0
 73
1
 93
5
 10
-7.54684970538645
 20
32.4761501829233
 10
-7.54685260367234
 20
32.4759698184782
 10
-7.54653343600013
 20
32.4759661329354
 10
-7.54653053707821
 20
32.476146497355
 10
-7.54684970538645
 20
32.4761501829233
 97
0
 92
2
 72
0
 73
1
 93
5
 10
-7.54370594827147
 20
32.4731372810136
 10
-7.54370885248949
 20
32.4729569167343
 10
-7.54360246695123
 20
32.4729556857541
 10
-7.54359956252123
 20
32.4731360500249
 10
-7.54370594827147
 20
32.4731372810136
 97
0
 92
2
 72
0
 73
1
 93
5
 10
-7.53157801464205
 20
32.4729963694991
 10
-7.53158094302514
 20
32.4728160061937
 10
-7.53147455822946
 20
32.4728147649693
 10
-7.5314716296344
 20
32.4729951282662
 10
-7.53157801464205
 20
32.4729963694991
 97
0
 92
2
 72
0
 73
1
 93
15
 10
-7.58127891048947
 20
32.4723938179841
 10
-7.58128315431369
 20
32.4721232670637
 10
-7.58117676799898
 20
32.472122067864
 10
-7.58117959739551
 20
32.4719417005853
 10
-7.58096682520901
 20
32.471939301933
 10
-7.58096399538852
 20
32.4721196691952
 10
-7.58085760909277
 20
32.4721184697259
 10
-7.58085477903501
 20
32.4722988369744
 10
-7.5807483925336
 20
32.472297637407
 10
-7.58074131674863
 20
32.4727485554838
 10
-7.58106047786171
 20
32.4727521539786
 10
-7.58106330755871
 20
32.472571786727
 10
-7.58116969439705
 20
32.4725729860372
 10
-7.58117252385678
 20
32.472392618772
 10
-7.58127891048947
 20
32.4723938179841
 97
0
 92
2
 72
0
 73
1
 93
5
 10
-7.5380879200816
 20
32.4718093678754
 10
-7.53798153615962
 20
32.4718081321838
 10
-7.53797716288721
 20
32.4720786779589
 10
-7.53808354712714
 20
32.4720799136633
 10
-7.5380879200816
 20
32.4718093678754
 97
0
 92
2
 72
0
 73
1
 93
5
 10
-7.5381943040101
 20
32.4718106034772
 10
-7.53819721906856
 20
32.4716302396032
 10
-7.53809083535202
 20
32.47162900401
 10
-7.5380879200816
 20
32.4718093678754
 10
-7.5381943040101
 20
32.4718106034772
 97
0
 92
2
 72
0
 73
1
 93
9
 10
-7.54351205648648
 20
32.4719624511447
 10
-7.54351931762108
 20
32.471511540391
 10
-7.54341293379155
 20
32.4715103092992
 10
-7.54341729071241
 20
32.4712397628434
 10
-7.5433109072073
 20
32.4712385316745
 10
-7.5433036451102
 20
32.471689442406
 10
-7.54341002914521
 20
32.4716906735962
 10
-7.54340567212703
 20
32.4719612200316
 10
-7.54351205648648
 20
32.4719624511447
 97
0
 92
2
 72
0
 73
1
 93
5
 10
-7.54331381200073
 20
32.4710581673725
 10
-7.54320742871407
 20
32.4710569361222
 10
-7.54320452370868
 20
32.4712373004157
 10
-7.5433109072073
 20
32.4712385316745
 10
-7.54331381200073
 20
32.4710581673725
 97
0
 92
2
 72
0
 73
1
 93
5
 10
-7.53150530689795
 20
32.4709209500261
 10
-7.53139892433439
 20
32.4709197088019
 10
-7.53139599580209
 20
32.471100072147
 10
-7.5315023785776
 20
32.4711013133797
 10
-7.53150530689795
 20
32.4709209500261
 97
0
 92
2
 72
0
 73
1
 93
5
 10
-7.53161168946805
 20
32.4709221911604
 10
-7.53161754560636
 20
32.4705614644197
 10
-7.53151116346015
 20
32.4705602233026
 10
-7.53150530689795
 20
32.4709209500261
 10
-7.53161168946805
 20
32.4709221911604
 97
0
 92
2
 72
0
 73
1
 93
5
 10
-7.5317239277591
 20
32.470562705447
 10
-7.53172539167135
 20
32.4704725237542
 10
-7.53161900962458
 20
32.4704712827312
 10
-7.53161754560636
 20
32.4705614644197
 10
-7.5317239277591
 20
32.470562705447
 97
0
 92
2
 72
0
 73
1
 93
5
 10
-7.54321033369349
 20
32.4708765718232
 10
-7.54321323864697
 20
32.4706962075189
 10
-7.5431068557907
 20
32.4706949761958
 10
-7.54310395062528
 20
32.4708753404916
 10
-7.54321033369349
 20
32.4708765718232
 97
0
 92
2
 72
0
 73
1
 93
5
 10
-7.54140473097327
 20
32.4706752628057
 10
-7.54140618524186
 20
32.4705850807238
 10
-7.54119341996852
 20
32.4705826149412
 10
-7.54119196548798
 20
32.4706727970145
 10
-7.54140473097327
 20
32.4706752628057
 97
0
 92
2
 72
0
 73
1
 93
5
 10
-7.54172533320058
 20
32.4705887787239
 10
-7.54172824108243
 20
32.4704084145306
 10
-7.54151547619402
 20
32.4704059493042
 10
-7.54151256788827
 20
32.4705863134804
 10
-7.54172533320058
 20
32.4705887787239
 97
0
 92
2
 72
0
 73
1
 93
5
 10
-7.54204738846375
 20
32.4704121116964
 10
-7.54205029568378
 20
32.4702317474722
 10
-7.54194391342879
 20
32.470230515182
 10
-7.54194100599682
 20
32.4704108793977
 10
-7.54204738846375
 20
32.4704121116964
 97
0
 92
2
 72
0
 73
1
 93
5
 10
-7.52003373463441
 20
32.4697042039931
 10
-7.52003668566062
 20
32.4695238415316
 10
-7.51993030528978
 20
32.4695225906639
 10
-7.51992735405163
 20
32.4697029531167
 10
-7.52003373463441
 20
32.4697042039931
 97
0
 92
2
 72
0
 73
1
 93
5
 10
-7.51982392492553
 20
32.4695213397064
 10
-7.51982687634924
 20
32.4693409772569
 10
-7.51972049620351
 20
32.4693397262181
 10
-7.51971754456787
 20
32.469520088659
 10
-7.51982392492553
 20
32.4695213397064
 97
0
 92
2
 72
0
 73
1
 93
5
 10
-7.51930235677952
 20
32.4688838151253
 10
-7.51929940436211
 20
32.4690641775451
 10
-7.51940578416357
 20
32.4690654289302
 10
-7.51940873636906
 20
32.4688850665018
 10
-7.51930235677952
 20
32.4688838151253
 97
0
 92
2
 72
0
 73
1
 93
5
 10
-7.51930826153522
 20
32.4685230902694
 10
-7.51920188237612
 20
32.4685218388203
 10
-7.51919597719658
 20
32.4688825636589
 10
-7.51930235677952
 20
32.4688838151253
 10
-7.51930826153522
 20
32.4685230902694
 97
0
 92
2
 72
0
 73
1
 93
5
 10
-7.53187861207328
 20
32.4675879496654
 10
-7.53188153924777
 20
32.4674075861805
 10
-7.53177516079726
 20
32.4674063453932
 10
-7.53177223341086
 20
32.4675867088694
 10
-7.53187861207328
 20
32.4675879496654
 97
0
 92
2
 72
0
 73
1
 93
5
 10
-7.5230771795747
 20
32.4657712113312
 10
-7.52308306857495
 20
32.4654104856811
 10
-7.52297669289369
 20
32.4654092375276
 10
-7.52297080346965
 20
32.4657699631604
 10
-7.5230771795747
 20
32.4657712113312
 97
0
 92
2
 72
0
 73
1
 93
5
 10
-7.52308748525609
 20
32.4651399414294
 10
-7.52309779061523
 20
32.4645086714613
 10
-7.52299141599339
 20
32.464507423351
 10
-7.52298110989266
 20
32.4651386932888
 10
-7.52308748525609
 20
32.4651399414294
 97
0
 92
2
 72
0
 73
1
 93
5
 10
-7.52789786176635
 20
32.4637531087966
 10
-7.5279007964429
 20
32.4635727455245
 10
-7.52779442269091
 20
32.4635715015038
 10
-7.52779148780249
 20
32.4637518647673
 10
-7.52789786176635
 20
32.4637531087966
 97
0
 92
2
 72
0
 73
1
 93
5
 10
-7.51523366163655
 20
32.4574708648561
 10
-7.51523070240828
 20
32.4576512272706
 10
-7.51533706859813
 20
32.4576524817031
 10
-7.5153400276146
 20
32.45747211928
 10
-7.51523366163655
 20
32.4574708648561
 97
0
 92
2
 72
0
 73
1
 93
5
 10
-7.51523662083839
 20
32.4572905024363
 10
-7.51513025507874
 20
32.4572892479313
 10
-7.51512729566511
 20
32.4574696103425
 10
-7.51523366163655
 20
32.4574708648561
 10
-7.51523662083839
 20
32.4572905024363
 97
0
 92
2
 72
0
 73
1
 93
9
 10
-7.61594151832873
 20
32.4532062929693
 10
-7.61593876022997
 20
32.4533866634717
 10
-7.61583239435992
 20
32.4533854941564
 10
-7.61582687766486
 20
32.4537462351289
 10
-7.6159332439585
 20
32.4537474044604
 10
-7.61593600210655
 20
32.4535670339688
 10
-7.61614873428872
 20
32.4535693723462
 10
-7.61615424966371
 20
32.4532086313144
 10
-7.61594151832873
 20
32.4532062929693
 97
0
 75
0
 76
1
 98
0
  0
HATCH
  5
2000A
100
AcDbEntity
  8
0
100
AcDbHatch
 10
0
 20
0
 30
0
210
0
220
0
230
1
  2
SOLID
 70
1
 71
0
 91
1
 92
2
 72
0
 73
1
 93
49
 10
-7.63820879619732
 20
32.5498730274997
 10
-7.63810231569564
 20
32.5498718739675
 10
-7.63810503972606
 20
32.549691504556
 10
-7.6378920791666
 20
32.5496891972371
 10
-7.6378934413855
 20
32.5495990125373
 10
-7.6377869612213
 20
32.5495978587466
 10
-7.63778968585367
 20
32.549417489351
 10
-7.63757672596916
 20
32.5494151815151
 10
-7.63757945100282
 20
32.54923481213
 10
-7.6374729712825
 20
32.5492336580848
 10
-7.63747705910657
 20
32.5489631040091
 10
-7.63737057971156
 20
32.5489619498857
 10
-7.63737330510999
 20
32.5487815805031
 10
-7.63705386759991
 20
32.548778117616
 10
-7.63705659361241
 20
32.5485977482519
 10
-7.63695011466736
 20
32.5485965937839
 10
-7.63695284086833
 20
32.5484162244225
 10
-7.63684636214217
 20
32.5484150698723
 10
-7.63685317807007
 20
32.5479641464649
 10
-7.63695965626422
 20
32.5479653009952
 10
-7.63696238237996
 20
32.5477849316148
 10
-7.63706886036741
 20
32.5477860860469
 10
-7.63706613446446
 20
32.5479664554352
 10
-7.63717261267079
 20
32.5479676097852
 10
-7.63716988695629
 20
32.5481479791761
 10
-7.63748932225019
 20
32.5481514417091
 10
-7.63748659714976
 20
32.5483318111185
 10
-7.63791251181135
 20
32.5483364265992
 10
-7.63791523606057
 20
32.5481560571579
 10
-7.63802171452838
 20
32.5481572107948
 10
-7.63801899049196
 20
32.548337580244
 10
-7.63823194787142
 20
32.5483398872632
 10
-7.63823058605689
 20
32.5484300719938
 10
-7.63833706486215
 20
32.5484312253722
 10
-7.63833161796883
 20
32.5487919642969
 10
-7.63854457644881
 20
32.5487942708152
 10
-7.6385404918534
 20
32.5490648250185
 10
-7.63864697142172
 20
32.5490659781543
 10
-7.63864424854053
 20
32.5492463476244
 10
-7.63875072832774
 20
32.5492475006781
 10
-7.63874800563504
 20
32.5494278701507
 10
-7.63864152563501
 20
32.5494267170891
 10
-7.63863880270517
 20
32.5496070865484
 10
-7.6385323224984
 20
32.5496059333887
 10
-7.63852823773882
 20
32.5498764875556
 10
-7.63842175721891
 20
32.5498753342938
 10
-7.63842448061086
 20
32.5496949648585
 10
-7.63821152001491
 20
32.5496926580803
 10
-7.63820879619732
 20
32.5498730274997
 97
0
 75
0
 76
1
 98
0
  0
HATCH
  5
2000B
100
AcDbEntity
  8
0
100
AcDbHatch
 10
0
 20
0
 30
0
210
0
220
0
230
1
  2
SOLID
 70
1
 71
0
 91
1
 92
2
 72
0
 73
1
 93
57
 10
-7.63925182715812
 20
32.5513275136625
 10
-7.63903886263401
 20
32.5513252081833
 10
-7.63904158494355
 20
32.5511448387433
 10
-7.63882862086943
 20
32.5511425329195
 10
-7.63883134358033
 20
32.5509621634901
 10
-7.63851189815323
 20
32.5509587041022
 10
-7.63851325981881
 20
32.5508685193974
 10
-7.63819381476569
 20
32.5508650592101
 10
-7.63819653871709
 20
32.5506846898203
 10
-7.63798357580441
 20
32.550682382594
 10
-7.63798630015713
 20
32.5505020132148
 10
-7.63777333769444
 20
32.5504997056439
 10
-7.63777606244849
 20
32.5503193362752
 10
-7.63756310043578
 20
32.5503170283596
 10
-7.6375644630165
 20
32.5502268436812
 10
-7.63735150124096
 20
32.5502245354131
 10
-7.63735422680979
 20
32.5500441660682
 10
-7.63703478483059
 20
32.5500407030138
 10
-7.63703751101354
 20
32.5498603336874
 10
-7.6369310305788
 20
32.5498591791636
 10
-7.6369351201268
 20
32.5495886251759
 10
-7.63714808036391
 20
32.5495909341094
 10
-7.63714671740015
 20
32.5496811187813
 10
-7.63725319763424
 20
32.5496822731168
 10
-7.63725047190128
 20
32.5498626424645
 10
-7.63756991327853
 20
32.5498661049542
 10
-7.63756718815969
 20
32.5500464743204
 10
-7.63778014953392
 20
32.5500487822121
 10
-7.63777742481638
 20
32.5502291515888
 10
-7.6379903866406
 20
32.5502314591359
 10
-7.63798902448553
 20
32.5503216438302
 10
-7.6382019865469
 20
32.5503239510246
 10
-7.63819926264416
 20
32.5505043204252
 10
-7.63841222515551
 20
32.550506627275
 10
-7.63840950165409
 20
32.5506869966861
 10
-7.63862246461543
 20
32.5506893031912
 10
-7.63861974151534
 20
32.5508696726128
 10
-7.63904566836229
 20
32.5508742845732
 10
-7.63904430722879
 20
32.550964469298
 10
-7.63915078906214
 20
32.5509656220667
 10
-7.63915215008922
 20
32.550875437338
 10
-7.63925863182223
 20
32.5508765900126
 10
-7.63926407544413
 20
32.5505158510685
 10
-7.63937055675756
 20
32.550517003637
 10
-7.63936783517159
 20
32.5506973731197
 10
-7.63958079824234
 20
32.5506996780023
 10
-7.63957671645631
 20
32.5509702322402
 10
-7.63947023459865
 20
32.550969079832
 10
-7.63946751316475
 20
32.5511494493092
 10
-7.63936103110033
 20
32.5511482968029
 10
-7.63935830942929
 20
32.5513286662668
 10
-7.63946479170654
 20
32.551329818781
 10
-7.63946070947365
 20
32.5516003729786
 10
-7.63935422687714
 20
32.5515992204525
 10
-7.63935558773394
 20
32.5515090357253
 10
-7.63924910524993
 20
32.551507883113
 10
-7.63925182715812
 20
32.5513275136625
 97
0
 75
0
 76
1
 98
0
  0
HATCH
  5
2000C
100
AcDbEntity
  8
0
100
AcDbHatch
 10
0
 20
0
 30
0
210
0
220
0
230
1
  2
SOLID
 70
1
 71
0
 91
1
 92
2
 72
0
 73
1
 93
125
 10
-7.6435748384905
 20
32.5612961755636
 10
-7.64346834426161
 20
32.561295026219
 10
-7.64347105875232
 20
32.5611146567335
 10
-7.64336456474243
 20
32.5611135073066
 10
-7.64336592208516
 20
32.5610233225658
 10
-7.64325942818781
 20
32.5610221730527
 10
-7.643264857924
 20
32.560661434092
 10
-7.64315836445858
 20
32.5606602845046
 10
-7.64316107950324
 20
32.560479915024
 10
-7.64305458625682
 20
32.5604787653544
 10
-7.64305594387652
 20
32.5603885806161
 10
-7.64294945074262
 20
32.5603874308602
 10
-7.64295488158668
 20
32.5600266919093
 10
-7.64284838888471
 20
32.5600255420792
 10
-7.64285110448328
 20
32.5598451726036
 10
-7.6427446120003
 20
32.5598440226912
 10
-7.64274596989696
 20
32.5597538379554
 10
-7.6426394775265
 20
32.5597526879568
 10
-7.64264219351455
 20
32.559572318489
 10
-7.64253570136308
 20
32.5595711684082
 10
-7.64254113369225
 20
32.5592104294723
 10
-7.64243464197269
 20
32.5592092793172
 10
-7.64243600014628
 20
32.5591190945838
 10
-7.64222301693828
 20
32.559116794011
 10
-7.64222845042365
 20
32.5587560550959
 10
-7.64212195925458
 20
32.5587549046901
 10
-7.64212603462429
 20
32.5584843505015
 10
-7.64201954378066
 20
32.5584832000175
 10
-7.64202497794783
 20
32.5581224610964
 10
-7.64191848753609
 20
32.5581213105381
 10
-7.64192120479618
 20
32.5579409410774
 10
-7.64181471460341
 20
32.5579397904368
 10
-7.6418187907674
 20
32.5576692362476
 10
-7.64171230090006
 20
32.5576680855288
 10
-7.64171501852528
 20
32.5574877160706
 10
-7.64160852887691
 20
32.5574865652695
 10
-7.64161124669077
 20
32.5573061958139
 10
-7.64150475726136
 20
32.5573050449306
 10
-7.64150883425598
 20
32.5570344907489
 10
-7.64140234515198
 20
32.5570333397873
 10
-7.64140506333095
 20
32.5568529703341
 10
-7.64129857444592
 20
32.5568518192903
 10
-7.64130265198819
 20
32.5565812651123
 10
-7.64119616342857
 20
32.5565801139903
 10
-7.64119888197262
 20
32.5563997445395
 10
-7.64109239363197
 20
32.5563985933353
 10
-7.64109511236463
 20
32.556218223887
 10
-7.64098862424293
 20
32.5562170726006
 10
-7.64099270261573
 20
32.55594651843
 10
-7.64088621481943
 20
32.5559453670653
 10
-7.6408916529906
 20
32.5555846281683
 10
-7.64067867826775
 20
32.5555823252003
 10
-7.64068275747102
 20
32.5553117710372
 10
-7.6404697834111
 20
32.5553094677324
 10
-7.64047522311528
 20
32.5549487288612
 10
-7.64058170971645
 20
32.5549498805428
 10
-7.64057899008938
 20
32.555130249989
 10
-7.64079196373569
 20
32.5551325530976
 10
-7.64078924451008
 20
32.5553129225544
 10
-7.64089573155522
 20
32.5553140739814
 10
-7.64089437203975
 20
32.5554042587117
 10
-7.64110734636112
 20
32.5554065613032
 10
-7.64110462773773
 20
32.5555869307757
 10
-7.6412111151204
 20
32.5555880819441
 10
-7.64120567822653
 20
32.5559488208889
 10
-7.64131216604104
 20
32.555949971983
 10
-7.64131080690884
 20
32.5560401567198
 10
-7.64141729483586
 20
32.5560413077278
 10
-7.64141457676614
 20
32.5562216772053
 10
-7.64152106491212
 20
32.5562228281311
 10
-7.64151834703101
 20
32.5564031976111
 10
-7.64162483539594
 20
32.5564043484547
 10
-7.64161804111921
 20
32.5568552721511
 10
-7.64172453002244
 20
32.5568564229243
 10
-7.64172181248216
 20
32.5570367924014
 10
-7.64182830160436
 20
32.5570379430925
 10
-7.64182422556778
 20
32.5573084973099
 10
-7.64193071501539
 20
32.5573096479227
 10
-7.64192799784024
 20
32.5574900174022
 10
-7.64203448750682
 20
32.5574911679327
 10
-7.6420317705203
 20
32.5576715374148
 10
-7.64213826040585
 20
32.5576726878631
 10
-7.64213418519992
 20
32.557943242088
 10
-7.6422406754109
 20
32.5579443924581
 10
-7.64223795878952
 20
32.5581247619426
 10
-7.64234444921947
 20
32.5581259122304
 10
-7.64234173278674
 20
32.5583062817175
 10
-7.64244822343566
 20
32.5583074319231
 10
-7.64244414906045
 20
32.5585779861555
 10
-7.6425506400348
 20
32.5585791362828
 10
-7.64254520787544
 20
32.5589398752563
 10
-7.64265169928169
 20
32.5589410253094
 10
-7.64264898337854
 20
32.559121394796
 10
-7.64275547500377
 20
32.5591225447668
 10
-7.64275411714956
 20
32.5592127295121
 10
-7.64286060888731
 20
32.5592138793967
 10
-7.64285789337362
 20
32.5593942488911
 10
-7.64296438533035
 20
32.5593953986935
 10
-7.64295895465606
 20
32.5597561376821
 10
-7.6430654470447
 20
32.5597572874101
 10
-7.64306408946744
 20
32.5598474721579
 10
-7.64317058196861
 20
32.5598486217998
 10
-7.64316786700881
 20
32.5600289912991
 10
-7.64327435972898
 20
32.5600301408588
 10
-7.64327164495786
 20
32.5602105103607
 10
-7.64337813789702
 20
32.5602116598381
 10
-7.64337542331459
 20
32.5603920293426
 10
-7.64348191647273
 20
32.5603931787377
 10
-7.64348055927889
 20
32.5604833634919
 10
-7.64358705254957
 20
32.5604845128008
 10
-7.64358162413948
 20
32.56084525182
 10
-7.64368811784208
 20
32.5608464010546
 10
-7.64368540381361
 20
32.561026770564
 10
-7.64379189773521
 20
32.5610279197164
 10
-7.64379054081836
 20
32.561118104473
 10
-7.64389703485249
 20
32.5611192535392
 10
-7.64389432121354
 20
32.5612996230564
 10
-7.64400081546667
 20
32.5613007720403
 10
-7.64399810201644
 20
32.5614811415601
 10
-7.64378511309035
 20
32.5614788434862
 10
-7.64378239918998
 20
32.5616592129848
 10
-7.64367590452308
 20
32.5616580638046
 10
-7.64367861863639
 20
32.561477694314
 10
-7.64357212418849
 20
32.5614765450517
 10
-7.6435748384905
 20
32.5612961755636
 97
0
 75
0
 76
1
 98
0
  0
HATCH
  5
2000D
100
AcDbEntity
  8
0
100
AcDbHatch
 10
0
 20
0
 30
0
210
0
220
0
230
1
  2
SOLID
 70
1
 71
0
 91
2
 92
2
 72
0
 73
1
 93
181
 10
-7.6478726314991
 20
32.5801039454065
 10
-7.64776611485354
 20
32.5801027991173
 10
-7.64777559221607
 20
32.5794715066624
 10
-7.64788210811564
 20
32.5794726529239
 10
-7.64788616943205
 20
32.5792020989826
 10
-7.64777965385218
 20
32.5792009527329
 10
-7.64778236157936
 20
32.5790205834399
 10
-7.64767584621867
 20
32.5790194371079
 10
-7.64768803165082
 20
32.5782077752582
 10
-7.64758151725524
 20
32.5782066288716
 10
-7.64758557927681
 20
32.5779360749093
 10
-7.64747906520696
 20
32.5779349284443
 10
-7.6474885437916
 20
32.5773036358463
 10
-7.6473820304737
 20
32.5773024893187
 10
-7.64739015537835
 20
32.5767613813488
 10
-7.64728364270582
 20
32.5767602347547
 10
-7.64729041382617
 20
32.5763093114292
 10
-7.64718390169245
 20
32.5763081647646
 10
-7.64718796461175
 20
32.576037610765
 10
-7.64708145280373
 20
32.5760364640221
 10
-7.64708687037099
 20
32.575675725353
 10
-7.64698035899521
 20
32.5756745785357
 10
-7.6469844224268
 20
32.5754040245316
 10
-7.64687791137671
 20
32.5754028776359
 10
-7.64688603871584
 20
32.574861769615
 10
-7.64677952831107
 20
32.5748606226529
 10
-7.64678359221861
 20
32.5745900686361
 10
-7.64667708213952
 20
32.5745889215956
 10
-7.64668385573048
 20
32.5741379982273
 10
-7.64657734619014
 20
32.5741368511164
 10
-7.64658276538017
 20
32.5737761124133
 10
-7.64647625627203
 20
32.5737749652279
 10
-7.64648032092065
 20
32.5735044111984
 10
-7.64637381213817
 20
32.5735032639347
 10
-7.6463792320111
 20
32.5731425252256
 10
-7.64627272366081
 20
32.5731413778875
 10
-7.64627678882157
 20
32.5728708238534
 10
-7.64617028079694
 20
32.572869676437
 10
-7.64617841159429
 20
32.5723285683562
 10
-7.64607190421489
 20
32.5723274208733
 10
-7.64609494210201
 20
32.5707942811153
 10
-7.6459884365396
 20
32.5707931336095
 10
-7.64599385739085
 20
32.5704323948022
 10
-7.64588735226058
 20
32.570431247222
 10
-7.64589412872107
 20
32.5699803237024
 10
-7.64578762412944
 20
32.5699791760518
 10
-7.64579440097122
 20
32.5695282525184
 10
-7.64568789691822
 20
32.5695271047974
 10
-7.64570280660919
 20
32.5685350729488
 10
-7.64559630373388
 20
32.5685339251812
 10
-7.64560308115657
 20
32.5680830015797
 10
-7.64549657881986
 20
32.5680818537416
 10
-7.64550877875794
 20
32.5672701912097
 10
-7.64540227738582
 20
32.5672690433171
 10
-7.64541312221562
 20
32.566547565451
 10
-7.64551962273573
 20
32.566548713312
 10
-7.64553453257269
 20
32.5655566810619
 10
-7.64542803322404
 20
32.5655555332446
 10
-7.64543752166623
 20
32.5649242399375
 10
-7.64533102306908
 20
32.5649230920577
 10
-7.64533508977298
 20
32.5646525377749
 10
-7.64522859150135
 20
32.5646513898168
 10
-7.64523536975256
 20
32.5642004660051
 10
-7.64512887201943
 20
32.5641993179766
 10
-7.64513158349051
 20
32.5640189484504
 10
-7.6450250859764
 20
32.5640178003396
 10
-7.64503186508058
 20
32.5635668765204
 10
-7.64492536810495
 20
32.5635657283392
 10
-7.64493350346906
 20
32.5630246197355
 10
-7.64482700713838
 20
32.5630234714879
 10
-7.64483107505813
 20
32.5627529171798
 10
-7.64472457905294
 20
32.5627517688539
 10
-7.64472729118213
 20
32.5625713993163
 10
-7.64451429961583
 20
32.5625691024099
 10
-7.64451836840305
 20
32.5622985481172
 10
-7.64430537749984
 20
32.5622962508738
 10
-7.64430809042028
 20
32.5621158813545
 10
-7.64420159519072
 20
32.5621147326055
 10
-7.64420430829987
 20
32.5619343630887
 10
-7.64409781328932
 20
32.5619332142574
 10
-7.64410188322704
 20
32.5616626599841
 10
-7.64431487261538
 20
32.5616649575327
 10
-7.64431351618847
 20
32.5617551422997
 10
-7.6444200109982
 20
32.5617562909427
 10
-7.64441729833917
 20
32.5619366604808
 10
-7.6445237933679
 20
32.5619378090415
 10
-7.64452108089759
 20
32.5621181785821
 10
-7.64484056665897
 20
32.562121623747
 10
-7.64483785480329
 20
32.562301993306
 10
-7.64494435028215
 20
32.5623031415218
 10
-7.6449429944517
 20
32.5623933263032
 10
-7.64504949004309
 20
32.5623944744329
 10
-7.64504406708668
 20
32.562755213561
 10
-7.64515056311003
 20
32.5627563616163
 10
-7.6451437848107
 20
32.5632072855159
 10
-7.64525028137251
 20
32.5632084335008
 10
-7.64524350345425
 20
32.5636593573866
 10
-7.64535000055452
 20
32.5636605053011
 10
-7.64534186749175
 20
32.5642016139434
 10
-7.64544836523699
 20
32.5642027617915
 10
-7.64544429894335
 20
32.5644733161064
 10
-7.64555079701411
 20
32.5644744638762
 10
-7.64554537563047
 20
32.5648352029596
 10
-7.64565187413324
 20
32.5648363506551
 10
-7.64564509779997
 20
32.5652872744989
 10
-7.64575159684124
 20
32.565288422124
 10
-7.64574482088915
 20
32.565739345954
 10
-7.64585132046894
 20
32.5657404935087
 10
-7.64584590002432
 20
32.5661012325643
 10
-7.64595240003614
 20
32.5661023800446
 10
-7.64592936387683
 20
32.567635520858
 10
-7.64603586570522
 20
32.5676366683154
 10
-7.64602638046511
 20
32.5682679615061
 10
-7.6461328830451
 20
32.5682691089011
 10
-7.64613017313506
 20
32.5684494783799
 10
-7.64623667593412
 20
32.5684506256926
 10
-7.64623532107653
 20
32.568540810434
 10
-7.64634182398815
 20
32.5685419576604
 10
-7.64633911446784
 20
32.568722327147
 10
-7.64644561759853
 20
32.5687234742911
 10
-7.64643884422445
 20
32.5691743980039
 10
-7.64654534789375
 20
32.5691755450776
 10
-7.64653992951166
 20
32.5695362840395
 10
-7.6464334254163
 20
32.56953513695
 10
-7.64642394226914
 20
32.5701664300537
 10
-7.64653044711011
 20
32.5701675771709
 10
-7.646526383133
 20
32.5704381313499
 10
-7.64641987797247
 20
32.5704369842208
 10
-7.64641174921579
 20
32.5709780925187
 10
-7.64630524342218
 20
32.5709769452756
 10
-7.64628220895122
 20
32.5725100851224
 10
-7.64660173178305
 20
32.5725135267829
 10
-7.6465895392316
 20
32.5733251890041
 10
-7.64669604781311
 20
32.5733263360795
 10
-7.64668927449436
 20
32.5737772595084
 10
-7.6467957836146
 20
32.5737784065133
 10
-7.64678901067732
 20
32.5742293299283
 10
-7.6468955203363
 20
32.5742304768628
 10
-7.64689010230376
 20
32.5745912155864
 10
-7.64699661239495
 20
32.5745923624465
 10
-7.64699254912667
 20
32.574862916487
 10
-7.64709905954353
 20
32.5748640632687
 10
-7.64709364219399
 20
32.5752248019863
 10
-7.64720015304308
 20
32.5752259486936
 10
-7.64719609028706
 20
32.5754965027295
 10
-7.64730260146184
 20
32.5754976493585
 10
-7.64729718479534
 20
32.57585838807
 10
-7.64740369640236
 20
32.5758595346245
 10
-7.64739963415864
 20
32.5761300886559
 10
-7.64750614609135
 20
32.5761312351321
 10
-7.64749802207997
 20
32.5766723431823
 10
-7.64760453465804
 20
32.576673489592
 10
-7.64759776501506
 20
32.5771244129499
 10
-7.64770427813194
 20
32.5771255592891
 10
-7.64770021659327
 20
32.5773961132996
 10
-7.64780673003586
 20
32.5773972595604
 10
-7.64779860743465
 20
32.5779383675687
 10
-7.64790512152264
 20
32.577939513763
 10
-7.64790106046011
 20
32.5782100677609
 10
-7.64800757487382
 20
32.5782112138768
 10
-7.6480021604654
 20
32.5785719525376
 10
-7.64810867531141
 20
32.5785730985791
 10
-7.64810461476132
 20
32.5788436525724
 10
-7.64821112993306
 20
32.5788447985355
 10
-7.64820436276153
 20
32.5792957218505
 10
-7.64831087847214
 20
32.5792968677432
 10
-7.64830817177436
 20
32.5794772370677
 10
-7.64841468770415
 20
32.579478382878
 10
-7.64840792138679
 20
32.5799293061854
 10
-7.64851443785546
 20
32.5799304519253
 10
-7.64851173149936
 20
32.5801108212467
 10
-7.64840521481754
 20
32.580109675499
 10
-7.64840250822413
 20
32.5802900448071
 10
-7.64829599133521
 20
32.5802888989612
 10
-7.64829328450447
 20
32.5804692682561
 10
-7.64808025031848
 20
32.5804669762777
 10
-7.6480788966809
 20
32.5805571609152
 10
-7.64797237949039
 20
32.5805560147867
 10
-7.64797644070471
 20
32.580285460882
 10
-7.64786992383997
 20
32.5802843146751
 10
-7.6478726314991
 20
32.5801039454065
 97
0
 92
2
 72
0
 73
1
 93
7
 10
-7.64601960511207
 20
32.5687188851734
 10
-7.64600740909538
 20
32.5695305476897
 10
-7.646326921327
 20
32.5695339897702
 10
-7.64633640492334
 20
32.5689026966283
 10
-7.64622990158567
 20
32.568901549386
 10
-7.6462326113432
 20
32.5687211799127
 10
-7.64601960511207
 20
32.5687188851734
 97
0
 75
0
 76
1
 98
0
  0
HATCH
  5
2000E
100
AcDbEntity
  8
0
100
AcDbHatch
 10
0
 20
0
 30
0
210
0
220
0
230
1
  2
SOLID
 70
1
 71
0
 91
3
 92
2
 72
0
 73
1
 93
353
 10
-7.66391605680919
 20
32.5901974994901
 10
-7.66370299824503
 20
32.5901952333967
 10
-7.6637043367369
 20
32.5901050483187
 10
-7.66338474925537
 20
32.5901016485132
 10
-7.66338742686092
 20
32.5899212783766
 10
-7.66328089792562
 20
32.5899201449354
 10
-7.66328357572051
 20
32.5897397748012
 10
-7.66296398959023
 20
32.5897363739593
 10
-7.66296666800095
 20
32.5895560038432
 10
-7.66286013951606
 20
32.5895548700565
 10
-7.66286147881908
 20
32.5894646850003
 10
-7.66264842208049
 20
32.5894624171639
 10
-7.66265110109507
 20
32.5892820470632
 10
-7.662544572948
 20
32.5892809130174
 10
-7.66254725215189
 20
32.5891005429191
 10
-7.66222766838628
 20
32.5890971402635
 10
-7.66223034820598
 20
32.5889167701833
 10
-7.66201729281863
 20
32.5889145013105
 10
-7.66201863293275
 20
32.5888243162762
 10
-7.66180557778258
 20
32.5888220470501
 10
-7.66180825841933
 20
32.5886416769931
 10
-7.66159520371957
 20
32.5886394074216
 10
-7.66159788475886
 20
32.5884590373749
 10
-7.66127830339383
 20
32.588455632364
 10
-7.66128098504888
 20
32.5882752623354
 10
-7.6611744581524
 20
32.5882741271591
 10
-7.66117579907756
 20
32.5881839421467
 10
-7.6610692722937
 20
32.5881828068839
 10
-7.66107195433928
 20
32.588002436863
 10
-7.66096542777464
 20
32.5880013015178
 10
-7.6609681100095
 20
32.5878209314993
 10
-7.66086158366407
 20
32.5878197960717
 10
-7.66086426608821
 20
32.5876394260557
 10
-7.660757739962
 20
32.5876382905456
 10
-7.66076176387313
 20
32.5873677355232
 10
-7.66065523807274
 20
32.5873665999346
 10
-7.66066060363017
 20
32.5870058599016
 10
-7.66055407826222
 20
32.5870047242384
 10
-7.66056480994246
 20
32.5862832441391
 10
-7.66045828543336
 20
32.586282108417
 10
-7.66046096850673
 20
32.5861017383865
 10
-7.66056749280262
 20
32.5861028741008
 10
-7.66057285845107
 20
32.5857421340081
 10
-7.66046633458159
 20
32.5857409983095
 10
-7.66047035907485
 20
32.5854704432375
 10
-7.66036383553117
 20
32.5854693074604
 10
-7.66036920186472
 20
32.5851085673614
 10
-7.66047572498199
 20
32.5851097031228
 10
-7.6604770664438
 20
32.5850195180908
 10
-7.66037054343313
 20
32.5850183823332
 10
-7.66038932476191
 20
32.5837557917982
 10
-7.66049584628025
 20
32.5837569275009
 10
-7.66051999005927
 20
32.582133596355
 10
-7.66062650966501
 20
32.582134731897
 10
-7.66064528532612
 20
32.5808721406496
 10
-7.66075180344571
 20
32.5808732760464
 10
-7.66075448537404
 20
32.5806929058388
 10
-7.66086100328648
 20
32.5806940411375
 10
-7.66086770746965
 20
32.5802431155755
 10
-7.6607611900901
 20
32.5802419802963
 10
-7.6607638719346
 20
32.58006161007
 10
-7.66065735477419
 20
32.5800604747084
 10
-7.66065869579403
 20
32.5799702895971
 10
-7.66023262763854
 20
32.579965747264
 10
-7.66023531051284
 20
32.5797853770687
 10
-7.65917014267489
 20
32.5797740149972
 10
-7.65916745766915
 20
32.5799543851141
 10
-7.65852835597524
 20
32.5799475634923
 10
-7.65852701282394
 20
32.5800377485252
 10
-7.65820746173823
 20
32.5800343364842
 10
-7.6582047747782
 20
32.5802147065225
 10
-7.65809825754848
 20
32.5802135689871
 10
-7.65810094472165
 20
32.5800331989568
 10
-7.65799442771108
 20
32.580032061339
 10
-7.65799174032476
 20
32.5802124313615
 10
-7.65745915429617
 20
32.5802067418799
 10
-7.65745646582011
 20
32.5803871118578
 10
-7.65713691363554
 20
32.5803836970623
 10
-7.65713422449603
 20
32.5805640670112
 10
-7.65681467172604
 20
32.5805606513799
 10
-7.65681332682755
 20
32.5806508363406
 10
-7.65649377379189
 20
32.5806474198853
 10
-7.65649108333744
 20
32.580827789779
 10
-7.65638456545775
 20
32.5808266507722
 10
-7.65638725612534
 20
32.5806462808863
 10
-7.65628073846481
 20
32.5806451417972
 10
-7.65627804758406
 20
32.5808255116752
 10
-7.65606501185471
 20
32.5808232332103
 10
-7.65606232052362
 20
32.5810036030673
 10
-7.65595580245481
 20
32.5810024636916
 10
-7.65595311088653
 20
32.5811828335353
 10
-7.65584659261056
 20
32.5811816940615
 10
-7.655849284392
 20
32.5810013242257
 10
-7.65563624828441
 20
32.5809990450231
 10
-7.65563355607667
 20
32.5811794148432
 10
-7.65542051956682
 20
32.5811771352639
 10
-7.65541917324077
 20
32.5812673201641
 10
-7.65531265488829
 20
32.5812661802351
 10
-7.65530726909767
 20
32.5816269198066
 10
-7.65520075032488
 20
32.5816257797717
 10
-7.65519805718034
 20
32.5818061495414
 10
-7.65498501922647
 20
32.5818038691851
 10
-7.65498771279733
 20
32.581623499431
 10
-7.65488119404258
 20
32.5816223591254
 10
-7.65487850025855
 20
32.5818027288715
 10
-7.65466546234077
 20
32.5818004479737
 10
-7.65466142098013
 20
32.5820710025592
 10
-7.65455490171051
 20
32.5820698619631
 10
-7.65454951271911
 20
32.582430601376
 10
-7.65444299302918
 20
32.5824294606739
 10
-7.65443625612164
 20
32.58288038489
 10
-7.65432973590479
 20
32.5828792440779
 10
-7.65432569336831
 20
32.5831497985796
 10
-7.65443221390492
 20
32.5831509394035
 10
-7.65442412930904
 20
32.5836920483942
 10
-7.65421108696277
 20
32.583689766609
 10
-7.65420704394405
 20
32.5839603210625
 10
-7.65378095804461
 20
32.5839557563619
 10
-7.65377826181597
 20
32.5841361259593
 10
-7.65367174014297
 20
32.5841349845507
 10
-7.65366904367706
 20
32.5843153541349
 10
-7.65356252179689
 20
32.5843142126281
 10
-7.65356117344831
 20
32.5844043974142
 10
-7.65334812949286
 20
32.5844021141219
 10
-7.65334947805462
 20
32.5843119293436
 10
-7.65324295619252
 20
32.584310787566
 10
-7.65324160752416
 20
32.5844009723403
 10
-7.6529220416542
 20
32.5843975464541
 10
-7.65291934365984
 20
32.5845779159751
 10
-7.65281282150204
 20
32.5845767738247
 10
-7.6528101232704
 20
32.5847571433324
 10
-7.65270360090543
 20
32.5847560010838
 10
-7.65269955319299
 20
32.5850265553235
 10
-7.65259303051426
 20
32.5850254129728
 10
-7.65259437986436
 20
32.5849352282315
 10
-7.65078349706031
 20
32.5849157945264
 10
-7.65078619936673
 20
32.5847354251739
 10
-7.65025358817498
 20
32.5847297044533
 10
-7.65025629152322
 20
32.5845493351348
 10
-7.64972368154832
 20
32.5845436121972
 10
-7.64972638593836
 20
32.5843632429128
 10
-7.64961986417468
 20
32.5843620980624
 10
-7.64962121646724
 20
32.5842719134222
 10
-7.64951469481619
 20
32.5842707684855
 10
-7.64951739959638
 20
32.5840903992088
 10
-7.64941087816456
 20
32.5840892541897
 10
-7.64941358313378
 20
32.5839088849156
 10
-7.64930706192117
 20
32.5839077398142
 10
-7.64930976707942
 20
32.5837273705426
 10
-7.64920324608604
 20
32.5837262253588
 10
-7.64920459876269
 20
32.5836360407249
 10
-7.64909807788194
 20
32.5836348954548
 10
-7.6491007834303
 20
32.583454526191
 10
-7.64899426276877
 20
32.5834533808385
 10
-7.64899696850615
 20
32.5832730115771
 10
-7.64889044806384
 20
32.5832718661423
 10
-7.64889450694437
 20
32.5830013122521
 10
-7.64878798682786
 20
32.5830001667388
 10
-7.64879339901032
 20
32.5826394282154
 10
-7.64858035964811
 20
32.5826371369498
 10
-7.64858306612943
 20
32.5824567676959
 10
-7.64847654667056
 20
32.5824556219356
 10
-7.64848060666697
 20
32.5821850680564
 10
-7.64837408753389
 20
32.5821839222177
 10
-7.64837679438111
 20
32.5820035529661
 10
-7.64880287009704
 20
32.5820081357476
 10
-7.64880557606745
 20
32.581827766459
 10
-7.64869905734256
 20
32.5818266209069
 10
-7.64870852879473
 20
32.581195328382
 10
-7.64860201082194
 20
32.5811941827673
 10
-7.64860607024482
 20
32.5809236288197
 10
-7.64871258789789
 20
32.5809247744225
 10
-7.64871529393645
 20
32.5807444051095
 10
-7.64882181138241
 20
32.5807455506142
 10
-7.64881504677356
 20
32.5811964739064
 10
-7.64892156475844
 20
32.5811976193406
 10
-7.64891209479837
 20
32.5818289119209
 10
-7.64901861353534
 20
32.5818300572925
 10
-7.64901049683061
 20
32.5823711651896
 10
-7.64911701621311
 20
32.5823723104947
 10
-7.64911295809895
 20
32.5826428644369
 10
-7.64921947780724
 20
32.5826440096636
 10
-7.64921406733014
 20
32.5830047482502
 10
-7.64932058747082
 20
32.5830058934024
 10
-7.64931923494303
 20
32.5830960780496
 10
-7.64942575519633
 20
32.5830972231155
 10
-7.64942305033581
 20
32.5832775924139
 10
-7.64952957080832
 20
32.5832787373974
 10
-7.64952416144118
 20
32.5836394759937
 10
-7.64973720325703
 20
32.5836417657216
 10
-7.64973314680781
 20
32.5839123196784
 10
-7.64983966804457
 20
32.5839134644188
 10
-7.64983696392808
 20
32.5840938337245
 10
-7.64994348538406
 20
32.5840949783826
 10
-7.64994078145661
 20
32.5842753476908
 10
-7.65026034650032
 20
32.5842787811471
 10
-7.65026304978821
 20
32.5840984118152
 10
-7.65036957126833
 20
32.5840995561122
 10
-7.65036686819363
 20
32.584279925452
 10
-7.6507929550272
 20
32.584284501769
 10
-7.65079160390717
 20
32.5843746864527
 10
-7.65121769126364
 20
32.5843792613413
 10
-7.65121498985824
 20
32.5845596307362
 10
-7.65196064445658
 20
32.5845676333714
 10
-7.65196334436965
 20
32.5843872639214
 10
-7.65270899777101
 20
32.5843952620787
 10
-7.65271034697235
 20
32.584305077324
 10
-7.65292339064235
 20
32.5843073616916
 10
-7.65292608860057
 20
32.5841269921625
 10
-7.65313913186828
 20
32.5841292761533
 10
-7.65314182937604
 20
32.5839489066031
 10
-7.65335487224148
 20
32.583951190217
 10
-7.65335756929878
 20
32.5837708206457
 10
-7.65346409052735
 20
32.5837719623094
 10
-7.65346543894037
 20
32.5836817775177
 10
-7.65357196006837
 20
32.5836829190873
 10
-7.65357465666318
 20
32.5835025494921
 10
-7.65368117758401
 20
32.5835036909635
 10
-7.65368387394156
 20
32.583323321355
 10
-7.65379039465524
 20
32.5833244627283
 10
-7.65379443882665
 20
32.5830539082937
 10
-7.65390095922658
 20
32.5830550495649
 10
-7.65390904676736
 20
32.5825139406358
 10
-7.65401556653379
 20
32.5825150817931
 10
-7.65401960990318
 20
32.5822445272985
 10
-7.65412612935588
 20
32.5822456683538
 10
-7.65412882469221
 20
32.5820652986761
 10
-7.65423534393776
 20
32.5820664396333
 10
-7.65423803903686
 20
32.5818860699424
 10
-7.65434455807526
 20
32.5818872108014
 10
-7.6543459055092
 20
32.58179702595
 10
-7.65445242444704
 20
32.5817981667148
 10
-7.65445511908371
 20
32.5816177970001
 10
-7.65466815655112
 20
32.5816200782432
 10
-7.65467085073741
 20
32.5814397085074
 10
-7.65488388780255
 20
32.5814419893738
 10
-7.65488658153847
 20
32.5812616196168
 10
-7.6549930998669
 20
32.5812627599068
 10
-7.65499444661926
 20
32.5811725750224
 10
-7.65520748308101
 20
32.5811748553237
 10
-7.65521017614138
 20
32.580994485535
 10
-7.65552973023964
 20
32.5809979052865
 10
-7.65553242263649
 20
32.5808175354689
 10
-7.65574545830575
 20
32.5808198148362
 10
-7.6557494962165
 20
32.5805492600762
 10
-7.65596253127034
 20
32.5805515390589
 10
-7.65596522275449
 20
32.5803711691964
 10
-7.65649780942851
 20
32.5803768650346
 10
-7.65650049982289
 20
32.5801964951274
 10
-7.65660701696256
 20
32.5801976340165
 10
-7.65660970711977
 20
32.580017264096
 10
-7.65703577488596
 20
32.5800218187183
 10
-7.65703711952927
 20
32.5799316337404
 10
-7.65725015323524
 20
32.5799339105022
 10
-7.65725284207756
 20
32.5797535405265
 10
-7.65746587538126
 20
32.5797558169117
 10
-7.65746856377329
 20
32.5795754469149
 10
-7.657575080221
 20
32.5795765849643
 10
-7.65757239204212
 20
32.5797569549689
 10
-7.65767890870898
 20
32.5797580929358
 10
-7.65768159667472
 20
32.5795777229234
 10
-7.65778811313443
 20
32.5795788607922
 10
-7.65779080086303
 20
32.5793984907666
 10
-7.65811034963877
 20
32.5794019038081
 10
-7.65811169317436
 20
32.5793117187815
 10
-7.65821820933837
 20
32.5793128562776
 10
-7.65821686590935
 20
32.5794030413081
 10
-7.65853641475707
 20
32.5794064532667
 10
-7.65853775786639
 20
32.5793162682244
 10
-7.65896382265437
 20
32.5793208162234
 10
-7.65896650800246
 20
32.5791404461033
 10
-7.65960560408547
 20
32.5791472653475
 10
-7.65960828813077
 20
32.578966895175
 10
-7.65982131978012
 20
32.5789691675187
 10
-7.65982400337518
 20
32.5787887973252
 10
-7.66025006589323
 20
32.5787933408984
 10
-7.6602473831507
 20
32.5789737111233
 10
-7.66046041487194
 20
32.5789759823842
 10
-7.66045773253172
 20
32.5791563526193
 10
-7.66077728079789
 20
32.5791597588573
 10
-7.66077459907313
 20
32.5793401291106
 10
-7.66098763170679
 20
32.5793423995003
 10
-7.66098629104857
 20
32.5794325846328
 10
-7.66119932391931
 20
32.5794348546694
 10
-7.66119664301119
 20
32.5796152249459
 10
-7.66140967633216
 20
32.5796174946372
 10
-7.66140699582638
 20
32.579797864924
 10
-7.66162002959757
 20
32.5798001342699
 10
-7.66161734949415
 20
32.5799805045671
 10
-7.66151083239242
 20
32.5799793699314
 10
-7.66149743045051
 20
32.5808812212971
 10
-7.66139091228901
 20
32.580880086532
 10
-7.66138555091837
 20
32.581240827025
 10
-7.66127903233654
 20
32.581239692154
 10
-7.66127769187234
 20
32.58132987727
 10
-7.66117117318992
 20
32.5813287423048
 10
-7.66116849203039
 20
32.5815091125249
 10
-7.6610619731408
 20
32.5815079774616
 10
-7.66105526960433
 20
32.5819589029687
 10
-7.66116178902683
 20
32.5819600380515
 10
-7.66114436051719
 20
32.5831324442632
 10
-7.66103783970906
 20
32.5831313091295
 10
-7.66103113563378
 20
32.5835822345155
 10
-7.66092461429868
 20
32.5835810992719
 10
-7.66092059146189
 20
32.5838516544756
 10
-7.66081406981301
 20
32.58385051913
 10
-7.66080602333819
 20
32.5843916294776
 10
-7.66091254562664
 20
32.5843927648466
 10
-7.66089377117277
 20
32.585655355524
 10
-7.6610002949596
 20
32.5856564908576
 10
-7.66099895398887
 20
32.5857466758998
 10
-7.66089243009544
 20
32.5857455405623
 10
-7.66088706572623
 20
32.586106280702
 10
-7.66099359004608
 20
32.5861074160552
 10
-7.66098420291568
 20
32.5867387112753
 10
-7.66109072798776
 20
32.5867398465657
 10
-7.66108134131022
 20
32.5873711417473
 10
-7.66118786713456
 20
32.5873722769748
 10
-7.66118518538603
 20
32.5875526470224
 10
-7.66129171142958
 20
32.5875537821674
 10
-7.66129037065295
 20
32.5876439671932
 10
-7.6613968968091
 20
32.5876451022519
 10
-7.6613942154511
 20
32.587825472307
 10
-7.66150074182646
 20
32.5878266072833
 10
-7.66149806065775
 20
32.5880069773409
 10
-7.66171111385289
 20
32.5880092470383
 10
-7.66170843308669
 20
32.5881896171062
 10
-7.66181495990648
 20
32.5881907518273
 10
-7.66181361962102
 20
32.5882809368632
 10
-7.66202667349177
 20
32.5882832060423
 10
-7.66202399332936
 20
32.5884635761257
 10
-7.66234357482007
 20
32.5884669792408
 10
-7.66234089527344
 20
32.5886473493423
 10
-7.6626604774577
 20
32.5886507516684
 10
-7.66265779852685
 20
32.5888311217879
 10
-7.66319043668641
 20
32.5888367905651
 10
-7.66318909774512
 20
32.5889269756424
 10
-7.66361520880687
 20
32.5889315090547
 10
-7.66362190132117
 20
32.5884805835766
 10
-7.66372842856845
 20
32.5884817166845
 10
-7.66371638289471
 20
32.5892933825561
 10
-7.66382291110755
 20
32.5892945156088
 10
-7.66382023443868
 20
32.5894748857955
 10
-7.66392676287074
 20
32.5894760187658
 10
-7.66392542463396
 20
32.589566203861
 10
-7.66403195317862
 20
32.5895673367449
 10
-7.66402927690038
 20
32.5897477069392
 10
-7.66424233443413
 20
32.5897499724518
 10
-7.66423965855849
 20
32.5899303426563
 10
-7.66434618754758
 20
32.5899314752851
 10
-7.66433949828708
 20
32.5903824007923
 10
-7.66391338023405
 20
32.5903778696577
 10
-7.66391605680919
 20
32.5901974994901
 97
0
 92
2
 72
0
 73
1
 93
5
 10
-7.66413312957538
 20
32.5899292099374
 10
-7.6641304534626
 20
32.5901095801287
 10
-7.66423698265896
 20
32.5901107128555
 10
-7.66423965855849
 20
32.5899303426563
 10
-7.66413312957538
 20
32.5899292099374
 97
0
 92
2
 72
0
 73
1
 93
5
 10
-7.65411265231315
 20
32.5831475166612
 10
-7.6541140000445
 20
32.5830573318365
 10
-7.65400747963253
 20
32.5830561907458
 10
-7.65400613179459
 20
32.5831463755666
 10
-7.65411265231315
 20
32.5831475166612
 97
0
 75
0
 76
1
 98
0
  0
HATCH
  5
2000F
100
AcDbEntity
  8
0
100
AcDbHatch
 10
0
 20
0
 30
0
210
0
220
0
230
1
  2
SOLID
 70
1
 71
0
 91
8
 92
2
 72
0
 73
1
 93
2235
 10
-7.60759885662653
 20
32.5665852918695
 10
-7.60760443024169
 20
32.5662245586341
 10
-7.6077109286895
 20
32.5662257385184
 10
-7.60771510851607
 20
32.5659551885654
 10
-7.60782160665062
 20
32.5659563683473
 10
-7.60782578610173
 20
32.56568581837
 10
-7.60793228392304
 20
32.5656869980495
 10
-7.6079350699797
 20
32.5655066313831
 10
-7.60804156759426
 20
32.5655078109643
 10
-7.60806106780343
 20
32.5642452440913
 10
-7.60795457167964
 20
32.5642440645671
 10
-7.60796014336998
 20
32.5638833311426
 10
-7.6077471519929
 20
32.5638809718562
 10
-7.60774854511289
 20
32.5637907885049
 10
-7.60753555397365
 20
32.5637884288659
 10
-7.60753834062088
 20
32.5636080621754
 10
-7.60743184527355
 20
32.5636068822288
 10
-7.60743463210885
 20
32.5634265155411
 10
-7.60732813698069
 20
32.5634253355124
 10
-7.60732534993244
 20
32.563605702192
 10
-7.60700586394645
 20
32.5636021615406
 10
-7.60701283311753
 20
32.5631512448925
 10
-7.60690633833369
 20
32.5631500645154
 10
-7.60690912617151
 20
32.5629696978549
 10
-7.60680263160684
 20
32.5629685173957
 10
-7.6068054196327
 20
32.5627881507379
 10
-7.6066989252872
 20
32.5627869701967
 10
-7.60670171350111
 20
32.5626066035417
 10
-7.60659521937478
 20
32.5626054229184
 10
-7.60659661357887
 20
32.562515239593
 10
-7.60638362555783
 20
32.5625128780841
 10
-7.60638641437321
 20
32.5623325114454
 10
-7.60606693302718
 20
32.5623289685302
 10
-7.60606972245647
 20
32.5621486019106
 10
-7.60585673534947
 20
32.5621462395325
 10
-7.60585952517972
 20
32.5619658729238
 10
-7.6057530318485
 20
32.5619646916076
 10
-7.60575442686074
 20
32.5618745083053
 10
-7.60564793364222
 20
32.561873326903
 10
-7.60565072386096
 20
32.5616929603026
 10
-7.6055442308616
 20
32.5616917788183
 10
-7.60554702126835
 20
32.5615114122206
 10
-7.60544052848816
 20
32.5615102306543
 10
-7.60544331908292
 20
32.5613298640593
 10
-7.60533682652188
 20
32.561328682411
 10
-7.60533822191638
 20
32.5612384991156
 10
-7.60523172946804
 20
32.5612373173811
 10
-7.60523452045127
 20
32.5610569507944
 10
-7.60512802822209
 20
32.5610557689779
 10
-7.60513081939332
 20
32.560875402394
 10
-7.6050243273833
 20
32.5608742204955
 10
-7.60502711874252
 20
32.5606938539143
 10
-7.60481413516701
 20
32.5606914898632
 10
-7.6048155310502
 20
32.5606013065787
 10
-7.60449605605307
 20
32.5605977598379
 10
-7.6044946598505
 20
32.5606879431102
 10
-7.60428167633734
 20
32.5606855781573
 10
-7.60429145111482
 20
32.5600542952805
 10
-7.6041849601128
 20
32.5600531126974
 10
-7.6041863565911
 20
32.5599629294279
 10
-7.60397337481869
 20
32.5599605639993
 10
-7.6039761681824
 20
32.5597801974727
 10
-7.6034437149251
 20
32.5597742823641
 10
-7.60344092049682
 20
32.5599546488499
 10
-7.60322793881175
 20
32.5599522821589
 10
-7.60322654137534
 20
32.5600424653916
 10
-7.6031200504357
 20
32.5600412819068
 10
-7.60312144797857
 20
32.5599510986782
 10
-7.60290846633094
 20
32.5599487314462
 10
-7.60290706857516
 20
32.5600389146666
 10
-7.60258759583116
 20
32.5600353631301
 10
-7.60258479966212
 20
32.5602157295424
 10
-7.60247830854702
 20
32.5602145455084
 10
-7.60247551214009
 20
32.5603949119072
 10
-7.6022625295028
 20
32.5603925435523
 10
-7.60225973264506
 20
32.5605729099293
 10
-7.6020467496069
 20
32.5605705411973
 10
-7.60204535095574
 20
32.5606607243757
 10
-7.60140640135243
 20
32.5606536159912
 10
-7.60140080413027
 20
32.5610143485928
 10
-7.60129431212574
 20
32.5610131635301
 10
-7.60128451600115
 20
32.5616444455024
 10
-7.60117802325762
 20
32.5616432603209
 10
-7.60117522409571
 20
32.5618236265783
 10
-7.60096223820154
 20
32.5618212559284
 10
-7.60096083839827
 20
32.561911439047
 10
-7.6008543453541
 20
32.5619102535827
 10
-7.60084874565266
 20
32.5622709860269
 10
-7.60074225218887
 20
32.5622698004561
 10
-7.60073245172537
 20
32.562901082153
 10
-7.60062595752254
 20
32.5628998964633
 10
-7.60063155825079
 20
32.5625391640896
 10
-7.60052506448009
 20
32.5625379783261
 10
-7.60053626648822
 20
32.5618165135465
 10
-7.60032328066907
 20
32.5618141418145
 10
-7.60032188022701
 20
32.5619043249085
 10
-7.60021538722035
 20
32.5619031389031
 10
-7.60021258610453
 20
32.5620835050789
 10
-7.5999995996841
 20
32.5620811327812
 10
-7.60000240122579
 20
32.5619007666219
 10
-7.59915045749781
 20
32.5618912738898
 10
-7.59915466231861
 20
32.5616207247389
 10
-7.59926115494331
 20
32.5616219116337
 10
-7.59926395791296
 20
32.5614415455182
 10
-7.59937045033098
 20
32.5614427323147
 10
-7.59937325306267
 20
32.5612623661856
 10
-7.59958623749165
 20
32.5612647394916
 10
-7.59958763863518
 20
32.5611745564169
 10
-7.59969413075259
 20
32.5611757429305
 10
-7.59970253684361
 20
32.560634644429
 10
-7.59980902832851
 20
32.5606358308279
 10
-7.59980622653611
 20
32.5608161970087
 10
-7.60001920995052
 20
32.5608185695524
 10
-7.60001640855895
 20
32.5609989357441
 10
-7.60054886826903
 20
32.5610048655663
 10
-7.60055166859599
 20
32.5608244993337
 10
-7.60076465209795
 20
32.560826870615
 10
-7.60076885190273
 20
32.5605563212313
 10
-7.60087534334371
 20
32.5605575067244
 10
-7.60088094257007
 20
32.5601967741776
 10
-7.60098743359146
 20
32.5601979595642
 10
-7.60099163262622
 20
32.5599274101276
 10
-7.60109812333449
 20
32.5599285954118
 10
-7.60110792011834
 20
32.5592973133173
 10
-7.60100143015525
 20
32.5592961280618
 10
-7.60101402652827
 20
32.5584844795943
 10
-7.60112051553331
 20
32.558485664813
 10
-7.60112751276734
 20
32.5580347489301
 10
-7.60102102429455
 20
32.5580335637318
 10
-7.6010238233573
 20
32.5578531973774
 10
-7.60091733510365
 20
32.5578520120972
 10
-7.6009201343543
 20
32.5576716457455
 10
-7.60081364631979
 20
32.5576704603833
 10
-7.60081784546822
 20
32.557399910858
 10
-7.60049838236018
 20
32.5573963542672
 10
-7.60050118239987
 20
32.5572159879348
 10
-7.60039469492258
 20
32.5572148022324
 10
-7.60040029535269
 20
32.5568540695677
 10
-7.60029380830742
 20
32.5568528837915
 10
-7.60029520850576
 20
32.5567627006261
 10
-7.60008223464684
 20
32.5567603288114
 10
-7.60008503545052
 20
32.5565799624928
 10
-7.59997854874332
 20
32.5565787764585
 10
-7.59998415070138
 20
32.5562180438215
 10
-7.59987766442618
 20
32.5562168577133
 10
-7.5998790650065
 20
32.5561266745548
 10
-7.59977257884399
 20
32.5561254883606
 10
-7.59977538019873
 20
32.5559451220477
 10
-7.59966889425536
 20
32.5559439357715
 10
-7.59967169579795
 20
32.5557635694614
 10
-7.59945872435569
 20
32.5557611966549
 10
-7.599461526299
 20
32.5555808303557
 10
-7.59935504080012
 20
32.5555796438254
 10
-7.59935644186882
 20
32.555489460678
 10
-7.59924995648263
 20
32.5554882740616
 10
-7.59925275881413
 20
32.5553079077708
 10
-7.59914627364706
 20
32.5553067210724
 10
-7.59915327989846
 20
32.5548558053422
 10
-7.5990467952698
 20
32.5548546185742
 10
-7.59904959793941
 20
32.5546742522809
 10
-7.59894311352987
 20
32.5546730654309
 10
-7.59894591638731
 20
32.5544926991403
 10
-7.59851997966316
 20
32.5544879508718
 10
-7.5985171759543
 20
32.5546683171296
 10
-7.59841069157606
 20
32.5546671298289
 10
-7.5984078876293
 20
32.5548474960731
 10
-7.59808843389356
 20
32.5548439336055
 10
-7.59808703159151
 20
32.5549341167132
 10
-7.5978740622528
 20
32.5549317412759
 10
-7.59787546476771
 20
32.5548415581763
 10
-7.59798194932751
 20
32.554842745936
 10
-7.59798475412569
 20
32.5546623797246
 10
-7.59787826977876
 20
32.5546611919731
 10
-7.59788107476474
 20
32.5544808257645
 10
-7.59830701133864
 20
32.5544855761966
 10
-7.59830981544817
 20
32.5543052099499
 10
-7.59852278334698
 20
32.5543075846086
 10
-7.5985241851795
 20
32.554217401475
 10
-7.59863066903187
 20
32.5542185886651
 10
-7.59863907925697
 20
32.5536774898105
 10
-7.59853259604315
 20
32.553676302645
 10
-7.59853399783185
 20
32.553586119502
 10
-7.59842751473071
 20
32.5535849322504
 10
-7.59843031850217
 20
32.5534045659685
 10
-7.59832383562013
 20
32.553403378635
 10
-7.5983266395794
 20
32.5532230123558
 10
-7.59811367425979
 20
32.5532206374348
 10
-7.59811788079025
 20
32.5529500880305
 10
-7.59801139845909
 20
32.5529489004471
 10
-7.59801420299426
 20
32.552768534179
 10
-7.59769475667689
 20
32.5527649709124
 10
-7.59769195150321
 20
32.5529453371559
 10
-7.59758546919711
 20
32.5529441492119
 10
-7.59758406649446
 20
32.5530343323275
 10
-7.5974775840882
 20
32.5530331442892
 10
-7.59748179249662
 20
32.5527625949506
 10
-7.59726882834142
 20
32.5527602186283
 10
-7.59726602231639
 20
32.552940584839
 10
-7.59684009322982
 20
32.5529358310797
 10
-7.59684290010619
 20
32.5527554649018
 10
-7.59716234627321
 20
32.5527590303319
 10
-7.59716795867374
 20
32.5523982979108
 10
-7.59748740362016
 20
32.5524018624803
 10
-7.59748880638538
 20
32.5523116793593
 10
-7.59759528794029
 20
32.5523128673648
 10
-7.59759809323912
 20
32.5521325011106
 10
-7.59749161189703
 20
32.5521313131134
 10
-7.59750704176323
 20
32.5511392986641
 10
-7.59761352193478
 20
32.5511404866162
 10
-7.5976149245059
 20
32.5510503034723
 10
-7.59750844444075
 20
32.5510491155242
 10
-7.59751124977701
 20
32.5508687492405
 10
-7.59740476993094
 20
32.5508675612105
 10
-7.5974173945917
 20
32.5500559129038
 10
-7.59731091570955
 20
32.5500547248205
 10
-7.59731512413626
 20
32.549784175373
 10
-7.59720864557958
 20
32.5497829872119
 10
-7.59721145137886
 20
32.549602620915
 10
-7.59699849470991
 20
32.5496002443389
 10
-7.59700130090974
 20
32.549419878053
 10
-7.59721425715309
 20
32.5494222546127
 10
-7.59721706290225
 20
32.549241888305
 10
-7.59732354082053
 20
32.5492430764414
 10
-7.59732774907809
 20
32.5489725269574
 10
-7.59743422668344
 20
32.5489737149914
 10
-7.59743142139745
 20
32.5491540813236
 10
-7.59775085488945
 20
32.5491576449095
 10
-7.59774664787109
 20
32.5494281944346
 10
-7.59764016971496
 20
32.5494270066505
 10
-7.59763455984387
 20
32.5497877393153
 10
-7.5978475170136
 20
32.5497901148263
 10
-7.59785032153606
 20
32.5496097484801
 10
-7.59795679991752
 20
32.5496109360922
 10
-7.5979624084617
 20
32.5492502033674
 10
-7.59806888642381
 20
32.5492513908729
 10
-7.5980702884378
 20
32.5491612076842
 10
-7.59817676629978
 20
32.5491623950955
 10
-7.59818237386755
 20
32.5488016623109
 10
-7.59828885131019
 20
32.5488028496157
 10
-7.59829165484372
 20
32.5486224832071
 10
-7.59839813207983
 20
32.5486236704135
 10
-7.59840233701399
 20
32.5483531207782
 10
-7.59850881393717
 20
32.5483543078822
 10
-7.59851161698252
 20
32.5481739414438
 10
-7.59861809369917
 20
32.5481751284495
 10
-7.5986208965067
 20
32.5479947619974
 10
-7.59872737301683
 20
32.5479959489048
 10
-7.59873157686201
 20
32.5477253992043
 10
-7.59883805305921
 20
32.5477265860092
 10
-7.5988408553786
 20
32.5475462195273
 10
-7.59894733136928
 20
32.5475474062339
 10
-7.59895994053928
 20
32.5467357569616
 10
-7.5988534655061
 20
32.5467345702918
 10
-7.59886047091349
 20
32.5462836540026
 10
-7.59875399641849
 20
32.5462824672632
 10
-7.59876100220138
 20
32.5458315509608
 10
-7.59865452824455
 20
32.5458303641517
 10
-7.59866433682245
 20
32.5451990813003
 10
-7.59855786361654
 20
32.5451978944298
 10
-7.59856346880604
 20
32.5448371613586
 10
-7.59845699603189
 20
32.5448359744144
 10
-7.59846120017744
 20
32.5445654246091
 10
-7.59835472772868
 20
32.544564237587
 10
-7.59835753067383
 20
32.5443838710516
 10
-7.59825105844408
 20
32.5443826839476
 10
-7.59825526313399
 20
32.5441121341467
 10
-7.59814879122961
 20
32.5441109469649
 10
-7.59815439782068
 20
32.5437502138945
 10
-7.59804792634806
 20
32.543749026639
 10
-7.59805493497791
 20
32.5432981102911
 10
-7.59794846404338
 20
32.5432969229659
 10
-7.59795126766424
 20
32.5431165564255
 10
-7.59784479694871
 20
32.5431153690185
 10
-7.59785461016908
 20
32.5424840861133
 10
-7.59774814020437
 20
32.5424828986448
 10
-7.59776075770847
 20
32.541671249135
 10
-7.59765428870728
 20
32.5416700616133
 10
-7.59767111253352
 20
32.5405878621461
 10
-7.59756464481487
 20
32.5405866745835
 10
-7.59757165500814
 20
32.540135758102
 10
-7.59746518782751
 20
32.5401345704698
 10
-7.59746799207369
 20
32.539954203876
 10
-7.59736152511202
 20
32.5399530161619
 10
-7.59736573175338
 20
32.5396824662733
 10
-7.59725926511703
 20
32.5396812784814
 10
-7.59726487430989
 20
32.5393205452941
 10
-7.5971584081052
 20
32.5393193574285
 10
-7.59716261525313
 20
32.5390488075362
 10
-7.59705614937373
 20
32.5390476195928
 10
-7.59705895432039
 20
32.5388672529994
 10
-7.59695248865995
 20
32.5388660649741
 10
-7.59695950144872
 20
32.5384151484874
 10
-7.59685303632626
 20
32.5384139603926
 10
-7.59685864686989
 20
32.5380532271954
 10
-7.59675218217906
 20
32.5380520390268
 10
-7.59675919574936
 20
32.5376011225205
 10
-7.59665273159649
 20
32.5375999342823
 10
-7.59665553719343
 20
32.5374195676785
 10
-7.59654907325949
 20
32.5374183793585
 10
-7.59655187904405
 20
32.5372380127575
 10
-7.59644541532906
 20
32.5372368243556
 10
-7.59644681831827
 20
32.5371466410572
 10
-7.59623389111975
 20
32.5371442639913
 10
-7.59623669750472
 20
32.5369638974068
 10
-7.59613023412753
 20
32.5369627087469
 10
-7.59613304070011
 20
32.5367823421653
 10
-7.59581365124414
 20
32.5367787756697
 10
-7.59581645842965
 20
32.5365984091073
 10
-7.59485829231426
 20
32.5365877048296
 10
-7.59485548321477
 20
32.5367680713181
 10
-7.59432316786241
 20
32.5367621213029
 10
-7.59432035767449
 20
32.5369424877449
 10
-7.59410743115214
 20
32.5369401070918
 10
-7.59410462051377
 20
32.537120473512
 10
-7.59399815704934
 20
32.5371192830421
 10
-7.59399675161441
 20
32.537209466246
 10
-7.59389028804992
 20
32.5372082756819
 10
-7.59388747694856
 20
32.5373886420776
 10
-7.59378101317767
 20
32.5373874514152
 10
-7.59377820183853
 20
32.5375678177972
 10
-7.59367173786125
 20
32.5375666270365
 10
-7.59366752048644
 20
32.5378371765871
 10
-7.59356105619642
 20
32.5378359857239
 10
-7.59355543251676
 20
32.5381967184227
 10
-7.59344896780766
 20
32.538195527453
 10
-7.59344193753509
 20
32.5386464432756
 10
-7.59333547230057
 20
32.5386452521952
 10
-7.59332984754412
 20
32.5390059848125
 10
-7.5932233818905
 20
32.5390047936256
 10
-7.59321916293818
 20
32.5392753430621
 10
-7.59311269697181
 20
32.5392741517728
 10
-7.59310707118873
 20
32.5396348843194
 10
-7.59289413842405
 20
32.5396325014376
 10
-7.59289273174989
 20
32.5397226845627
 10
-7.59278626527062
 20
32.5397214929825
 10
-7.59278345169074
 20
32.5399018592203
 10
-7.59267698500506
 20
32.5399006675418
 10
-7.59267417118735
 20
32.540081033766
 10
-7.59256770429526
 20
32.5400798419892
 10
-7.59256489023972
 20
32.5402602081998
 10
-7.5924584231412
 20
32.5402590163246
 10
-7.59245701599766
 20
32.5403491994238
 10
-7.59235054879907
 20
32.5403480074544
 10
-7.59234773428042
 20
32.5405283736404
 10
-7.59224126687542
 20
32.5405271815727
 10
-7.59223845211893
 20
32.5407075477451
 10
-7.59202551690237
 20
32.5407051633229
 10
-7.59202270169532
 20
32.5408855294735
 10
-7.59180976607849
 20
32.5408831446744
 10
-7.59180835825283
 20
32.5409733277394
 10
-7.59116955091512
 20
32.540966171155
 10
-7.59117095937891
 20
32.5408759881147
 10
-7.59074508837165
 20
32.5408712152729
 10
-7.59074790613119
 20
32.5406908492212
 10
-7.59064143860781
 20
32.5406896557937
 10
-7.59064425655489
 20
32.5405092897448
 10
-7.59053778925051
 20
32.5405080962355
 10
-7.59054060738512
 20
32.5403277301894
 10
-7.59032767322064
 20
32.5403253429169
 10
-7.59033190101347
 20
32.5400547938624
 10
-7.59022543425972
 20
32.5400536001034
 10
-7.5902282529695
 20
32.5398732340686
 10
-7.59012178643475
 20
32.5398720402277
 10
-7.59012460533205
 20
32.5396916741957
 10
-7.59001813901628
 20
32.5396904802729
 10
-7.59002236763407
 20
32.5394199312272
 10
-7.58991590164364
 20
32.5394187372267
 10
-7.58991872090338
 20
32.5392383711977
 10
-7.58981225513194
 20
32.5392371771154
 10
-7.58981648429337
 20
32.5389666280742
 10
-7.58971001884725
 20
32.5389654339141
 10
-7.58971847763819
 20
32.5384243358199
 10
-7.58961201283642
 20
32.5384231415945
 10
-7.58961342271922
 20
32.5383329585782
 10
-7.58950695803009
 20
32.5383317642668
 10
-7.58951541783266
 20
32.5377906661654
 10
-7.58940895378787
 20
32.5377894717886
 10
-7.58941036383926
 20
32.5376992887711
 10
-7.5893038999071
 20
32.5376980943084
 10
-7.58930954047505
 20
32.5373373622414
 10
-7.58920307697453
 20
32.5373361677051
 10
-7.58920589743339
 20
32.5371558016718
 10
-7.58909943415184
 20
32.5371546070536
 10
-7.58910084447816
 20
32.537064424039
 10
-7.58899438130924
 20
32.5370632293349
 10
-7.58899720215564
 20
32.5368828633099
 10
-7.58889073920569
 20
32.536881668524
 10
-7.58889356023956
 20
32.5367013025019
 10
-7.58878709750857
 20
32.5367001076341
 10
-7.58878991872991
 20
32.5365197416148
 10
-7.58868345621788
 20
32.5365185466652
 10
-7.58868486692543
 20
32.5364283636576
 10
-7.58857840452603
 20
32.536427168622
 10
-7.58858828004679
 20
32.5357958875605
 10
-7.58869474170188
 20
32.5357970825672
 10
-7.58870038429269
 20
32.5354363504858
 10
-7.58880684552878
 20
32.535437545386
 10
-7.58880966657373
 20
32.5352571793289
 10
-7.58902258863952
 20
32.5352595688425
 10
-7.5890239989399
 20
32.5351693858037
 10
-7.58913045987592
 20
32.5351705804212
 10
-7.58913610058917
 20
32.534809848236
 10
-7.58924256110619
 20
32.534811042747
 10
-7.58924538121238
 20
32.5346306766381
 10
-7.58935184152306
 20
32.5346318710507
 10
-7.58935325146039
 20
32.5345416879901
 10
-7.58945971167105
 20
32.5345428823085
 10
-7.58945830184004
 20
32.5346330653732
 10
-7.58956476216331
 20
32.5346342596057
 10
-7.58955630368297
 20
32.5351753579905
 10
-7.58966276465047
 20
32.5351765521576
 10
-7.58965289688121
 20
32.5358078335739
 10
-7.58975935859929
 20
32.5358090276798
 10
-7.58975794899911
 20
32.535899210738
 10
-7.58986441082981
 20
32.535900404758
 10
-7.5898545441966
 20
32.5365316861565
 10
-7.5899610067779
 20
32.5365328801151
 10
-7.58995818789585
 20
32.5367132462251
 10
-7.59017111350266
 20
32.5367156338887
 10
-7.59016829502076
 20
32.5368960000097
 10
-7.59112646247686
 20
32.5369067401107
 10
-7.59112364588379
 20
32.5370871063005
 10
-7.59208181576333
 20
32.5370978391783
 10
-7.59208040841437
 20
32.5371880223082
 10
-7.59218687187209
 20
32.5371892144039
 10
-7.59218827911471
 20
32.5370990312698
 10
-7.59250766920656
 20
32.5371026070039
 10
-7.59251048303495
 20
32.5369222407071
 10
-7.59261694619879
 20
32.53692343243
 10
-7.59261975978938
 20
32.5367430661195
 10
-7.59272622274685
 20
32.5367442577442
 10
-7.59272903609964
 20
32.5365638914201
 10
-7.59283549885073
 20
32.5365650829464
 10
-7.59284253159112
 20
32.5361141670921
 10
-7.59294899381684
 20
32.5361153585077
 10
-7.59296165139687
 20
32.5353037098478
 10
-7.59306811267192
 20
32.5353049011364
 10
-7.59306951893198
 20
32.5352147179411
 10
-7.59317598010698
 20
32.5352159091354
 10
-7.59318160465909
 20
32.5348551763243
 10
-7.59328806541508
 20
32.5348563674122
 10
-7.59329509543232
 20
32.5344054513474
 10
-7.59318863520794
 20
32.5344042602801
 10
-7.59319144738352
 20
32.534223893853
 10
-7.59297852737888
 20
32.5342215114646
 10
-7.59297571477802
 20
32.5344018778753
 10
-7.59286925457248
 20
32.5344006865378
 10
-7.59286644173386
 20
32.5345810529349
 10
-7.59265352091634
 20
32.5345786699732
 10
-7.59265211427496
 20
32.5346688531614
 10
-7.5925456537693
 20
32.5346676615413
 10
-7.59254284025506
 20
32.5348480279056
 10
-7.59201053675779
 20
32.5348420684128
 10
-7.59200772215519
 20
32.5350224347305
 10
-7.59190126126194
 20
32.5350212425535
 10
-7.59189844642155
 20
32.5352016088576
 10
-7.59157906314158
 20
32.5351980317613
 10
-7.59157765539298
 20
32.535288214899
 10
-7.59115181068242
 20
32.5352834441595
 10
-7.59114899431576
 20
32.5354638103979
 10
-7.59072314885521
 20
32.5354590381842
 10
-7.59072033161279
 20
32.5356394043843
 10
-7.59050740849496
 20
32.5356370177204
 10
-7.59050459080206
 20
32.5358173838986
 10
-7.59018520553454
 20
32.5358138032025
 10
-7.5901880238654
 20
32.5356334370491
 10
-7.59029448540229
 20
32.5356346306963
 10
-7.59030012156318
 20
32.5352738983567
 10
-7.59040658268107
 20
32.5352750918974
 10
-7.59043616864125
 20
32.533381246674
 10
-7.59107492208442
 20
32.5333884055071
 10
-7.59107210576925
 20
32.5335687717939
 10
-7.59117856491109
 20
32.5335699646257
 10
-7.59118138101363
 20
32.5333895983307
 10
-7.59128783994912
 20
32.5333907910642
 10
-7.59128924788464
 20
32.5333006079105
 10
-7.59139570672011
 20
32.5333018005498
 10
-7.59139852235967
 20
32.5331214342302
 10
-7.5915049809888
 20
32.5331226267712
 10
-7.59150779639057
 20
32.5329422604379
 10
-7.59161425481336
 20
32.5329434528806
 10
-7.59161706997737
 20
32.5327630865337
 10
-7.59172352819382
 20
32.5327642788781
 10
-7.59172493566009
 20
32.5326740956985
 10
-7.59193785189923
 20
32.5326764801088
 10
-7.59194066638765
 20
32.5324961137291
 10
-7.59204712430403
 20
32.532497305791
 10
-7.5920499385547
 20
32.5323169393976
 10
-7.59215639626474
 20
32.5323181313612
 10
-7.59215921027765
 20
32.5321377649542
 10
-7.59226566778136
 20
32.5321389568194
 10
-7.59226988843468
 20
32.5318684071866
 10
-7.5921634312499
 20
32.5318672153337
 10
-7.59216624519997
 20
32.5316868489133
 10
-7.59227270217214
 20
32.5316880407579
 10
-7.59227973640585
 20
32.5312371246626
 10
-7.59238619285278
 20
32.5312383163966
 10
-7.59238900628968
 20
32.5310579499409
 10
-7.59249546253029
 20
32.5310591415765
 10
-7.59250952827482
 20
32.5301573091756
 10
-7.59240307309722
 20
32.530156117581
 10
-7.59240588638334
 20
32.5299757510929
 10
-7.59229943142461
 20
32.5299745594165
 10
-7.5923022448982
 20
32.5297941929312
 10
-7.59219579015834
 20
32.529793001173
 10
-7.59219860381939
 20
32.5296126346905
 10
-7.59209214929841
 20
32.5296114428504
 10
-7.59209918387254
 20
32.5291605266411
 10
-7.59199272988932
 20
32.5291593347316
 10
-7.59199695087727
 20
32.5288887850022
 10
-7.59189049721921
 20
32.528887593015
 10
-7.59189331139234
 20
32.5287072265302
 10
-7.59178685795314
 20
32.5287060344611
 10
-7.59179248664915
 20
32.5283453014918
 10
-7.59168603364139
 20
32.5283441093491
 10
-7.59169025541628
 20
32.5280735596203
 10
-7.59158380273366
 20
32.5280723673999
 10
-7.5915866174314
 20
32.5278920009155
 10
-7.59148016496765
 20
32.5278908086133
 10
-7.59148297985281
 20
32.5277104421318
 10
-7.59127007536931
 20
32.5277080572737
 10
-7.59127148301503
 20
32.5276178740391
 10
-7.59052631826479
 20
32.5276095242276
 10
-7.59052913502535
 20
32.5274291578121
 10
-7.58967752024589
 20
32.527419609833
 10
-7.58967470178479
 20
32.5275999761825
 10
-7.58935534570862
 20
32.5275963941797
 10
-7.58935393614978
 20
32.5276865773401
 10
-7.58903457981142
 20
32.5276829945143
 10
-7.58903598968911
 20
32.5275928113663
 10
-7.5889295376952
 20
32.5275916169151
 10
-7.58893517756815
 20
32.527230884326
 10
-7.58882872600566
 20
32.5272296898012
 10
-7.58883013606444
 20
32.5271395066547
 10
-7.58872368461453
 20
32.527138312044
 10
-7.58872650492575
 20
32.5269579457551
 10
-7.58862005369471
 20
32.5269567510626
 10
-7.5886228741933
 20
32.5267763847766
 10
-7.58851642318111
 20
32.5267751900023
 10
-7.58852065420059
 20
32.5265046405755
 10
-7.58841420351354
 20
32.5265034457235
 10
-7.58841984520977
 20
32.5261427131522
 10
-7.58852629547171
 20
32.5261439079877
 10
-7.58853052635892
 20
32.5258733585326
 10
-7.58831762647898
 20
32.5258709687963
 10
-7.58832044746406
 20
32.5256906025027
 10
-7.58821399774609
 20
32.5256894075077
 10
-7.58821964006574
 20
32.5253286749208
 10
-7.58832608935862
 20
32.5253298698992
 10
-7.58832749981651
 20
32.525239686745
 10
-7.58843394900942
 20
32.5252408816293
 10
-7.5884325386578
 20
32.5253310647877
 10
-7.58853898796327
 20
32.5253322595861
 10
-7.58853616745368
 20
32.525512625907
 10
-7.588642616978
 20
32.5255138206235
 10
-7.58866235852831
 20
32.524251256206
 10
-7.5888752546203
 20
32.5242536452535
 10
-7.58887807431595
 20
32.5240732788701
 10
-7.58919741786356
 20
32.5240768617413
 10
-7.58919882738315
 20
32.5239866785352
 10
-7.58930527513868
 20
32.5239878726413
 10
-7.58931514085566
 20
32.5233565901319
 10
-7.58942158787364
 20
32.5233577841191
 10
-7.58942440638075
 20
32.5231774176675
 10
-7.58931795957529
 20
32.5231762236884
 10
-7.58932077826974
 20
32.5229958572396
 10
-7.58942722486268
 20
32.5229970512104
 10
-7.58943427095737
 20
32.5225461350441
 10
-7.58932782489572
 20
32.5225449410939
 10
-7.58934050842594
 20
32.5217332919467
 10
-7.58923406332689
 20
32.5217320979436
 10
-7.58923688203243
 20
32.5215517314599
 10
-7.58913043715217
 20
32.521550537375
 10
-7.58914735013169
 20
32.5204683384086
 10
-7.58904090653272
 20
32.5204671442832
 10
-7.58904513495471
 20
32.5201965945236
 10
-7.58915157823494
 20
32.5201977886367
 10
-7.58915721561782
 20
32.5198370555885
 10
-7.58905077276256
 20
32.5198358614919
 10
-7.58905359162872
 20
32.519655494968
 10
-7.58916003427149
 20
32.5196566890563
 10
-7.58916708079552
 20
32.5192057727023
 10
-7.58906063868395
 20
32.5192045786346
 10
-7.58906486684155
 20
32.5189340288183
 10
-7.58917130863441
 20
32.5189352228737
 10
-7.58916989936107
 20
32.5190254061512
 10
-7.58948922509611
 20
32.5190289877895
 10
-7.589486407168
 20
32.5192093543653
 10
-7.59012506008285
 20
32.5192165152606
 10
-7.59012224340445
 20
32.5193968818804
 10
-7.59033512818468
 20
32.5193992681418
 10
-7.59033231190608
 20
32.5195796347727
 10
-7.59043875451812
 20
32.5195808277766
 10
-7.59043734647563
 20
32.5196710110942
 10
-7.59065023193105
 20
32.5196733968401
 10
-7.59064741625217
 20
32.5198537634876
 10
-7.5907538592018
 20
32.5198549562338
 10
-7.59075104371026
 20
32.5200353228842
 10
-7.59096393005335
 20
32.5200377081228
 10
-7.59096111496164
 20
32.5202180747843
 10
-7.5912804451609
 20
32.5202216519918
 10
-7.59127903792435
 20
32.5203118353328
 10
-7.59149192496777
 20
32.5203142196959
 10
-7.59149333199182
 20
32.5202240363466
 10
-7.59213199263541
 20
32.5202311872503
 10
-7.59213480538973
 20
32.5200508204982
 10
-7.5923476918962
 20
32.5200532033961
 10
-7.59234487956686
 20
32.5202335701646
 10
-7.59266421001114
 20
32.5202371438608
 10
-7.59266702170301
 20
32.5200567770677
 10
-7.59287990827228
 20
32.5200591590652
 10
-7.59287709700539
 20
32.5202395258748
 10
-7.59319642754384
 20
32.5202430982206
 10
-7.59319502221972
 20
32.5203332816357
 10
-7.59340790948923
 20
32.5203356627576
 10
-7.59340931460086
 20
32.5202454793343
 10
-7.59415441949809
 20
32.5202538103961
 10
-7.59415722821508
 20
32.5200734434878
 10
-7.59479588852523
 20
32.5200805808375
 10
-7.59479308108318
 20
32.520260947795
 10
-7.59521885559865
 20
32.5202657042603
 10
-7.59522166219073
 20
32.5200853372699
 10
-7.59532810562277
 20
32.520086526153
 10
-7.59532529924318
 20
32.5202668931516
 10
-7.59543174289398
 20
32.5202680819528
 10
-7.59543033980103
 20
32.5203582654542
 10
-7.59553678356435
 20
32.5203594541695
 10
-7.59553397757215
 20
32.5205398211765
 10
-7.59564042155422
 20
32.5205410098099
 10
-7.59563480991962
 20
32.5209017438241
 10
-7.59574125433296
 20
32.5209029323839
 10
-7.59573985151489
 20
32.5209931158882
 10
-7.59584629604075
 20
32.5209943043621
 10
-7.59583647688262
 20
32.521625588883
 10
-7.59594292215851
 20
32.5216267772956
 10
-7.59593029803185
 20
32.5224384287622
 10
-7.5960367442703
 20
32.5224396171217
 10
-7.5960311338095
 20
32.5228003510882
 10
-7.59613758047924
 20
32.5228015393741
 10
-7.59613056779359
 20
32.5232524568224
 10
-7.59623701500091
 20
32.5232536450388
 10
-7.59623280763314
 20
32.5235241955039
 10
-7.59633925516551
 20
32.5235253836425
 10
-7.59633364567918
 20
32.5238861175935
 10
-7.59644009364287
 20
32.5238873056585
 10
-7.59643728907466
 20
32.5240676726341
 10
-7.59654373725715
 20
32.5240688606173
 10
-7.59653953067666
 20
32.5243394110829
 10
-7.59664597918421
 20
32.5243405989883
 10
-7.59662074043057
 20
32.5259639016009
 10
-7.59672719085728
 20
32.5259650894901
 10
-7.59672298451991
 20
32.5262356398954
 10
-7.59682943527172
 20
32.5262368277068
 10
-7.59682663122805
 20
32.5264171946451
 10
-7.59693308219868
 20
32.5264183823747
 10
-7.59693027834252
 20
32.5265987493158
 10
-7.59703672953197
 20
32.5265999369635
 10
-7.59703532770078
 20
32.5266901204361
 10
-7.59714177900277
 20
32.5266913079979
 10
-7.59713336852185
 20
32.5272324088299
 10
-7.59702691658216
 20
32.5272312212436
 10
-7.59702271093833
 20
32.5275017716291
 10
-7.59691625868606
 20
32.5275005839404
 10
-7.59690924862303
 20
32.5279515012021
 10
-7.59680279584559
 20
32.5279503134028
 10
-7.59678596978014
 20
32.5290325146441
 10
-7.59689242383306
 20
32.5290337024926
 10
-7.59688681536936
 20
32.529394436213
 10
-7.59678036089127
 20
32.5293932483481
 10
-7.59677334963926
 20
32.5298441654477
 10
-7.59666689463595
 20
32.5298429774722
 10
-7.59665427303111
 20
32.5306546281295
 10
-7.59676072899111
 20
32.5306558161419
 10
-7.59675371730072
 20
32.5311067331471
 10
-7.5968601737985
 20
32.53110792109
 10
-7.59685316248305
 20
32.5315588380819
 10
-7.59695961951862
 20
32.5315600259552
 10
-7.59695401077876
 20
32.5319207595409
 10
-7.59684755331797
 20
32.5319195716512
 10
-7.59684474869785
 20
32.5320999384277
 10
-7.59695120637126
 20
32.5321011263256
 10
-7.59694980415812
 20
32.532191309716
 10
-7.5970562619441
 20
32.5321924975279
 10
-7.59705065345414
 20
32.5325532310922
 10
-7.59715711167163
 20
32.5325544188304
 10
-7.5971543076017
 20
32.5327347856127
 10
-7.59726076603807
 20
32.5327359732691
 10
-7.59725936410003
 20
32.5328261566623
 10
-7.59747228120418
 20
32.532828531713
 10
-7.59746947773457
 20
32.5330088985118
 10
-7.59800177166762
 20
32.5330148346032
 10
-7.5979989692361
 20
32.5331952014375
 10
-7.59853126438875
 20
32.533201135318
 10
-7.59853406575711
 20
32.5330207684427
 10
-7.599066360003
 20
32.5330267000302
 10
-7.5990761608743
 20
32.5323954157807
 10
-7.59918261899805
 20
32.5323966017993
 10
-7.599179818993
 20
32.5325769687427
 10
-7.59928627733562
 20
32.5325781546794
 10
-7.59928347751818
 20
32.5327585216256
 10
-7.59970931180169
 20
32.5327632645045
 10
-7.59971770862752
 20
32.5322221635516
 10
-7.59961125068514
 20
32.5322209779916
 10
-7.5996154493326
 20
32.5319504275092
 10
-7.59950899171539
 20
32.5319492418713
 10
-7.59951179099507
 20
32.5317688748845
 10
-7.59940533359673
 20
32.5317676891648
 10
-7.59940813306402
 20
32.5315873221807
 10
-7.59930167588454
 20
32.5315861363791
 10
-7.5993058753575
 20
32.5313155859052
 10
-7.5991994185032
 20
32.5313144000258
 10
-7.59920221833319
 20
32.5311340330447
 10
-7.59909576169775
 20
32.5311328470834
 10
-7.59911256142816
 20
32.5300506451324
 10
-7.59953838290497
 20
32.5300553882407
 10
-7.59954538040098
 20
32.5296044706219
 10
-7.59943892555388
 20
32.5296032850004
 10
-7.59944172472112
 20
32.5294229179517
 10
-7.59933527009287
 20
32.5294217322483
 10
-7.5993380694477
 20
32.5292413652023
 10
-7.59912516063513
 20
32.5292389935418
 10
-7.59912796039013
 20
32.5290586265068
 10
-7.59880859785593
 20
32.529055068365
 10
-7.59880999804293
 20
32.5289648848578
 10
-7.59891645210845
 20
32.528966070991
 10
-7.59891925225111
 20
32.5287857039643
 10
-7.59881279839817
 20
32.5287845178393
 10
-7.59881979917684
 20
32.5283336002694
 10
-7.59913915916005
 20
32.5283371583129
 10
-7.59914195879001
 20
32.528156791251
 10
-7.59924841191767
 20
32.5281579770771
 10
-7.59924561250028
 20
32.5283383441473
 10
-7.59945851919952
 20
32.5283407155458
 10
-7.59945711969403
 20
32.5284308990871
 10
-7.59988293359265
 20
32.5284356408198
 10
-7.59988013541325
 20
32.528616007931
 10
-7.60009304282522
 20
32.5286183782734
 10
-7.60008604833028
 20
32.5290692960686
 10
-7.6001925025771
 20
32.5290704811252
 10
-7.60017991304927
 20
32.5298821331085
 10
-7.600286368259
 20
32.5298833181118
 10
-7.60028357073002
 20
32.5300636852126
 10
-7.60039002615859
 20
32.530064870134
 10
-7.60038722881723
 20
32.5302452372376
 10
-7.60049368446464
 20
32.5302464220771
 10
-7.60049228589089
 20
32.5303366056309
 10
-7.60059874165085
 20
32.5303377903845
 10
-7.60059594469721
 20
32.5305181574963
 10
-7.60070240067602
 20
32.530519342168
 10
-7.60069960391
 20
32.5306997092826
 10
-7.60080606010766
 20
32.5307008938724
 10
-7.6008018652307
 20
32.5309714445464
 10
-7.60090832175351
 20
32.5309726290584
 10
-7.60090272892202
 20
32.531333363288
 10
-7.60100918587629
 20
32.5313345477262
 10
-7.60100499150602
 20
32.5316050983965
 10
-7.60111144878546
 20
32.531606282757
 10
-7.60110585662959
 20
32.5319670169815
 10
-7.6012123143405
 20
32.5319682012682
 10
-7.60118994641898
 20
32.5334111380159
 10
-7.60129640583715
 20
32.533412322278
 10
-7.6012866201131
 20
32.5340436070251
 10
-7.60139308028174
 20
32.5340447912258
 10
-7.60136931548575
 20
32.5355779111204
 10
-7.60147577746814
 20
32.5355790953004
 10
-7.60147298170382
 20
32.5357594623294
 10
-7.60157944390511
 20
32.5357606464276
 10
-7.60156546577227
 20
32.5366624815324
 10
-7.60145900250767
 20
32.5366612973934
 10
-7.6014506146903
 20
32.537202398367
 10
-7.60134415079394
 20
32.5372012141134
 10
-7.60131758586898
 20
32.5389147001319
 10
-7.60142405178583
 20
32.5389158844632
 10
-7.60141426488442
 20
32.5395471686918
 10
-7.60152073155195
 20
32.5395483529616
 10
-7.60151374125252
 20
32.5399992702476
 10
-7.60162020845804
 20
32.5400004544478
 10
-7.60161461653152
 20
32.5403611882687
 10
-7.60172108416869
 20
32.5403623723952
 10
-7.6017196862778
 20
32.5404525558511
 10
-7.60182615402757
 20
32.5404537398915
 10
-7.60182056282703
 20
32.5408144737182
 10
-7.60171409465184
 20
32.5408132896614
 10
-7.6017015131282
 20
32.5416249406557
 10
-7.60191445139926
 20
32.5416273087527
 10
-7.60191025808383
 20
32.5418978590843
 10
-7.6020167275478
 20
32.5418990430099
 10
-7.6020139321857
 20
32.5420794098992
 10
-7.60212040186864
 20
32.5420805937428
 10
-7.60211620909776
 20
32.5423511440788
 10
-7.60222267910603
 20
32.5423523278446
 10
-7.60221988410697
 20
32.5425326947367
 10
-7.60232635433421
 20
32.5425338784205
 10
-7.60232076468665
 20
32.5428946122048
 10
-7.60242723534559
 20
32.5428957958149
 10
-7.60242583802447
 20
32.5429859792617
 10
-7.60253230879602
 20
32.5429871627858
 10
-7.60252951434778
 20
32.5431675296835
 10
-7.60263598533831
 20
32.5431687131257
 10
-7.60263319107785
 20
32.5433490800261
 10
-7.60273966228736
 20
32.5433502633863
 10
-7.60273686821468
 20
32.5435306302896
 10
-7.60294981107788
 20
32.543532996756
 10
-7.60294841424493
 20
32.5436231802137
 10
-7.60305488579226
 20
32.5436243633158
 10
-7.60305209232038
 20
32.5438047302355
 10
-7.60337150763802
 20
32.5438082790257
 10
-7.60336871477942
 20
32.5439886459644
 10
-7.60379460280789
 20
32.5439933764557
 10
-7.60379181077533
 20
32.5441737434217
 10
-7.60496300570808
 20
32.5441867449279
 10
-7.60496579540042
 20
32.5440063778721
 10
-7.60549815591895
 20
32.5440122840023
 10
-7.60550094452265
 20
32.5438319169003
 10
-7.6056074164323
 20
32.5438330978479
 10
-7.60561020479834
 20
32.5436527307324
 10
-7.60582314821082
 20
32.5436550923408
 10
-7.60582454217177
 20
32.5435649087729
 10
-7.60593101378097
 20
32.5435660894378
 10
-7.60593380147144
 20
32.5433857222898
 10
-7.60604027287413
 20
32.5433869028565
 10
-7.60604306032696
 20
32.5432065356949
 10
-7.60614953152314
 20
32.5432077161633
 10
-7.60615231873833
 20
32.5430273489882
 10
-7.60625878972799
 20
32.5430285293583
 10
-7.60626018321989
 20
32.5429383457647
 10
-7.6063666541094
 20
32.5429395260406
 10
-7.60637640763386
 20
32.5423082408187
 10
-7.60648287778504
 20
32.5423094209761
 10
-7.60648566423758
 20
32.5421290537495
 10
-7.60659213418225
 20
32.5421302338086
 10
-7.60659770658723
 20
32.5417694993231
 10
-7.60681064564433
 20
32.5417718591384
 10
-7.6068120385173
 20
32.5416816755054
 10
-7.60691850794882
 20
32.5416828552738
 10
-7.60692129346337
 20
32.5415024879958
 10
-7.60702776268839
 20
32.541503667666
 10
-7.60703054796534
 20
32.5413233003745
 10
-7.60713701698386
 20
32.5413244799464
 10
-7.60713980202322
 20
32.5411441126413
 10
-7.60724627083524
 20
32.5411452921149
 10
-7.60724766323924
 20
32.5410551084563
 10
-7.60735413195111
 20
32.5410562878358
 10
-7.60735691652773
 20
32.5408759205063
 10
-7.60746338503311
 20
32.5408770997875
 10
-7.60746895368631
 20
32.5405163650962
 10
-7.60736248560635
 20
32.5405151858312
 10
-7.60736666235002
 20
32.5402446348107
 10
-7.60757959787803
 20
32.5402469932261
 10
-7.60758238191732
 20
32.5400666258561
 10
-7.60779531704478
 20
32.5400689838948
 10
-7.60779949241897
 20
32.5397984328052
 10
-7.60801242693318
 20
32.5398007904591
 10
-7.60801521005949
 20
32.539620423043
 10
-7.60812167711321
 20
32.5396216017267
 10
-7.60812446000196
 20
32.5394412342971
 10
-7.6082309268492
 20
32.5394424128825
 10
-7.60823510081668
 20
32.5391718617158
 10
-7.60834156735109
 20
32.5391730401989
 10
-7.60834434975231
 20
32.5389926727396
 10
-7.60855728241437
 20
32.5389950294192
 10
-7.60856006436535
 20
32.5388146619382
 10
-7.608666530493
 20
32.5388158401347
 10
-7.60868322040097
 20
32.5377336350866
 10
-7.60857675554944
 20
32.5377324569389
 10
-7.6085823190787
 20
32.537371721896
 10
-7.60847585465873
 20
32.5373705436745
 10
-7.60847724563186
 20
32.5372803599145
 10
-7.60858370994548
 20
32.537281538132
 10
-7.6085892733505
 20
32.5369208030621
 10
-7.60869573724499
 20
32.5369219811732
 10
-7.60869295576757
 20
32.537102348719
 10
-7.60911881225831
 20
32.537107060295
 10
-7.60912159288503
 20
32.5369266927168
 10
-7.60922805681056
 20
32.5369278703774
 10
-7.60923222738507
 20
32.5366573189877
 10
-7.6093386909978
 20
32.5366584965461
 10
-7.60934425125155
 20
32.5362977613246
 10
-7.60945071444515
 20
32.5362989387766
 10
-7.60945349432212
 20
32.5361185711497
 10
-7.60955995730926
 20
32.5361197485035
 10
-7.60956412675915
 20
32.5358491970408
 10
-7.60967058943351
 20
32.5358503742923
 10
-7.60967753786088
 20
32.5353994551405
 10
-7.60957107571817
 20
32.5353982779093
 10
-7.60957663477366
 20
32.5350375425798
 10
-7.60968309649106
 20
32.5350387197948
 10
-7.60969004463915
 20
32.5345878005823
 10
-7.60979650583112
 20
32.5345889776868
 10
-7.60979928483427
 20
32.5344086099843
 10
-7.6099057458198
 20
32.5344097869906
 10
-7.60990852458548
 20
32.5342294192746
 10
-7.61001498536458
 20
32.5342305961827
 10
-7.61001637463179
 20
32.5341404123186
 10
-7.61022929599594
 20
32.5341427658564
 10
-7.61023207408646
 20
32.5339623981079
 10
-7.61044499505015
 20
32.5339647512692
 10
-7.61044777269057
 20
32.533784383499
 10
-7.61055423296907
 20
32.5337855599364
 10
-7.61055701037204
 20
32.5336051921527
 10
-7.61076993052238
 20
32.533607544741
 10
-7.61077131900192
 20
32.533517360839
 10
-7.61087777898008
 20
32.533518536994
 10
-7.61088055570792
 20
32.5333381691779
 10
-7.61098701547964
 20
32.5333393452347
 10
-7.61099256843566
 20
32.53297860957
 10
-7.61120548714716
 20
32.5329809613808
 10
-7.61120687515803
 20
32.5328907774531
 10
-7.61131333441676
 20
32.5328919532194
 10
-7.6113119465122
 20
32.5329821371511
 10
-7.61163132464452
 20
32.5329856639215
 10
-7.61162854945471
 20
32.5331660318053
 10
-7.61173500905718
 20
32.5331672072234
 10
-7.61173778403436
 20
32.5329868393315
 10
-7.61184424343039
 20
32.5329880146514
 10
-7.61184563080337
 20
32.5328978306994
 10
-7.61195209009928
 20
32.5328990059252
 10
-7.61196180079244
 20
32.5322677181949
 10
-7.61206825935035
 20
32.5322688933022
 10
-7.61207658192214
 20
32.5317277894566
 10
-7.6119701240021
 20
32.5317266143736
 10
-7.6119742855233
 20
32.5314560624447
 10
-7.61186782792838
 20
32.5314548872839
 10
-7.61187060245748
 20
32.5312745193327
 10
-7.61176414508137
 20
32.5312733440899
 10
-7.61176830714748
 20
32.5310027921651
 10
-7.61166185009649
 20
32.5310016168444
 10
-7.61166462498885
 20
32.530821248896
 10
-7.61155816815667
 20
32.5308200734933
 10
-7.61156371829227
 20
32.5304593375965
 10
-7.61145726189149
 20
32.5304581621199
 10
-7.61146142474703
 20
32.5301876101953
 10
-7.61135496867136
 20
32.5301864346409
 10
-7.61136190717148
 20
32.5297355147599
 10
-7.61125545163351
 20
32.5297343391358
 10
-7.61127071695766
 20
32.5287423153236
 10
-7.61137717132636
 20
32.5287434909031
 10
-7.61137994654669
 20
32.5285631229116
 10
-7.61159285487752
 20
32.5285654737843
 10
-7.61159008008237
 20
32.528745841792
 10
-7.61169653446967
 20
32.5287470171013
 10
-7.61169375986233
 20
32.5289273851118
 10
-7.61180021446841
 20
32.5289285603392
 10
-7.61179744004887
 20
32.5291089283523
 10
-7.61190389487374
 20
32.5291101034978
 10
-7.61190250776098
 20
32.5292002875064
 10
-7.61200896269834
 20
32.5292014625658
 10
-7.61200618866681
 20
32.5293818305871
 10
-7.61211264382296
 20
32.5293830055646
 10
-7.61210986997926
 20
32.5295633735886
 10
-7.61221632535419
 20
32.5295645484842
 10
-7.61221355169831
 20
32.5297449165109
 10
-7.61232000729204
 20
32.5297460913245
 10
-7.61231862056111
 20
32.5298362753399
 10
-7.61242507626733
 20
32.5298374500675
 10
-7.61242230299948
 20
32.5300178181023
 10
-7.6125287589245
 20
32.5300189927479
 10
-7.61252598584448
 20
32.5301993607856
 10
-7.61263244198829
 20
32.5302005353492
 10
-7.61262828264074
 20
32.5304710874077
 10
-7.61273473910965
 20
32.5304722618934
 10
-7.61273196639292
 20
32.5306526299338
 10
-7.61283842308063
 20
32.5306538043376
 10
-7.61283565055175
 20
32.5308341723806
 10
-7.61294210745826
 20
32.5308353467025
 10
-7.61293933511722
 20
32.5310157147483
 10
-7.61315224937404
 20
32.5310180631379
 10
-7.61315086340685
 20
32.5311082471669
 10
-7.61336377790104
 20
32.5311105952043
 10
-7.61336516365561
 20
32.5310204111672
 10
-7.61347162080569
 20
32.5310215850468
 10
-7.61347439208367
 20
32.5308412169605
 10
-7.61379376293317
 20
32.5308447380345
 10
-7.61379653354857
 20
32.5306643699184
 10
-7.61432881735843
 20
32.5306702365331
 10
-7.61433158688604
 20
32.5304898683711
 10
-7.61454450002806
 20
32.5304922143703
 10
-7.61454588456998
 20
32.5304020302792
 10
-7.61465234104397
 20
32.5304032031397
 10
-7.61465510989665
 20
32.5302228349454
 10
-7.61486802243795
 20
32.5302251803798
 10
-7.6148707908407
 20
32.5300448121639
 10
-7.61529661514708
 20
32.5300495019196
 10
-7.61529938267469
 20
32.5298691336659
 10
-7.61540583855413
 20
32.5298703058716
 10
-7.61540722220237
 20
32.5297801217387
 10
-7.61551367798169
 20
32.5297812938502
 10
-7.61551644504702
 20
32.5296009255723
 10
-7.6154099894803
 20
32.5295997534688
 10
-7.61541275673351
 20
32.5294193851936
 10
-7.61530630138557
 20
32.5294182130082
 10
-7.61531045253793
 20
32.5291476605973
 10
-7.61541690756699
 20
32.5291488327706
 10
-7.61542244192511
 20
32.5287880961878
 10
-7.61552889653516
 20
32.5287892682548
 10
-7.61553304691999
 20
32.5285187157914
 10
-7.61563950121734
 20
32.5285198877562
 10
-7.6156450345521
 20
32.5281591511033
 10
-7.61575148843046
 20
32.5281603229619
 10
-7.61575425484819
 20
32.5279799546192
 10
-7.61586070852014
 20
32.5279811263797
 10
-7.61586209161345
 20
32.5278909422023
 10
-7.61596854518528
 20
32.5278921138686
 10
-7.61597131114079
 20
32.5277117455017
 10
-7.61650357802971
 20
32.5277176024419
 10
-7.6165008131371
 20
32.5278979708493
 10
-7.61660726674599
 20
32.5278991419752
 10
-7.61660588439672
 20
32.5279893261809
 10
-7.61671233811807
 20
32.5279904972209
 10
-7.61670957361358
 20
32.5281708656363
 10
-7.61692248149997
 20
32.5281732074622
 10
-7.61691971739596
 20
32.5283535758884
 10
-7.61723907990959
 20
32.5283570879759
 10
-7.61724184337585
 20
32.5281767195255
 10
-7.61734829734682
 20
32.5281778900331
 10
-7.61735106057581
 20
32.5279975215692
 10
-7.61745751434037
 20
32.5279986919787
 10
-7.6174616588187
 20
32.5277281392605
 10
-7.61735520537302
 20
32.5277269688631
 10
-7.6173593501147
 20
32.527456416145
 10
-7.61725289699405
 20
32.5274552456697
 10
-7.61726118694853
 20
32.5269141402212
 10
-7.61715473447177
 20
32.5269129696801
 10
-7.61715887968456
 20
32.5266424169498
 10
-7.61705242753283
 20
32.5266412463307
 10
-7.61705795482195
 20
32.5262805093544
 10
-7.61695150310152
 20
32.5262793386614
 10
-7.61695288501465
 20
32.526189154418
 10
-7.61684643340668
 20
32.526187983639
 10
-7.61685196142262
 20
32.525827246668
 10
-7.61674551024593
 20
32.5258260758152
 10
-7.61674965651192
 20
32.5255555230849
 10
-7.61664320566024
 20
32.5255543521541
 10
-7.61665288080876
 20
32.5249230624313
 10
-7.6167593309165
 20
32.5249242333338
 10
-7.61678144270554
 20
32.5234812850833
 10
-7.61688789111912
 20
32.523482455831
 10
-7.61689341839443
 20
32.5231217186983
 10
-7.61699986638911
 20
32.5231228893399
 10
-7.617004011462
 20
32.5228523364641
 10
-7.61711045914405
 20
32.5228535070034
 10
-7.6171132222826
 20
32.5226731384047
 10
-7.6172196697583
 20
32.522674308846
 10
-7.61722381410105
 20
32.5224037559257
 10
-7.61733026126414
 20
32.5224049262648
 10
-7.61733302391593
 20
32.5222245576365
 10
-7.61743947087266
 20
32.5222257278774
 10
-7.61744223328726
 20
32.5220453592356
 10
-7.61754868003764
 20
32.5220465293784
 10
-7.61755144221505
 20
32.5218661607232
 10
-7.61808367499687
 20
32.5218720100462
 10
-7.61808091388206
 20
32.5220523787418
 10
-7.61829380746299
 20
32.5220547178569
 10
-7.61829656815276
 20
32.5218743491451
 10
-7.61850946133332
 20
32.5218766878839
 10
-7.61851084145644
 20
32.5217865035179
 10
-7.61872373444913
 20
32.5217888418884
 10
-7.61872649425185
 20
32.5216084731362
 10
-7.61925872577884
 20
32.5216143174464
 10
-7.61925596703871
 20
32.521794686239
 10
-7.61946886011766
 20
32.5217970233489
 10
-7.61946748095087
 20
32.5218872077512
 10
-7.61968037426699
 20
32.5218895445091
 10
-7.61967761633996
 20
32.5220699133258
 10
-7.61978406321978
 20
32.5220710815778
 10
-7.61978130548064
 20
32.5222514503972
 10
-7.61988775257914
 20
32.5222526185672
 10
-7.61988499502789
 20
32.5224329873893
 10
-7.61999144234507
 20
32.5224341554772
 10
-7.61999006366647
 20
32.5225243398903
 10
-7.62009651109606
 20
32.5225255078923
 10
-7.62009375393292
 20
32.5227058767224
 10
-7.62030664923564
 20
32.5227082124724
 10
-7.62030389247292
 20
32.5228885813133
 10
-7.62051678822532
 20
32.5228909167192
 10
-7.62051403186304
 20
32.5230712855708
 10
-7.62062047996101
 20
32.5230724531468
 10
-7.6206191018769
 20
32.5231626375746
 10
-7.62083199830382
 20
32.5231649724644
 10
-7.62082924254221
 20
32.5233453413322
 10
-7.62093569097744
 20
32.5233465086501
 10
-7.62092880199706
 20
32.5237974308161
 10
-7.62103525096978
 20
32.5237985980641
 10
-7.62103249554709
 20
32.5239789669291
 10
-7.62135184313979
 20
32.523982468157
 10
-7.62136561681906
 20
32.5230806236572
 10
-7.62147206496624
 20
32.5230817905127
 10
-7.62147481941575
 20
32.5229014215886
 10
-7.62158126735655
 20
32.522902588346
 10
-7.62158402156893
 20
32.5227222194084
 10
-7.62169046930336
 20
32.5227233860678
 10
-7.6216932232786
 20
32.5225430171167
 10
-7.62179967080665
 20
32.522544183678
 10
-7.62180104767878
 20
32.5224539991964
 10
-7.62190749510672
 20
32.5224551656636
 10
-7.62191300210871
 20
32.5220944277077
 10
-7.62201944911775
 20
32.5220955940688
 10
-7.62202633220059
 20
32.5216446715734
 10
-7.62191988572285
 20
32.5216435052325
 10
-7.62192263912546
 20
32.521463136233
 10
-7.62181619286638
 20
32.5214619698101
 10
-7.62181894645692
 20
32.5212816008132
 10
-7.6217125004165
 20
32.5212804343084
 10
-7.6217138773088
 20
32.5211902498119
 10
-7.62150098545893
 20
32.5211879165401
 10
-7.6215037396501
 20
32.5210075475593
 10
-7.6213972939469
 20
32.5210063807964
 10
-7.62140004832598
 20
32.5208260118183
 10
-7.62129360284144
 20
32.5208248449734
 10
-7.62129635740843
 20
32.520644475998
 10
-7.62118991214254
 20
32.5206433090712
 10
-7.62119679898361
 20
32.5201923866292
 10
-7.62109035425514
 20
32.5201912196324
 10
-7.62109448660471
 20
32.5199206661632
 10
-7.62098804220114
 20
32.5199194990885
 10
-7.6209907972826
 20
32.5197391301103
 10
-7.62088435309768
 20
32.5197379629537
 10
-7.62088710836701
 20
32.5195575939782
 10
-7.62078066440074
 20
32.5195564267395
 10
-7.62079030839332
 20
32.5189251353111
 10
-7.62089675161587
 20
32.5189263025215
 10
-7.62089399643267
 20
32.5191066715159
 10
-7.62110688332121
 20
32.5191090056828
 10
-7.62110963807943
 20
32.5189286366723
 10
-7.62121608132044
 20
32.5189298036126
 10
-7.62122296757711
 20
32.5184788810427
 10
-7.62132941029305
 20
32.5184800478729
 10
-7.62133491876271
 20
32.5181193097767
 10
-7.62144136105984
 20
32.5181204765007
 10
-7.62145237685402
 20
32.5173990002112
 10
-7.6215588183074
 20
32.517400166813
 10
-7.62156432563195
 20
32.5170394286199
 10
-7.62177720770728
 20
32.5170417615211
 10
-7.62177996090772
 20
32.5168613924003
 10
-7.62188640174214
 20
32.5168625587078
 10
-7.62188089574159
 20
32.5172232969601
 10
-7.62198733700709
 20
32.5172244631937
 10
-7.6219777020131
 20
32.5178557551115
 10
-7.62208414402841
 20
32.5178569212833
 10
-7.62207726223661
 20
32.5183078440614
 10
-7.6225030324841
 20
32.5183125079288
 10
-7.62250578436934
 20
32.5181321387893
 10
-7.622718669105
 20
32.5181344701667
 10
-7.6227062873402
 20
32.5189461313242
 10
-7.62281273067343
 20
32.5189472969141
 10
-7.62280722793208
 20
32.5193080351874
 10
-7.62291367169643
 20
32.5193092007034
 10
-7.62290954489464
 20
32.5195797544063
 10
-7.62301598898387
 20
32.5195809198443
 10
-7.62301048692047
 20
32.5199416581121
 10
-7.62311693144084
 20
32.5199428234761
 10
-7.62311555601588
 20
32.5200330080437
 10
-7.62343488993262
 20
32.5200365036077
 10
-7.62343626503883
 20
32.5199463190281
 10
-7.62375559869208
 20
32.5199498137697
 10
-7.62374872469338
 20
32.520400736715
 10
-7.6236422796049
 20
32.520399571871
 10
-7.62363815481323
 20
32.5206701256099
 10
-7.62353170941213
 20
32.5206689606639
 10
-7.62352620917892
 20
32.5210296989475
 10
-7.62363265500504
 20
32.5210308639097
 10
-7.62362853008441
 20
32.5213014176203
 10
-7.62352208393952
 20
32.5213002526461
 10
-7.62351658353435
 20
32.521660990892
 10
-7.62341013697058
 20
32.5216598258117
 10
-7.62340738651862
 20
32.5218401949185
 10
-7.62351383329492
 20
32.5218413600069
 10
-7.62350420726342
 20
32.5224726518666
 10
-7.62361065478969
 20
32.5224738168931
 10
-7.62360377939997
 20
32.5229247396297
 10
-7.6237102274637
 20
32.5229259045863
 10
-7.62370747747736
 20
32.5231062736796
 10
-7.62381392575976
 20
32.5231074385542
 10
-7.62381255086364
 20
32.5231976231028
 10
-7.62391899925845
 20
32.5231987878914
 10
-7.62391624966033
 20
32.5233791569926
 10
-7.62402269827382
 20
32.5233803216992
 10
-7.6240254476594
 20
32.5231999525899
 10
-7.62487703508799
 20
32.5232092669363
 10
-7.62487840892144
 20
32.5231190823475
 10
-7.62498485727136
 20
32.5231202462316
 10
-7.62498760470732
 20
32.5229398770418
 10
-7.6252005010005
 20
32.5229422045238
 10
-7.62520324798686
 20
32.5227618353125
 10
-7.62530969593012
 20
32.5227629989104
 10
-7.62531381604485
 20
32.5224924450714
 10
-7.62542026367546
 20
32.5224936085672
 10
-7.62542301017542
 20
32.5223132393264
 10
-7.62552945759963
 20
32.5223144027241
 10
-7.6255349501009
 20
32.5219536642104
 10
-7.6256413971062
 20
32.521954827502
 10
-7.62564277010993
 20
32.5218646428662
 10
-7.6257492170151
 20
32.5218658060637
 10
-7.62575196279164
 20
32.52168543678
 10
-7.62585840949042
 20
32.5216865998794
 10
-7.62586390054488
 20
32.5213258612798
 10
-7.62597034682476
 20
32.5213270242731
 10
-7.62597171946679
 20
32.5212368396158
 10
-7.62607816564654
 20
32.5212380025151
 10
-7.62609600805375
 20
32.5200656017956
 10
-7.62620245285833
 20
32.5200667645526
 10
-7.62621343143633
 20
32.5193452870415
 10
-7.62610698748174
 20
32.5193441243166
 10
-7.62612620053678
 20
32.518081538521
 10
-7.62623264300396
 20
32.5180827011897
 10
-7.62623538741556
 20
32.5179023317608
 10
-7.62644827194334
 20
32.5179046568121
 10
-7.62645101590547
 20
32.5177242873617
 10
-7.62677034210566
 20
32.5177277742393
 10
-7.62677308540585
 20
32.5175474047595
 10
-7.62762462050941
 20
32.5175566990745
 10
-7.62762187890904
 20
32.5177370686185
 10
-7.62794120531134
 20
32.5177405525253
 10
-7.62794394627428
 20
32.5175601829571
 10
-7.62805038820815
 20
32.5175613440713
 10
-7.6280517585742
 20
32.5174711592812
 10
-7.62826464224782
 20
32.5174734812315
 10
-7.62826738253661
 20
32.5172931116312
 10
-7.62837382417013
 20
32.5172942724633
 10
-7.62837656422197
 20
32.5171139028496
 10
-7.62848300564913
 20
32.5171150635837
 10
-7.62848574546403
 20
32.5169346939566
 10
-7.62859218668484
 20
32.5169358545926
 10
-7.62859355647687
 20
32.516845669773
 10
-7.62869999759757
 20
32.516846830315
 10
-7.62870273695082
 20
32.5166664606638
 10
-7.62891561878562
 20
32.5166687814616
 10
-7.62891835768947
 20
32.5164884117891
 10
-7.62902479840358
 20
32.5164895720449
 10
-7.6290275370705
 20
32.5163092023589
 10
-7.62934685861213
 20
32.5163126825623
 10
-7.6293441205826
 20
32.5164930522723
 10
-7.62955700206586
 20
32.5164953719738
 10
-7.6295542644368
 20
32.5166757416944
 10
-7.62966070540007
 20
32.5166769014181
 10
-7.62965796795903
 20
32.5168572711414
 10
-7.62976440914087
 20
32.5168584307831
 10
-7.62976304051742
 20
32.5169486156467
 10
-7.62986948181161
 20
32.5169497752024
 10
-7.62986674475883
 20
32.5171301449336
 10
-7.6300796277905
 20
32.5171324637909
 10
-7.63007689113822
 20
32.5173128335327
 10
-7.63060909988669
 20
32.5173186291405
 10
-7.63061183547661
 20
32.5171382593586
 10
-7.63082471859382
 20
32.5171405769555
 10
-7.63082745373435
 20
32.5169602071523
 10
-7.63114677781856
 20
32.5169636828485
 10
-7.63113720695077
 20
32.5175949772203
 10
-7.6310307648396
 20
32.517593818717
 10
-7.63101162071894
 20
32.5188564072068
 10
-7.6311180643175
 20
32.5188575657662
 10
-7.63111259477385
 20
32.5192183053023
 10
-7.6312190388035
 20
32.5192194637877
 10
-7.63121493690038
 20
32.5194900184376
 10
-7.63132138125488
 20
32.5194911768449
 10
-7.63131591239023
 20
32.5198519163753
 10
-7.63142235717584
 20
32.5198530747086
 10
-7.63141825578198
 20
32.5201236293542
 10
-7.63131181067762
 20
32.520122471009
 10
-7.63130634164198
 20
32.5204832105017
 10
-7.63119989611872
 20
32.5204820520503
 10
-7.63119305915549
 20
32.5209329763659
 10
-7.63151239733744
 20
32.5209364515098
 10
-7.63151513150352
 20
32.5207560817636
 10
-7.63162157736387
 20
32.5207572399568
 10
-7.63162567824842
 20
32.5204866853154
 10
-7.63173212379611
 20
32.5204878434066
 10
-7.63173485747612
 20
32.5203074736309
 10
-7.63162841214093
 20
32.5203063155477
 10
-7.63163251293391
 20
32.5200357608862
 10
-7.63173895795034
 20
32.5200369189573
 10
-7.63174442516383
 20
32.5196761793737
 10
-7.63206375897473
 20
32.5196796529991
 10
-7.63206649190735
 20
32.5194992831752
 10
-7.63217293631069
 20
32.5195004408623
 10
-7.6321743026616
 20
32.5194102559443
 10
-7.63238719127409
 20
32.5194125710403
 10
-7.63238582513568
 20
32.5195027559662
 10
-7.63227938072013
 20
32.5195015984593
 10
-7.63227118312403
 20
32.5200427079627
 10
-7.63237762817707
 20
32.5200438654937
 10
-7.63237626199595
 20
32.5201340504102
 10
-7.63248270716135
 20
32.5201352078551
 10
-7.6324799749933
 20
32.5203155776921
 10
-7.6323735296154
 20
32.5203144202392
 10
-7.63236669855723
 20
32.5207653447882
 10
-7.63226025265416
 20
32.5207641872253
 10
-7.63225478727277
 20
32.5211249268242
 10
-7.63214834095076
 20
32.5211237691553
 10
-7.63214424153187
 20
32.5213943238284
 10
-7.6320377948972
 20
32.5213931660574
 10
-7.63203232849485
 20
32.5217539055867
 10
-7.63192588144125
 20
32.5217527477096
 10
-7.63191904776967
 20
32.522203672071
 10
-7.63181260019086
 20
32.5222025140839
 10
-7.63180303205042
 20
32.5228338081053
 10
-7.63148368711905
 20
32.5228303335198
 10
-7.6314809526721
 20
32.5230107032041
 10
-7.63116160715809
 20
32.5230072277842
 10
-7.6311588720491
 20
32.5231875974391
 10
-7.63094597464522
 20
32.5231852800263
 10
-7.63094460686903
 20
32.5232754648437
 10
-7.63073170927706
 20
32.5232731470627
 10
-7.63073307726579
 20
32.5231829622533
 10
-7.63052017991079
 20
32.5231806441201
 10
-7.63052291629498
 20
32.5230002745132
 10
-7.63020357094592
 20
32.5229967966621
 10
-7.63020083392412
 20
32.5231771662449
 10
-7.63009438527412
 20
32.5231760067731
 10
-7.63009301664778
 20
32.5232661915585
 10
-7.62998656789763
 20
32.5232650319927
 10
-7.62998109290607
 20
32.5236257711048
 10
-7.6300875420813
 20
32.5236269306867
 10
-7.63008480476138
 20
32.5238073002427
 10
-7.63019125415527
 20
32.5238084597425
 10
-7.63018988559241
 20
32.5238986445225
 10
-7.63050923412956
 20
32.5239021224937
 10
-7.6305106023736
 20
32.5238119377017
 10
-7.63136219789132
 20
32.5238212082975
 10
-7.63136493266074
 20
32.5236408386454
 10
-7.6314713819154
 20
32.5236419970567
 10
-7.63146864735853
 20
32.5238223667167
 10
-7.63168154631125
 20
32.523824683285
 10
-7.63168701455041
 20
32.5234639439276
 10
-7.63179346361084
 20
32.5234651020607
 10
-7.63180029824107
 20
32.5230141778135
 10
-7.63201319531757
 20
32.5230164937696
 10
-7.63201046190887
 20
32.5231968634885
 10
-7.63222335943486
 20
32.5231991791004
 10
-7.63221925991364
 20
32.5234697336926
 10
-7.6323257090046
 20
32.5234708913755
 10
-7.63232024331595
 20
32.5238316308289
 10
-7.63242669283809
 20
32.5238327884377
 10
-7.63242532650694
 20
32.5239229733017
 10
-7.63285112508163
 20
32.5239276028524
 10
-7.63284566139639
 20
32.5242883423589
 10
-7.63273921131847
 20
32.5242871850903
 10
-7.63273238104327
 20
32.5247381094231
 10
-7.63283883165256
 20
32.5247392667116
 10
-7.63283609971233
 20
32.5249196364433
 10
-7.63294255054028
 20
32.5249207936498
 10
-7.6329398187882
 20
32.5251011633841
 10
-7.63304626983481
 20
32.5251023205086
 10
-7.63304490405589
 20
32.5251925053777
 10
-7.63315135521488
 20
32.5251936624161
 10
-7.63314862385131
 20
32.5253740321583
 10
-7.63325507522896
 20
32.5253751891146
 10
-7.63325780637996
 20
32.5251948193644
 10
-7.63368361110128
 20
32.5251994462572
 10
-7.63367132455577
 20
32.5260111102344
 10
-7.63356487240976
 20
32.5260099536103
 10
-7.63355941113919
 20
32.5263706931048
 10
-7.63366586371034
 20
32.5263718497448
 10
-7.63366449848374
 20
32.5264620346191
 10
-7.63377095116727
 20
32.5264631911731
 10
-7.63376549062505
 20
32.5268239306726
 10
-7.63397839686069
 20
32.5268262435423
 10
-7.63397566697815
 20
32.5270066132999
 10
-7.63408212031769
 20
32.5270077696076
 10
-7.63408075547357
 20
32.5270979544884
 10
-7.6341872089255
 20
32.5270991107101
 10
-7.63418447943154
 20
32.5272794804757
 10
-7.63429093310214
 20
32.5272806366153
 10
-7.63428820379638
 20
32.5274610063834
 10
-7.63450111158103
 20
32.5274633184084
 10
-7.63449701821444
 20
32.5277338730744
 10
-7.63460347243478
 20
32.5277350289638
 10
-7.63460074370583
 20
32.5279153987424
 10
-7.63470719814485
 20
32.5279165545497
 10
-7.63470446960412
 20
32.5280969243309
 10
-7.63481092426183
 20
32.5280980800561
 10
-7.63480410333484
 20
32.5285490045056
 10
-7.63491055853012
 20
32.5285501601607
 10
-7.63490646621971
 20
32.5288207148262
 10
-7.63501292173997
 20
32.5288218704032
 10
-7.63501019371516
 20
32.5290022401814
 10
-7.63511664945412
 20
32.5290033956763
 10
-7.63511119375661
 20
32.5293641352326
 10
-7.63521764992685
 20
32.5293652906534
 10
-7.63521628609355
 20
32.5294554755431
 10
-7.63532274237619
 20
32.5294566308778
 10
-7.63532001490391
 20
32.5296370006612
 10
-7.63542647140524
 20
32.5296381559138
 10
-7.63542101681281
 20
32.5299988954803
 10
-7.63552747374545
 20
32.5300000506588
 10
-7.6355233830561
 20
32.5302706053315
 10
-7.63562984031375
 20
32.5302717604319
 10
-7.63562711336967
 20
32.5304521302149
 10
-7.63573357084602
 20
32.5304532852332
 10
-7.63572402709412
 20
32.5310845794594
 10
-7.63583048532072
 20
32.5310857344155
 10
-7.63582775869228
 20
32.5312661041903
 10
-7.63593421713759
 20
32.5312672590644
 10
-7.63593285392055
 20
32.5313574439537
 10
-7.63582639536892
 20
32.5313562890757
 10
-7.63582366870395
 20
32.5315366588423
 10
-7.63571720994579
 20
32.5315355038663
 10
-7.63570766568239
 20
32.5321667979794
 10
-7.63581412518475
 20
32.5321679529834
 10
-7.63581139841018
 20
32.5323483227258
 10
-7.63570493869518
 20
32.5323471677138
 10
-7.6356981211206
 20
32.5327980920265
 10
-7.63559166088011
 20
32.5327969369045
 10
-7.63558484262168
 20
32.5332478611636
 10
-7.63547838185567
 20
32.5332467059316
 10
-7.6354661076499
 20
32.5340583694772
 10
-7.63535964593306
 20
32.5340572141192
 10
-7.63535419014682
 20
32.5344179534219
 10
-7.63524772801077
 20
32.5344167979578
 10
-7.63524636394266
 20
32.5345069827761
 10
-7.63513990170637
 20
32.534505827218
 10
-7.6351371733392
 20
32.5346861968426
 10
-7.63492424845958
 20
32.5346838854402
 10
-7.63492151964273
 20
32.5348642550434
 10
-7.6348150569994
 20
32.5348630991991
 10
-7.63481232794551
 20
32.535043468789
 10
-7.63470586509561
 20
32.5350423128466
 10
-7.63470859436217
 20
32.5348619432647
 10
-7.63460213173103
 20
32.5348607872402
 10
-7.63459940225181
 20
32.5350411568141
 10
-7.63428001375698
 20
32.5350376881761
 10
-7.63427864868924
 20
32.535127872949
 10
-7.63406572284384
 20
32.5351255600653
 10
-7.63406299226473
 20
32.5353059295912
 10
-7.63385006601839
 20
32.5353036163311
 10
-7.63384733498957
 20
32.5354839858357
 10
-7.63363440834229
 20
32.5354816721993
 10
-7.63363167686373
 20
32.5356620416825
 10
-7.63352521333657
 20
32.5356608847212
 10
-7.6335279450278
 20
32.535480515246
 10
-7.63342148171941
 20
32.5354793582025
 10
-7.63341874981552
 20
32.5356597276698
 10
-7.63288643230175
 20
32.5356539410613
 10
-7.63288506580898
 20
32.5357441257729
 10
-7.6327786022182
 20
32.5357429681769
 10
-7.63277586900168
 20
32.5359233375882
 10
-7.63266940520433
 20
32.5359221798941
 10
-7.63266667175073
 20
32.536102549292
 10
-7.63256020774681
 20
32.5361013914998
 10
-7.63255747405612
 20
32.5362817608843
 10
-7.63245100984564
 20
32.5362806029941
 10
-7.6324469089448
 20
32.5365511570487
 10
-7.63234044442141
 20
32.5365499990563
 10
-7.63233771024432
 20
32.5367303684114
 10
-7.63223124551435
 20
32.536729210321
 10
-7.63222440943307
 20
32.5371801336649
 10
-7.6321179441775
 20
32.5371789754644
 10
-7.6321124747772
 20
32.5375397140994
 10
-7.63221894045814
 20
32.5375408723159
 10
-7.63221757319914
 20
32.5376310569752
 10
-7.63232403899253
 20
32.5376322151056
 10
-7.63231857032085
 20
32.5379929537456
 10
-7.63221210410208
 20
32.5379917955992
 10
-7.63220936951692
 20
32.5381721649031
 10
-7.63210290309156
 20
32.5381710066587
 10
-7.63210153568347
 20
32.5382611913046
 10
-7.63199506915787
 20
32.5382600329661
 10
-7.631986863943
 20
32.5388011407895
 10
-7.63262566701675
 20
32.5388080896133
 10
-7.63262430009767
 20
32.5388982742698
 10
-7.63251783279709
 20
32.5388971163537
 10
-7.6325123646343
 20
32.5392578549503
 10
-7.63240589691442
 20
32.5392566969282
 10
-7.63240316258369
 20
32.5394370662104
 10
-7.63229669465721
 20
32.5394359080901
 10
-7.63229532737633
 20
32.5395260927252
 10
-7.63218885934961
 20
32.5395249345109
 10
-7.63218612455682
 20
32.539705303769
 10
-7.63207965632349
 20
32.5397041454566
 10
-7.63206734849645
 20
32.5405158070156
 10
-7.63217381768699
 20
32.5405169653641
 10
-7.63216014280702
 20
32.5414188114528
 10
-7.63237308333367
 20
32.5414211279593
 10
-7.63237034870985
 20
32.5416014971769
 10
-7.63258328968639
 20
32.5416038133389
 10
-7.63257098549154
 20
32.5424154748234
 10
-7.63267745694627
 20
32.5424166328052
 10
-7.6326733557572
 20
32.5426871866211
 10
-7.63277982753716
 20
32.5426883445248
 10
-7.63277709359333
 20
32.5428687137367
 10
-7.63288356559213
 20
32.5428698715583
 10
-7.6328780980567
 20
32.5432306099818
 10
-7.6329845704871
 20
32.5432317677293
 10
-7.63298320369435
 20
32.5433219523358
 10
-7.63340909390247
 20
32.5433265824404
 10
-7.63339952916089
 20
32.5439578747603
 10
-7.63350600247281
 20
32.5439590320891
 10
-7.63350053719746
 20
32.5443197705439
 10
-7.633607010941
 20
32.5443209277986
 10
-7.63360291223956
 20
32.5445914816376
 10
-7.63370938630834
 20
32.5445926388141
 10
-7.63370665402296
 20
32.5447730080414
 10
-7.63381312831061
 20
32.5447741651358
 10
-7.63380766409219
 20
32.5451349035901
 10
-7.63391413881147
 20
32.5451360606104
 10
-7.63391277284799
 20
32.5452262452246
 10
-7.63401924767976
 20
32.5452274021587
 10
-7.63401651594728
 20
32.545407771391
 10
-7.63412299099792
 20
32.545408928243
 10
-7.63412025945381
 20
32.545589297478
 10
-7.63422673472332
 20
32.5455904542479
 10
-7.63422400336759
 20
32.5457708234854
 10
-7.63454342985103
 20
32.5457742932782
 10
-7.63454616056843
 20
32.5455939240167
 10
-7.63465263586233
 20
32.5455950804261
 10
-7.63466219243647
 20
32.5449637879405
 10
-7.63487514155316
 20
32.544966100433
 10
-7.63487241155943
 20
32.5451464697373
 10
-7.63519183591849
 20
32.545149937824
 10
-7.63518091825299
 20
32.5458714150832
 10
-7.63528739390262
 20
32.5458725709638
 10
-7.63527784137007
 20
32.5465038635227
 10
-7.63559727058973
 20
32.5465073307075
 10
-7.63559454187822
 20
32.5466877000219
 10
-7.63570101850974
 20
32.5466888555779
 10
-7.6356941971563
 20
32.5471397788602
 10
-7.63601362868334
 20
32.5471432450472
 10
-7.63601090073769
 20
32.5473236143747
 10
-7.63633033295792
 20
32.5473270797744
 10
-7.6363344239097
 20
32.5470565257454
 10
-7.63644090100944
 20
32.5470576806864
 10
-7.63643408325801
 20
32.5475086040814
 10
-7.63632760562629
 20
32.5475074491204
 10
-7.63632487827029
 20
32.547687818461
 10
-7.63621840043187
 20
32.5476866634019
 10
-7.63621703663834
 20
32.5477768480662
 10
-7.63611055869961
 20
32.547775692913
 10
-7.63610101122956
 20
32.5484069854974
 10
-7.63599453255212
 20
32.5484058302262
 10
-7.63598907629533
 20
32.5487665688003
 10
-7.63588259719837
 20
32.548765413423
 10
-7.63587986882062
 20
32.548945782694
 10
-7.63577338951694
 20
32.5489446272185
 10
-7.6357692965854
 20
32.549215181103
 10
-7.6356628169686
 20
32.5492140255254
 10
-7.6356600881043
 20
32.549394394767
 10
-7.63555360828078
 20
32.5493932390913
 10
-7.6355563373579
 20
32.5492128698577
 10
-7.63534337815477
 20
32.549210558252
 10
-7.63534610763312
 20
32.549030189029
 10
-7.63513314887999
 20
32.5490278770786
 10
-7.63513451382284
 20
32.5489376924731
 10
-7.63438915912374
 20
32.5489295978355
 10
-7.63439189048081
 20
32.5487492286762
 10
-7.63417893247585
 20
32.5487469151274
 10
-7.63417620069317
 20
32.5489272842707
 10
-7.63353732554786
 20
32.548920341413
 10
-7.63353595900895
 20
32.5490105259586
 10
-7.63300356269032
 20
32.5490047377452
 10
-7.63300082853013
 20
32.5491851067925
 10
-7.63257491073387
 20
32.5491804745673
 10
-7.63257217569802
 20
32.5493608435772
 10
-7.63235921641091
 20
32.5493585269078
 10
-7.632356480925
 20
32.5495388958964
 10
-7.63193056157283
 20
32.5495342614439
 10
-7.63192919339508
 20
32.5496244459202
 10
-7.6318227134659
 20
32.5496232870777
 10
-7.63182408175006
 20
32.5495331026055
 10
-7.63129168272788
 20
32.5495273070611
 10
-7.63129031391169
 20
32.5496174915133
 10
-7.63107735413278
 20
32.5496151726566
 10
-7.63107872316179
 20
32.5495249882123
 10
-7.63075928385852
 20
32.5495215092632
 10
-7.63075517579549
 20
32.549792062556
 10
-7.63064869572074
 20
32.549790902714
 10
-7.63064184829468
 20
32.5502418248216
 10
-7.63074832890148
 20
32.5502429846836
 10
-7.63074559010107
 20
32.5504233535253
 10
-7.63063910928145
 20
32.5504221936553
 10
-7.63063637024375
 20
32.5506025624835
 10
-7.63052988921742
 20
32.5506014025153
 10
-7.63052714994244
 20
32.5507817713302
 10
-7.63031418748248
 20
32.5507794511074
 10
-7.63031281762298
 20
32.5508696355048
 10
-7.63020633629576
 20
32.5508684752542
 10
-7.63020085637095
 20
32.5512292128143
 10
-7.63009437462419
 20
32.5512280524576
 10
-7.63009026429709
 20
32.5514986056015
 10
-7.62977081813578
 20
32.5514951239543
 10
-7.6297612249236
 20
32.5521264144921
 10
-7.62986770771618
 20
32.5521275751594
 10
-7.62986496695618
 20
32.5523079438804
 10
-7.62997144996772
 20
32.5523091044655
 10
-7.62996870939608
 20
32.5524894731891
 10
-7.62986222617169
 20
32.552488312596
 10
-7.62985948536273
 20
32.5526686813062
 10
-7.62996596879996
 20
32.5526698419074
 10
-7.62996185785989
 20
32.5529403949746
 10
-7.629748890353
 20
32.5529380736581
 10
-7.62974614926999
 20
32.5531184423469
 10
-7.62953318136189
 20
32.5531161206538
 10
-7.62952906905291
 20
32.5533866736528
 10
-7.62942258478876
 20
32.553385512659
 10
-7.62941984300598
 20
32.5535658813102
 10
-7.62952632748298
 20
32.553567042312
 10
-7.62952358588857
 20
32.5537474109659
 10
-7.62931061651497
 20
32.5537450888561
 10
-7.62930787447035
 20
32.5539254574885
 10
-7.62920138957988
 20
32.5539242962904
 10
-7.62919453382903
 20
32.5543752178279
 10
-7.62930101925166
 20
32.5543763790461
 10
-7.62928182382501
 20
32.555638959228
 10
-7.62885587621085
 20
32.55563431359
 10
-7.62885313305756
 20
32.5558146821338
 10
-7.62853367177262
 20
32.5558111969345
 10
-7.62853641556455
 20
32.5556308284147
 10
-7.62821695497338
 20
32.5556273424281
 10
-7.62821969937943
 20
32.555446973927
 10
-7.62800672610837
 20
32.5554446495012
 10
-7.62800947091565
 20
32.5552642810107
 10
-7.62811595733524
 20
32.5552654432607
 10
-7.62811732962326
 20
32.5551752590095
 10
-7.6280108433101
 20
32.5551740967635
 10
-7.62801358808062
 20
32.554993728265
 10
-7.62790710198646
 20
32.5549925659369
 10
-7.62790984694533
 20
32.554812197441
 10
-7.62780336107017
 20
32.5548110350308
 10
-7.62780610621739
 20
32.5546306665376
 10
-7.62759313491121
 20
32.5546283414627
 10
-7.62759450768849
 20
32.5545381572221
 10
-7.62706208006248
 20
32.5545323429772
 10
-7.62706070675303
 20
32.5546225271978
 10
-7.62695422113979
 20
32.5546213640743
 10
-7.62695147428964
 20
32.5548017325033
 10
-7.62684498846967
 20
32.5548005692817
 10
-7.62684224138211
 20
32.5549809376973
 10
-7.6267357553554
 20
32.5549797743775
 10
-7.62673300803044
 20
32.5551601427797
 10
-7.626626521797
 20
32.5551589793617
 10
-7.62662514801888
 20
32.5552491635567
 10
-7.62651866168513
 20
32.5552480000445
 10
-7.62651591389762
 20
32.5554283684226
 10
-7.62640942735713
 20
32.5554272048122
 10
-7.6264066793322
 20
32.5556075731768
 10
-7.62630019258498
 20
32.5556064094683
 10
-7.62629744432263
 20
32.5557867778195
 10
-7.62608447042084
 20
32.5557844501158
 10
-7.62608309606758
 20
32.5558746342814
 10
-7.62587012197746
 20
32.555872306209
 10
-7.62586737282677
 20
32.55605267452
 10
-7.62576088557804
 20
32.5560515103406
 10
-7.62575813618991
 20
32.5562318786381
 10
-7.62543867384191
 20
32.5562283855348
 10
-7.62543592379058
 20
32.5564087538028
 10
-7.62511646085919
 20
32.5564052598639
 10
-7.62511508550499
 20
32.5564954439838
 10
-7.62500859776703
 20
32.5564942791532
 10
-7.62500584682731
 20
32.556674647381
 10
-7.62489935888261
 20
32.5566734824521
 10
-7.62489660770544
 20
32.5568538506665
 10
-7.62479011955399
 20
32.5568526856394
 10
-7.62478736813936
 20
32.5570330538404
 10
-7.62468087978117
 20
32.5570318887151
 10
-7.62467950395819
 20
32.5571220728096
 10
-7.62457301549969
 20
32.5571209075901
 10
-7.62457026362241
 20
32.5573012757669
 10
-7.62446377495717
 20
32.5573001104493
 10
-7.62445827070308
 20
32.5576608467706
 10
-7.6243517816182
 20
32.5576596813467
 10
-7.62434214819181
 20
32.558290969829
 10
-7.62423565836792
 20
32.5582898042867
 10
-7.62423152934506
 20
32.5585603564611
 10
-7.62412503920796
 20
32.5585591908167
 10
-7.62412228628242
 20
32.5587395589182
 10
-7.62390930560084
 20
32.5587372273427
 10
-7.62390655222489
 20
32.5589175954227
 10
-7.62380006168042
 20
32.5589164294916
 10
-7.62379868487677
 20
32.5590066135256
 10
-7.62369219423198
 20
32.5590054475003
 10
-7.62368944039333
 20
32.5591858155561
 10
-7.62358294954178
 20
32.5591846494327
 10
-7.62359258861466
 20
32.5585533612419
 10
-7.62348609851444
 20
32.5585521950564
 10
-7.62349573803117
 20
32.5579209068277
 10
-7.62338924868227
 20
32.5579197405803
 10
-7.62339613439912
 20
32.5574688203966
 10
-7.62328964558861
 20
32.5574676540791
 10
-7.62329515447719
 20
32.5571069179241
 10
-7.62318866609861
 20
32.5571057515325
 10
-7.62320243895398
 20
32.5562039110907
 10
-7.62330892626812
 20
32.5562050774421
 10
-7.62331856615586
 20
32.5555737890245
 10
-7.62342505273109
 20
32.5555749552575
 10
-7.62342780671651
 20
32.555394587118
 10
-7.623534293085
 20
32.5553957532528
 10
-7.62353704683296
 20
32.5552153850999
 10
-7.62364353299473
 20
32.5552165511364
 10
-7.62364490975305
 20
32.5551263670539
 10
-7.62385788188217
 20
32.5551286988485
 10
-7.62386063495463
 20
32.5549483306634
 10
-7.6240736066826
 20
32.5549506620813
 10
-7.62407635930473
 20
32.5547702938747
 10
-7.62428933063155
 20
32.5547726249158
 10
-7.62429208280337
 20
32.5545922566877
 10
-7.62439856826313
 20
32.5545934220651
 10
-7.62439994423339
 20
32.554503237945
 10
-7.62450642959287
 20
32.5545044032281
 10
-7.62450918130208
 20
32.5543240349758
 10
-7.62461566645484
 20
32.5543252001608
 10
-7.62461841792662
 20
32.5541448318951
 10
-7.62472490287266
 20
32.5541459969818
 10
-7.624727654107
 20
32.5539656287027
 10
-7.62483413884633
 20
32.5539667936912
 10
-7.62483551434786
 20
32.5538766095456
 10
-7.6249419989869
 20
32.55387777444
 10
-7.62495025122852
 20
32.5533366695139
 10
-7.62452431526347
 20
32.5533320094919
 10
-7.62452156368942
 20
32.5535123777739
 10
-7.62430859531806
 20
32.5535100472059
 10
-7.62430584329372
 20
32.5536904154663
 10
-7.62409287452123
 20
32.5536880845217
 10
-7.6240901220466
 20
32.5538684527607
 10
-7.62398363745672
 20
32.5538672871451
 10
-7.62398226110376
 20
32.5539574712585
 10
-7.62387577641359
 20
32.5539563055488
 10
-7.62387302347638
 20
32.5541366737635
 10
-7.6237665385795
 20
32.5541355079556
 10
-7.62376378540483
 20
32.5543158761569
 10
-7.6234443301125
 20
32.5543123781679
 10
-7.62344708392574
 20
32.5541320099907
 10
-7.62334059905346
 20
32.5541308438221
 10
-7.62334335305497
 20
32.5539504756476
 10
-7.62323686840169
 20
32.5539493093969
 10
-7.62324099967712
 20
32.5536787571371
 10
-7.62313451534927
 20
32.5536775908083
 10
-7.623137269715
 20
32.5534972226364
 10
-7.62303078560616
 20
32.5534960562255
 10
-7.6230349174279
 20
32.5532255039696
 10
-7.62292843364448
 20
32.5532243374807
 10
-7.62293118837441
 20
32.5530439693114
 10
-7.62282470480999
 20
32.5530428027403
 10
-7.62282745972816
 20
32.5528624345737
 10
-7.62261449304348
 20
32.5528601011773
 10
-7.62261724836273
 20
32.5526797330214
 10
-7.62251076524246
 20
32.552678566196
 10
-7.62251765396503
 20
32.5522276458028
 10
-7.6226241365532
 20
32.552228812608
 10
-7.62262689178632
 20
32.5520484444333
 10
-7.6227333741678
 20
32.5520496111403
 10
-7.62273750665209
 20
32.5517790588559
 10
-7.62316343496249
 20
32.5517837247343
 10
-7.62316618906993
 20
32.5516033565058
 10
-7.62327267095007
 20
32.551604522742
 10
-7.62326991705547
 20
32.5517848909785
 10
-7.62380232761258
 20
32.5517907208475
 10
-7.62379957475756
 20
32.5519710891189
 10
-7.6241190218041
 20
32.5519745859827
 10
-7.62411764568662
 20
32.5520647701285
 10
-7.62422412815418
 20
32.5520659355735
 10
-7.62422550416523
 20
32.5519757514237
 10
-7.62443846890594
 20
32.5519780820352
 10
-7.62444397203737
 20
32.5516173453905
 10
-7.62433749008961
 20
32.5516161801459
 10
-7.62434161769292
 20
32.5513456276602
 10
-7.62423513607056
 20
32.5513444623375
 10
-7.6242378879882
 20
32.5511640940151
 10
-7.62413140658482
 20
32.5511629286103
 10
-7.62413415869071
 20
32.5509825602905
 10
-7.62456008348983
 20
32.5509872213366
 10
-7.62455733223524
 20
32.5511675896885
 10
-7.62466381366321
 20
32.5511687547327
 10
-7.62466106259688
 20
32.5513491230874
 10
-7.62519347089298
 20
32.5513549469964
 10
-7.62519897087278
 20
32.5509942102014
 10
-7.62530545212477
 20
32.5509953746967
 10
-7.625308201865
 20
32.5508150062831
 10
-7.6254146829103
 20
32.5508161706802
 10
-7.62541605766479
 20
32.5507259864673
 10
-7.62552253860982
 20
32.5507271507703
 10
-7.62552528788756
 20
32.5505467823325
 10
-7.62563176862591
 20
32.5505479465373
 10
-7.62563864118079
 20
32.5500970253991
 10
-7.62531920058033
 20
32.5500935325746
 10
-7.62532195019777
 20
32.549913164134
 10
-7.62468307043953
 20
32.5499061760994
 10
-7.6246858213093
 20
32.5497258077017
 10
-7.62436638215154
 20
32.5497223124917
 10
-7.62436913363518
 20
32.5495419441127
 10
-7.62426265414102
 20
32.5495407788704
 10
-7.62426402998003
 20
32.5494505946829
 10
-7.62415755059843
 20
32.5494494293546
 10
-7.62416030247082
 20
32.5492690609836
 10
-7.62405382330817
 20
32.5492678955731
 10
-7.62405657536879
 20
32.5490875272048
 10
-7.62395009642509
 20
32.5490863617123
 10
-7.62395422478915
 20
32.5488158091617
 10
-7.6238477461708
 20
32.5488146435911
 10
-7.62385049859558
 20
32.5486342752254
 10
-7.62374402019618
 20
32.5486331095727
 10
-7.62374677280918
 20
32.5484527412096
 10
-7.62364029462873
 20
32.5484515754748
 10
-7.62364304742994
 20
32.5482712071144
 10
-7.62353656946844
 20
32.5482700412976
 10
-7.62353794596622
 20
32.5481798571194
 10
-7.62332499027445
 20
32.5481775252233
 10
-7.62333049705529
 20
32.5478167885292
 10
-7.62354345189588
 20
32.5478191203931
 10
-7.62354620482383
 20
32.5476387520219
 10
-7.62375915926342
 20
32.5476410835091
 10
-7.62376053550538
 20
32.5475508993134
 10
-7.62418644403273
 20
32.5475555611903
 10
-7.62418919564707
 20
32.5473751927627
 10
-7.62440214952203
 20
32.5473775231443
 10
-7.6244049006862
 20
32.5471971546952
 10
-7.62483080765869
 20
32.5472018143446
 10
-7.62483355794715
 20
32.547021445858
 10
-7.62504651104467
 20
32.5470237751258
 10
-7.62504376118178
 20
32.5472041436285
 10
-7.62525671472944
 20
32.5472064725519
 10
-7.62525396526756
 20
32.5473868410653
 10
-7.62536044226338
 20
32.5473880053999
 10
-7.62535769298974
 20
32.5475683739159
 10
-7.62567712465242
 20
32.5475718664029
 10
-7.62567987328769
 20
32.5473914978627
 10
-7.62578635030806
 20
32.5473926618368
 10
-7.625789098706
 20
32.5472122932832
 10
-7.62589557551972
 20
32.5472134571591
 10
-7.62590519397443
 20
32.546582167151
 10
-7.62579871790545
 20
32.5465810033033
 10
-7.62580284032745
 20
32.5463104504345
 10
-7.62569636458378
 20
32.5463092865087
 10
-7.62569911304721
 20
32.5461289179309
 10
-7.62537968649134
 20
32.5461254256368
 10
-7.62538243556855
 20
32.5459450570776
 10
-7.6249565344311
 20
32.5459403994559
 10
-7.62495928433484
 20
32.5457600309235
 10
-7.6248528092786
 20
32.5457588663008
 10
-7.62485418432765
 20
32.5456686820366
 10
-7.62474770938393
 20
32.5456675173278
 10
-7.62475733530001
 20
32.5450362274689
 10
-7.62465086110712
 20
32.5450350626981
 10
-7.62465361152635
 20
32.5448546941629
 10
-7.62476008550648
 20
32.5448558589257
 10
-7.6247724611316
 20
32.5440442004144
 10
-7.62487893416045
 20
32.5440453650509
 10
-7.62488855855815
 20
32.5434140749941
 10
-7.62499503084852
 20
32.5434152395123
 10
-7.62499915517917
 20
32.5431446865985
 10
-7.62510562715655
 20
32.5431458510146
 10
-7.62511112575265
 20
32.5427851137613
 10
-7.62521759731069
 20
32.5427862780711
 10
-7.62522034635917
 20
32.5426059094284
 10
-7.62532681771061
 20
32.54260707364
 10
-7.62532819211927
 20
32.5425168893126
 10
-7.62543466337048
 20
32.5425180534302
 10
-7.62543741195664
 20
32.5423376847633
 10
-7.62554388300125
 20
32.5423388487827
 10
-7.62554663135014
 20
32.5421584801023
 10
-7.62565310218815
 20
32.5421596440236
 10
-7.62565585029976
 20
32.5419792753298
 10
-7.62576232093117
 20
32.5419804391529
 10
-7.6257636948714
 20
32.5418902548
 10
-7.62587016540259
 20
32.541891418529
 10
-7.6258756606767
 20
32.5415306810878
 10
-7.62598213078856
 20
32.5415318447106
 10
-7.62598899921133
 20
32.5410809228587
 10
-7.62609546879752
 20
32.5410820863713
 10
-7.62610508358723
 20
32.540450795694
 10
-7.62621155243503
 20
32.5404519590884
 10
-7.6262170460402
 20
32.5400912215128
 10
-7.62632351446871
 20
32.540092384801
 10
-7.62633038080539
 20
32.5396414627811
 10
-7.62643684870825
 20
32.5396426259591
 10
-7.62644096811761
 20
32.539372072719
 10
-7.62654743570754
 20
32.5393732357949
 10
-7.62655018173708
 20
32.5391928669534
 10
-7.62676311650993
 20
32.5391951928188
 10
-7.62676586208954
 20
32.5390148239558
 10
-7.62697879646151
 20
32.5390171494447
 10
-7.62698154159119
 20
32.5388367805603
 10
-7.62708800857367
 20
32.5388379431616
 10
-7.62708938102297
 20
32.5387477587134
 10
-7.62719584790523
 20
32.5387489212206
 10
-7.62719859257274
 20
32.538568552312
 10
-7.62730505924843
 20
32.538569714721
 10
-7.62730231479362
 20
32.5387500836376
 10
-7.62751524858878
 20
32.5387524082015
 10
-7.62752759652814
 20
32.5379407479623
 10
-7.62763406247778
 20
32.5379419100729
 10
-7.62764640896375
 20
32.5371302496885
 10
-7.62775287396244
 20
32.537131411673
 10
-7.62775561734591
 20
32.5369510426759
 10
-7.62786208213804
 20
32.5369522045622
 10
-7.62786345371425
 20
32.5368620200576
 10
-7.62796991840617
 20
32.5368631818499
 10
-7.6279754042244
 20
32.5365024438019
 10
-7.62808186849708
 20
32.536503605488
 10
-7.62808461115677
 20
32.536323236448
 10
-7.62819107522291
 20
32.536324398036
 10
-7.62819793123328
 20
32.5358734753922
 10
-7.62830439477386
 20
32.5358746368701
 10
-7.6283085079876
 20
32.5356040832556
 10
-7.62820204476602
 20
32.5356029217898
 10
-7.6282075293906
 20
32.5352421836344
 10
-7.62778167826684
 20
32.5352375369343
 10
-7.62777893511614
 20
32.5354179059826
 10
-7.62767247213785
 20
32.5354167440744
 10
-7.62766972874999
 20
32.5355971131093
 10
-7.62756326556516
 20
32.5355959511029
 10
-7.62755640645662
 20
32.5360468736466
 10
-7.62744994274624
 20
32.5360457115301
 10
-7.62744582688859
 20
32.5363162650281
 10
-7.62733936286534
 20
32.5363151028094
 10
-7.627333874544
 20
32.5366758407719
 10
-7.62722741010153
 20
32.5366746784471
 10
-7.62723289884821
 20
32.5363139405007
 10
-7.62712643483721
 20
32.5363127781019
 10
-7.6271278071149
 20
32.5362225936159
 10
-7.62691487932396
 20
32.536220268556
 10
-7.6269203692241
 20
32.5358595306309
 10
-7.62713329616436
 20
32.5358618556587
 10
-7.62713604065232
 20
32.535681486672
 10
-7.62724250391897
 20
32.5356826490427
 10
-7.62724387604743
 20
32.5355924645433
 10
-7.62735033921388
 20
32.53559362682
 10
-7.62735857121793
 20
32.5350525197713
 10
-7.62757149629323
 20
32.5350548440061
 10
-7.6275728680598
 20
32.5349646594853
 10
-7.62767933050031
 20
32.5349658214636
 10
-7.62768893195047
 20
32.5343345297518
 10
-7.62758247025425
 20
32.5343333678016
 10
-7.62758521368325
 20
32.534152998737
 10
-7.62747875220581
 20
32.5341518367048
 10
-7.62748423941558
 20
32.5337910985755
 10
-7.62737777836956
 20
32.5337899364692
 10
-7.62737915026301
 20
32.5336997519375
 10
-7.62727268932945
 20
32.5336985897451
 10
-7.62727817726727
 20
32.533337851621
 10
-7.62717171676512
 20
32.5333366893546
 10
-7.6271744609099
 20
32.5331563202925
 10
-7.62685508007814
 20
32.5331528329769
 10
-7.6268564524603
 20
32.5330626484558
 10
-7.62674999230163
 20
32.5330614858411
 10
-7.6267527372602
 20
32.5328811168031
 10
-7.62664627732029
 20
32.5328799541063
 10
-7.62664902246698
 20
32.5326995850709
 10
-7.62654256274583
 20
32.5326984222921
 10
-7.62654530808064
 20
32.5325180532593
 10
-7.62643884857826
 20
32.5325168903984
 10
-7.62644022134278
 20
32.532426705884
 10
-7.62622730256905
 20
32.5324243799001
 10
-7.62623004850496
 20
32.5322440108833
 10
-7.62569775274111
 20
32.5322381943874
 10
-7.62570049971564
 20
32.5320578254054
 10
-7.62559404079389
 20
32.532056661844
 10
-7.62559678795651
 20
32.5318762928646
 10
-7.6248515771645
 20
32.5318681454691
 10
-7.62484882851349
 20
32.5320485143922
 10
-7.62442299305972
 20
32.5320438567238
 10
-7.62442024353364
 20
32.5322242256094
 10
-7.62388794829143
 20
32.5322184014569
 10
-7.62388519767765
 20
32.5323987702969
 10
-7.6236722791985
 20
32.5323964399892
 10
-7.62367090366976
 20
32.5324866243991
 10
-7.62345798500255
 20
32.5324842937232
 10
-7.62345523350139
 20
32.5326646625229
 10
-7.62334877396436
 20
32.5326634970417
 10
-7.62334602222599
 20
32.532843865828
 10
-7.62313310274511
 20
32.5328415345793
 10
-7.62313035055689
 20
32.5330219033441
 10
-7.62302389061303
 20
32.5330207375766
 10
-7.62302251440338
 20
32.533110921953
 10
-7.62291605435935
 20
32.5331097560914
 10
-7.62291330170897
 20
32.533290124832
 10
-7.62270038121408
 20
32.5332877928224
 10
-7.62269762811383
 20
32.5334681615416
 10
-7.62259116766296
 20
32.5334669953936
 10
-7.62258841432548
 20
32.5336473640993
 10
-7.62248195366812
 20
32.5336461978532
 10
-7.62248057688384
 20
32.5337363822
 10
-7.6223741161263
 20
32.5337352158598
 10
-7.62237136232664
 20
32.5339155845413
 10
-7.62226490136261
 20
32.533914418103
 10
-7.6222621473257
 20
32.534094786771
 10
-7.62215568615518
 20
32.5340936202346
 10
-7.62215155473472
 20
32.5343641732144
 10
-7.62204509325137
 20
32.5343630065758
 10
-7.62204233872766
 20
32.5345433752143
 10
-7.62193587703781
 20
32.5345422084775
 10
-7.62193312227684
 20
32.5347225771025
 10
-7.62182666038049
 20
32.5347214102676
 10
-7.62182390538226
 20
32.5349017788792
 10
-7.6216109811827
 20
32.534899444923
 10
-7.6216096034617
 20
32.5349896292187
 10
-7.62129021688952
 20
32.5349861275967
 10
-7.62128746079109
 20
32.5351664961599
 10
-7.62118099840001
 20
32.5351653287644
 10
-7.62117824206431
 20
32.5353456973141
 10
-7.6209653168753
 20
32.5353433622366
 10
-7.62096256008965
 20
32.5355237307648
 10
-7.62085609729172
 20
32.5355225630829
 10
-7.62085471878332
 20
32.5356127473409
 10
-7.62010947862589
 20
32.5356045710165
 10
-7.62010672010199
 20
32.5357849394722
 10
-7.61957440482528
 20
32.5357790964975
 10
-7.61957164521341
 20
32.5359594649074
 10
-7.6191457922523
 20
32.5359547888738
 10
-7.61914303176511
 20
32.536135157246
 10
-7.61871717805196
 20
32.5361304797386
 10
-7.61871993938981
 20
32.5359501113987
 10
-7.61840054980769
 20
32.5359466023465
 10
-7.61839778783183
 20
32.5361269706622
 10
-7.61829132443746
 20
32.5361258007898
 10
-7.61828994333394
 20
32.5362159849416
 10
-7.6181834798394
 20
32.5362148149752
 10
-7.6181807174012
 20
32.5363951832666
 10
-7.61807425370016
 20
32.536394013202
 10
-7.61806872832438
 20
32.5367547497526
 10
-7.61796226420417
 20
32.5367535795817
 10
-7.61795259381467
 20
32.5373848684651
 10
-7.61784612895625
 20
32.5373836981758
 10
-7.61784889216821
 20
32.5372033299383
 10
-7.61774242752864
 20
32.537202159567
 10
-7.61774795430386
 20
32.5368414230918
 10
-7.61764149009582
 20
32.5368402526466
 10
-7.61764287188053
 20
32.5367500685285
 10
-7.6168976233414
 20
32.5367418729178
 10
-7.61689624081232
 20
32.5368320570076
 10
-7.61668331250117
 20
32.5368297145857
 10
-7.61667778147241
 20
32.5371904508992
 10
-7.61657131690074
 20
32.5371892795369
 10
-7.61656855113663
 20
32.5373696476774
 10
-7.61646208635846
 20
32.537368476217
 10
-7.61645793734695
 20
32.5376390284056
 10
-7.61635147225593
 20
32.5376378568429
 10
-7.61634870600469
 20
32.5378182249538
 10
-7.61624224070717
 20
32.5378170532929
 10
-7.61623947421853
 20
32.5379974213903
 10
-7.61560068128702
 20
32.5379903894844
 10
-7.61559929739537
 20
32.5380805735068
 10
-7.61538636625495
 20
32.5380782288094
 10
-7.61538359802775
 20
32.538258596834
 10
-7.61517066648667
 20
32.5382562517599
 10
-7.61516512910731
 20
32.5386169877606
 10
-7.61505866292067
 20
32.5386158150722
 10
-7.61505727845402
 20
32.5387059990649
 10
-7.61495081216722
 20
32.5387048262824
 10
-7.61494111998315
 20
32.5393361141656
 10
-7.61483465295808
 20
32.5393349412646
 10
-7.61482911400574
 20
32.539695677152
 10
-7.61472264656145
 20
32.5396945041448
 10
-7.61471849196321
 20
32.539965056034
 10
-7.61461202420605
 20
32.5399638829245
 10
-7.61459401892112
 20
32.5411362742518
 10
-7.61470048806091
 20
32.541137447414
 10
-7.61469910310206
 20
32.5412276313568
 10
-7.6148055723544
 20
32.5412288044329
 10
-7.61480003288257
 20
32.5415895402071
 10
-7.61469356320478
 20
32.5415883671148
 10
-7.61468109807408
 20
32.5424000224915
 10
-7.6145746274452
 20
32.5423988492726
 10
-7.61456770162426
 20
32.5428497688589
 10
-7.61446123046973
 20
32.5428485955297
 10
-7.61445707458382
 20
32.5431191472531
 10
-7.61435060311637
 20
32.5431179738216
 10
-7.61434506142307
 20
32.5434787094178
 10
-7.61423858953632
 20
32.54347753588
 10
-7.6142358184398
 20
32.5436579036619
 10
-7.61412934634649
 20
32.5436567300259
 10
-7.61412796068258
 20
32.5437469139108
 10
-7.61402148848909
 20
32.5437457401806
 10
-7.61401871692995
 20
32.5439261079382
 10
-7.6139122445299
 20
32.5439249341098
 10
-7.61390947273325
 20
32.5441053018539
 10
-7.61380300012664
 20
32.5441041279273
 10
-7.61379884206613
 20
32.5443746795212
 10
-7.61369236914657
 20
32.5443735054923
 10
-7.61368959686253
 20
32.5445538732067
 10
-7.61358312373642
 20
32.5445526990796
 10
-7.61358035121485
 20
32.5447330667805
 10
-7.61347387788217
 20
32.5447318925552
 10
-7.61347110512309
 20
32.5449122602426
 10
-7.61336463158385
 20
32.544911085919
 10
-7.61336324508864
 20
32.5450012697567
 10
-7.6132567714492
 20
32.5450000953389
 10
-7.61325399822745
 20
32.545180463002
 10
-7.61314752438145
 20
32.5451792884861
 10
-7.61314475092216
 20
32.5453596561357
 10
-7.61303827686959
 20
32.5453584815215
 10
-7.61303411631507
 20
32.5456290329737
 10
-7.61292764194954
 20
32.5456278582572
 10
-7.61292209403127
 20
32.5459885934916
 10
-7.6128156192464
 20
32.5459874186688
 10
-7.61281284503733
 20
32.5461677862699
 10
-7.61270637004589
 20
32.5461666113488
 10
-7.61270498282567
 20
32.5462567951432
 10
-7.61259850773404
 20
32.546255620128
 10
-7.61259573306225
 20
32.5464359877047
 10
-7.61248925776404
 20
32.5464348125912
 10
-7.61248370792056
 20
32.5467955477123
 10
-7.612377232203
 20
32.5467943724925
 10
-7.61237584462025
 20
32.5468845562653
 10
-7.61226936880248
 20
32.5468833809513
 10
-7.61226659340562
 20
32.5470637484848
 10
-7.61216011738127
 20
32.5470625730725
 10
-7.61215734174684
 20
32.5472429405925
 10
-7.61205086551591
 20
32.547241765082
 10
-7.61204392578939
 20
32.5476926838382
 10
-7.6119374490327
 20
32.5476915082173
 10
-7.61193189671433
 20
32.5480522431817
 10
-7.61182541953826
 20
32.5480510674544
 10
-7.61181153724445
 20
32.5489529047305
 10
-7.6119180154845
 20
32.5489540804983
 10
-7.61191523916415
 20
32.5491344479455
 10
-7.61234115303756
 20
32.549139150148
 10
-7.61233837754362
 20
32.5493195176222
 10
-7.61287077108884
 20
32.5493253933879
 10
-7.61286938386459
 20
32.5494155771433
 10
-7.61318882038527
 20
32.5494191015333
 10
-7.61318604655661
 20
32.5495994690643
 10
-7.61329252562203
 20
32.5496006436888
 10
-7.6132897519814
 20
32.5497810112225
 10
-7.61339623126582
 20
32.549782185765
 10
-7.61339345781323
 20
32.5499625533014
 10
-7.61360641682628
 20
32.5499649021322
 10
-7.61360503030351
 20
32.5500550859065
 10
-7.61371150992573
 20
32.5500562601907
 10
-7.61370873707442
 20
32.5502366277434
 10
-7.61392169676306
 20
32.5502389760576
 10
-7.61389951646618
 20
32.5516819164147
 10
-7.61379303491618
 20
32.5516807422378
 10
-7.61378887561483
 20
32.5519512935041
 10
-7.61368239375178
 20
32.5519501192249
 10
-7.61367268775367
 20
32.5525814054376
 10
-7.61356620515188
 20
32.5525802310399
 10
-7.61356065830534
 20
32.5529409659726
 10
-7.61345417528406
 20
32.5529397914686
 10
-7.61344724105443
 20
32.553390710084
 10
-7.61334075750723
 20
32.5533895354695
 10
-7.61333798355918
 20
32.5535699028981
 10
-7.61323149980532
 20
32.5535687281853
 10
-7.61322872561964
 20
32.5537490956004
 10
-7.61312224165913
 20
32.5537479207894
 10
-7.61312085445058
 20
32.5538381044909
 10
-7.61301437038983
 20
32.5538369295857
 10
-7.61301159574128
 20
32.5540172969765
 10
-7.61290511147388
 20
32.554016121973
 10
-7.61290233658769
 20
32.5541964893503
 10
-7.61268936764576
 20
32.5541941390567
 10
-7.61268659230907
 20
32.5543745064124
 10
-7.61258010763455
 20
32.5543733311223
 10
-7.61257871985048
 20
32.554463514794
 10
-7.61247223507572
 20
32.5544623394097
 10
-7.61246945927613
 20
32.554642706741
 10
-7.61236297429472
 20
32.5546415312584
 10
-7.61236019825747
 20
32.5548218985763
 10
-7.6121472278875
 20
32.5548195473244
 10
-7.61214306314656
 20
32.5550900982667
 10
-7.61203657765158
 20
32.5550889224933
 10
-7.61203380091375
 20
32.5552692897733
 10
-7.6119273152121
 20
32.5552681139017
 10
-7.61192453823661
 20
32.5554484811682
 10
-7.61181805232829
 20
32.5554473051983
 10
-7.61181388649924
 20
32.5557178560758
 10
-7.61170740027782
 20
32.5557166800036
 10
-7.61170462281458
 20
32.5558970472404
 10
-7.61159813638648
 20
32.5558958710699
 10
-7.61159535868555
 20
32.5560762382931
 10
-7.61148887205079
 20
32.5560750620244
 10
-7.61148609411218
 20
32.5562554292341
 10
-7.61137960727074
 20
32.5562542528671
 10
-7.61137543999698
 20
32.5565248036594
 10
-7.61126895284243
 20
32.55652362719
 10
-7.61126617441602
 20
32.5567039943701
 10
-7.61115968705479
 20
32.5567028178024
 10
-7.61115551904934
 20
32.5569733685502
 10
-7.61104903137498
 20
32.5569721918801
 10
-7.61104625246077
 20
32.5571525590305
 10
-7.61093976457974
 20
32.5571513822622
 10
-7.61093698542782
 20
32.557331749399
 10
-7.6108304973401
 20
32.5573305725324
 10
-7.610808261528
 20
32.5587735093677
 10
-7.61091475131889
 20
32.5587746862993
 10
-7.61089807469464
 20
32.559856888748
 10
-7.6107915836263
 20
32.5598557117677
 10
-7.61078880388912
 20
32.5600360788155
 10
-7.61068231261407
 20
32.5600349017368
 10
-7.61068092262971
 20
32.5601250852546
 10
-7.6105744312544
 20
32.5601239080818
 10
-7.61056887082907
 20
32.5604846421233
 10
-7.61046237903413
 20
32.560483464844
 10
-7.61045820833056
 20
32.5607540153488
 10
-7.61035171622245
 20
32.5607528379672
 10
-7.61034893550944
 20
32.5609332049555
 10
-7.6102424431946
 20
32.5609320274755
 10
-7.61023688126822
 20
32.5612927614197
 10
-7.61013038853374
 20
32.5612915838334
 10
-7.61012899793016
 20
32.561381767312
 10
-7.60991601226689
 20
32.5613794118606
 10
-7.60991323061523
 20
32.5615597787975
 10
-7.60980673757998
 20
32.5615586009284
 10
-7.60980395569054
 20
32.5617389678518
 10
-7.60969746244858
 20
32.5617377898844
 10
-7.60969468032135
 20
32.5619181567943
 10
-7.60958818687266
 20
32.5619169787286
 10
-7.60958679569327
 20
32.5620071621775
 10
-7.60948030214431
 20
32.5620059840175
 10
-7.60947751955395
 20
32.562186350903
 10
-7.60809310121493
 20
32.5621710265119
 10
-7.60809588657349
 20
32.5619906597321
 10
-7.60735043247062
 20
32.5619824018814
 10
-7.60734764562149
 20
32.5621627686041
 10
-7.60724115199017
 20
32.5621615885423
 10
-7.60723139707693
 20
32.562792872001
 10
-7.60744438583638
 20
32.5627952320915
 10
-7.6074415990882
 20
32.5629755987981
 10
-7.60765458829843
 20
32.5629779585441
 10
-7.60765180195125
 20
32.5631583252617
 10
-7.60797128645211
 20
32.5631618642288
 10
-7.60796989358861
 20
32.5632520475977
 10
-7.6081828834999
 20
32.5632544064664
 10
-7.60817731283552
 20
32.5636151399612
 10
-7.6082838082264
 20
32.5636163192766
 10
-7.60828102306985
 20
32.563796686024
 10
-7.6083875186799
 20
32.5637978652573
 10
-7.60838612619878
 20
32.5638880486331
 10
-7.60849262192152
 20
32.5638892277803
 10
-7.60846338061769
 20
32.5657830784457
 10
-7.60835688265879
 20
32.5657818992131
 10
-7.6083582752705
 20
32.5656917158656
 10
-7.6082517774243
 20
32.5656905365469
 10
-7.60825038470611
 20
32.5657807198903
 10
-7.60814388675965
 20
32.5657795404773
 10
-7.60813831539871
 20
32.5661402738211
 10
-7.60803181703252
 20
32.5661390943016
 10
-7.60803042407024
 20
32.5662292776301
 10
-7.60781742714352
 20
32.5662269183125
 10
-7.60781464077435
 20
32.5664072849492
 10
-7.60770814210734
 20
32.5664061051469
 10
-7.60770256886838
 20
32.5667668383878
 10
-7.60759606978162
 20
32.5667656584791
 10
-7.60759467634983
 20
32.5668558417819
 10
-7.6074881771628
 20
32.5668546617789
 10
-7.60749235775898
 20
32.5665841118787
 10
-7.60759885662653
 20
32.5665852918695
 97
0
 92
2
 72
0
 73
1
 93
5
 10
-7.62954963004689
 20
32.5520339085367
 10
-7.62965611272081
 20
32.5520350693802
 10
-7.62966159499425
 20
32.5516743319487
 10
-7.62955511274601
 20
32.5516731711212
 10
-7.62954963004689
 20
32.5520339085367
 97
0
 92
2
 72
0
 73
1
 93
43
 10
-7.60608123697384
 20
32.5476267102691
 10
-7.60640066623768
 20
32.5476302517327
 10
-7.6064034534245
 20
32.5474498846652
 10
-7.60661640587261
 20
32.547452245174
 10
-7.6066177992439
 20
32.5473620616301
 10
-7.6067242753709
 20
32.5473632417452
 10
-7.60672706188204
 20
32.5471828746453
 10
-7.60683353780248
 20
32.5471840546621
 10
-7.60683632407595
 20
32.5470036875486
 10
-7.60694279978983
 20
32.5470048674672
 10
-7.60694697883421
 20
32.5467343167746
 10
-7.60705345423515
 20
32.5467354965908
 10
-7.60705624002086
 20
32.5465551294476
 10
-7.60716271521524
 20
32.5465563091655
 10
-7.60716967903872
 20
32.5461053912634
 10
-7.60706320437627
 20
32.5461042115658
 10
-7.6070659900749
 20
32.5459238444036
 10
-7.60685304119419
 20
32.5459214847544
 10
-7.60685025507003
 20
32.5461018519002
 10
-7.60653083115732
 20
32.5460983117259
 10
-7.60652943776676
 20
32.5461884952846
 10
-7.60610353887806
 20
32.5461837737742
 10
-7.60610075122718
 20
32.546364140855
 10
-7.60546190180426
 20
32.5463570558368
 10
-7.60545911285185
 20
32.5465374228633
 10
-7.60503321251002
 20
32.5465326976827
 10
-7.6050304226816
 20
32.5467130646711
 10
-7.60481747212252
 20
32.5467107015238
 10
-7.60481049637857
 20
32.5471616189305
 10
-7.60491697218694
 20
32.5471628005696
 10
-7.60491418205853
 20
32.547343167531
 10
-7.60502065808591
 20
32.5473443490881
 10
-7.60501926311875
 20
32.5474345325709
 10
-7.60512573925875
 20
32.547435714042
 10
-7.60512294951852
 20
32.5476160810116
 10
-7.60522942587754
 20
32.5476172624007
 10
-7.60522663632518
 20
32.5477976293731
 10
-7.60543958948746
 20
32.5477999918973
 10
-7.60543680033576
 20
32.5479803588805
 10
-7.60564975394853
 20
32.5479827210605
 10
-7.60565254267466
 20
32.5478023540609
 10
-7.60607844912377
 20
32.5478070773067
 10
-7.60608123697384
 20
32.5476267102691
 97
0
 92
2
 72
0
 73
1
 93
11
 10
-7.59015420223365
 20
32.537797830534
 10
-7.59004773815109
 20
32.5377966366978
 10
-7.59004914756446
 20
32.5377064536556
 10
-7.58994268359452
 20
32.5377052597334
 10
-7.58993563593303
 20
32.5381561749105
 10
-7.59004210043466
 20
32.5381573688532
 10
-7.59003928153868
 20
32.5383377349229
 10
-7.59025221098618
 20
32.5383401225546
 10
-7.59025784790225
 20
32.537979390377
 10
-7.59015138360071
 20
32.5379781966227
 10
-7.59015420223365
 20
32.537797830534
 97
0
 92
2
 72
0
 73
1
 93
7
 10
-7.59106647306345
 20
32.5339295043513
 10
-7.59085355394811
 20
32.5339271183845
 10
-7.59084651186116
 20
32.5343780340098
 10
-7.59095297194728
 20
32.5343792270588
 10
-7.59095578858829
 20
32.5341988608045
 10
-7.59106224846806
 20
32.5342000537553
 10
-7.59106647306345
 20
32.5339295043513
 97
0
 92
2
 72
0
 73
1
 93
23
 10
-7.62997151143548
 20
32.5242570644992
 10
-7.63007796135462
 20
32.5242582241091
 10
-7.63008343609225
 20
32.5238974850186
 10
-7.62997698659821
 20
32.5238963254248
 10
-7.62997835537361
 20
32.5238061406528
 10
-7.6297654566164
 20
32.5238038212029
 10
-7.62976819457394
 20
32.5236234516709
 10
-7.62966174541705
 20
32.5236222918189
 10
-7.62966448356268
 20
32.5234419222895
 10
-7.62923868784642
 20
32.523437282013
 10
-7.62923594885064
 20
32.5236176515103
 10
-7.62912949972433
 20
32.5236164912081
 10
-7.62912676049154
 20
32.523796860692
 10
-7.62923320983039
 20
32.5237980210022
 10
-7.6292318403111
 20
32.5238882057462
 10
-7.62955118868317
 20
32.5238916861487
 10
-7.62954845026385
 20
32.5240720556566
 10
-7.62965489994598
 20
32.5240732156187
 10
-7.62964805432205
 20
32.5245241393848
 10
-7.6298609547674
 20
32.5245264590789
 10
-7.62986232369186
 20
32.5244362743204
 10
-7.62996877381743
 20
32.5244374340283
 10
-7.62997151143548
 20
32.5242570644992
 97
0
 92
2
 72
0
 73
1
 93
5
 10
-7.63139091175185
 20
32.5219273266824
 10
-7.63149735898745
 20
32.5219284850176
 10
-7.63150009328786
 20
32.5217481153011
 10
-7.63139364626478
 20
32.5217469569738
 10
-7.63139091175185
 20
32.5219273266824
 97
0
 92
2
 72
0
 73
1
 93
35
 10
-7.62842957436659
 20
32.5206322702347
 10
-7.62853601994343
 20
32.520633431035
 10
-7.6285387600231
 20
32.520453061505
 10
-7.62864520539355
 20
32.5204542222072
 10
-7.62865068505445
 20
32.520093483115
 10
-7.62875713000601
 20
32.5200946437111
 10
-7.62875849979969
 20
32.5200044589307
 10
-7.62886494465111
 20
32.5200056194328
 10
-7.62886768400762
 20
32.5198252498599
 10
-7.62897412865265
 20
32.519826410264
 10
-7.62898371546399
 20
32.5191951166882
 10
-7.62887727156269
 20
32.5191939563122
 10
-7.62888275003101
 20
32.5188332171124
 10
-7.62877630656081
 20
32.5188320566624
 10
-7.62878041566655
 20
32.5185615022604
 10
-7.6286739725212
 20
32.5185603417324
 10
-7.62867671210692
 20
32.5183799721324
 10
-7.62857026918018
 20
32.5183788115223
 10
-7.62857300895392
 20
32.518198441925
 10
-7.6280407954744
 20
32.5181926375642
 10
-7.6280353137776
 20
32.5185533766734
 10
-7.62792887067509
 20
32.5185522155151
 10
-7.62792612957748
 20
32.5187325850536
 10
-7.6278196862686
 20
32.5187314237973
 10
-7.6278059793508
 20
32.5196332713688
 10
-7.62769953498557
 20
32.5196321099823
 10
-7.62768445550012
 20
32.5206241421115
 10
-7.62779090103411
 20
32.520625303542
 10
-7.62778678863735
 20
32.5208958577428
 10
-7.62789323449623
 20
32.5208970190954
 10
-7.62789049308029
 20
32.5210773885639
 10
-7.62831627742706
 20
32.5210820331059
 10
-7.62831901799295
 20
32.5209016636053
 10
-7.62842546388242
 20
32.5209028245077
 10
-7.62842957436659
 20
32.5206322702347
 97
0
 75
0
 76
1
 98
0
  0
HATCH
  5
20010
100
AcDbEntity
  8
0
100
AcDbHatch
 10
0
 20
0
 30
0
210
0
220
0
230
1
  2
SOLID
 70
1
 71
0
 91
1
 92
2
 72
0
 73
1
 93
37
 10
-7.63778559889599
 20
32.5496880434424
 10
-7.6377869612213
 20
32.5495978587466
 10
-7.63757400091116
 20
32.5495955508948
 10
-7.63757945100282
 20
32.54923481213
 10
-7.6374729712825
 20
32.5492336580848
 10
-7.63747569650464
 20
32.5490532887023
 10
-7.63736921700322
 20
32.5490521345749
 10
-7.63737057971156
 20
32.5489619498857
 10
-7.6371576209398
 20
32.5489596413685
 10
-7.63716034676385
 20
32.5487792720018
 10
-7.63694738844205
 20
32.54877696314
 10
-7.63695011466736
 20
32.5485965937839
 10
-7.6368436357284
 20
32.5485954392258
 10
-7.63684772533993
 20
32.5483248851935
 10
-7.63695420395968
 20
32.5483260397397
 10
-7.63695693012412
 20
32.5481456703701
 10
-7.63716988695629
 20
32.5481479791761
 10
-7.63716716121746
 20
32.5483283485616
 10
-7.63727363985547
 20
32.5483295028374
 10
-7.63727227708332
 20
32.5484196875321
 10
-7.63759171335309
 20
32.5484231498305
 10
-7.63758898842896
 20
32.5486035192398
 10
-7.63822786240959
 20
32.5486104414509
 10
-7.63822513873796
 20
32.5487908109026
 10
-7.63833161796883
 20
32.5487919642969
 10
-7.63832889448568
 20
32.5489723337512
 10
-7.638222415042
 20
32.5489711803489
 10
-7.6382210531849
 20
32.54906136507
 10
-7.63843401229115
 20
32.5490636717924
 10
-7.63843128898433
 20
32.5492440412466
 10
-7.63853776875939
 20
32.5492451944806
 10
-7.6385323224984
 20
32.5496059333887
 10
-7.63842584229772
 20
32.5496047801388
 10
-7.63842175721891
 20
32.5498753342938
 10
-7.63831527670507
 20
32.5498741809418
 10
-7.63831800030984
 20
32.5496938115145
 10
-7.63778559889599
 20
32.5496880434424
 97
0
 75
0
 76
1
 98
0
  0
HATCH
  5
20011
100
AcDbEntity
  8
0
100
AcDbHatch
 10
0
 20
0
 30
0
210
0
220
0
230
1
  2
SOLID
 70
1
 71
0
 91
1
 92
2
 72
0
 73
1
 93
25
 10
-7.64321250399426
 20
32.5712141897575
 10
-7.64321657804135
 20
32.5709436359834
 10
-7.64311007242945
 20
32.5709424860339
 10
-7.64311278864356
 20
32.5707621168524
 10
-7.64300628325078
 20
32.5707609668206
 10
-7.64301171603231
 20
32.5704002284572
 10
-7.64311822099901
 20
32.5704013784731
 10
-7.64311957907271
 20
32.570311193875
 10
-7.64333258881128
 20
32.5703134936282
 10
-7.64333530451442
 20
32.5701331244119
 10
-7.64344180917976
 20
32.5701342741453
 10
-7.64343909368966
 20
32.5703146433694
 10
-7.6435455985741
 20
32.5703157930205
 10
-7.64354152561303
 20
32.5705863468586
 10
-7.6436480308231
 20
32.5705874964314
 10
-7.64364260054955
 20
32.5709482348792
 10
-7.64374910619176
 20
32.5709493843776
 10
-7.64374774871474
 20
32.5710395689901
 10
-7.64364124296601
 20
32.5710384194878
 10
-7.64363852778075
 20
32.5712187887009
 10
-7.64342551587538
 20
32.5712164894096
 10
-7.64342280023976
 20
32.5713968586015
 10
-7.64331629408313
 20
32.5713957088126
 10
-7.64331900993179
 20
32.5712153396286
 10
-7.64321250399426
 20
32.5712141897575
 97
0
 75
0
 76
1
 98
0
  0
HATCH
  5
20012
100
AcDbEntity
  8
0
100
AcDbHatch
 10
0
 20
0
 30
0
210
0
220
0
230
1
  2
SOLID
 70
1
 71
0
 91
1
 92
2
 72
0
 73
1
 93
47
 10
-7.66050523575823
 20
32.5831256321071
 10
-7.66051060104246
 20
32.5827648918525
 10
-7.66061712139429
 20
32.5827660274218
 10
-7.66062114497482
 20
32.5824954722049
 10
-7.66072766501288
 20
32.5824966076723
 10
-7.66074643951719
 20
32.5812340164454
 10
-7.66085295806909
 20
32.5812351517676
 10
-7.66086100328648
 20
32.5806940411375
 10
-7.66096752120489
 20
32.580695176346
 10
-7.66097154341303
 20
32.5804246210011
 10
-7.66086502581434
 20
32.5804234858044
 10
-7.66086770746965
 20
32.5802431155755
 10
-7.6607611900901
 20
32.5802419802963
 10
-7.6607638719346
 20
32.58006161007
 10
-7.66044432047131
 20
32.5800582037145
 10
-7.66045102657638
 20
32.5796072781838
 10
-7.66034450996678
 20
32.579606142571
 10
-7.66034719258003
 20
32.5794257723571
 10
-7.66087977462218
 20
32.5794314494791
 10
-7.66087709307464
 20
32.5796118197322
 10
-7.66109012635969
 20
32.5796140899649
 10
-7.66108744521448
 20
32.5797944602282
 10
-7.66130047894977
 20
32.5797967301157
 10
-7.66129779820691
 20
32.5799771003893
 10
-7.66151083239242
 20
32.5799793699314
 10
-7.66150145109592
 20
32.5806106659015
 10
-7.66139493325415
 20
32.5806095311482
 10
-7.66138555091837
 20
32.581240827025
 10
-7.66127903233654
 20
32.581239692154
 10
-7.66127769187234
 20
32.58132987727
 10
-7.66117117318992
 20
32.5813287423048
 10
-7.66116581084693
 20
32.5816894827396
 10
-7.66105929174417
 20
32.5816883476685
 10
-7.66105258814783
 20
32.582139273162
 10
-7.66115910778351
 20
32.5821404082527
 10
-7.66115642651623
 20
32.5823207784485
 10
-7.66126294637106
 20
32.5823219134568
 10
-7.66126026529302
 20
32.582502283655
 10
-7.66115374522502
 20
32.582501148639
 10
-7.66114972324329
 20
32.5827717039146
 10
-7.66093668248573
 20
32.5827694335882
 10
-7.66092997799725
 20
32.5832203589815
 10
-7.66071693619775
 20
32.583218088255
 10
-7.66071425393408
 20
32.5833984583872
 10
-7.66060773283013
 20
32.5833973228807
 10
-7.66061175653642
 20
32.5831267676921
 10
-7.66050523575823
 20
32.5831256321071
 97
0
 75
0
 76
1
 98
0
  0
HATCH
  5
20013
100
AcDbEntity
  8
0
100
AcDbHatch
 10
0
 20
0
 30
0
210
0
220
0
230
1
  2
SOLID
 70
1
 71
0
 91
1
 92
2
 72
0
 73
1
 93
77
 10
-7.66296398959023
 20
32.5897363739593
 10
-7.66296666800095
 20
32.5895560038432
 10
-7.66264708256423
 20
32.5895526022122
 10
-7.66264842208049
 20
32.5894624171639
 10
-7.66254189372017
 20
32.5894612831103
 10
-7.662544572948
 20
32.5892809130174
 10
-7.66233151667179
 20
32.5892786446549
 10
-7.66233419630217
 20
32.5890982745723
 10
-7.66212114047638
 20
32.5890960058644
 10
-7.66212382050932
 20
32.588915635792
 10
-7.66180423745523
 20
32.5889122320765
 10
-7.66180557778258
 20
32.5888220470501
 10
-7.66159252265635
 20
32.5888197774628
 10
-7.66159520371957
 20
32.5886394074216
 10
-7.66138214904376
 20
32.5886371374889
 10
-7.66138483050952
 20
32.5884567674579
 10
-7.66127830339383
 20
32.588455632364
 10
-7.66128098504888
 20
32.5882752623354
 10
-7.6611744581524
 20
32.5882741271591
 10
-7.66117579907756
 20
32.5881839421467
 10
-7.66096274551582
 20
32.5881816715309
 10
-7.6609681100095
 20
32.5878209314993
 10
-7.66086158366407
 20
32.5878197960717
 10
-7.6608656072913
 20
32.5875492410456
 10
-7.66075908127169
 20
32.5875481055395
 10
-7.66076712900412
 20
32.5870069954745
 10
-7.66066060363017
 20
32.5870058599016
 10
-7.66066462773536
 20
32.5867353048627
 10
-7.66055810268723
 20
32.5867341692112
 10
-7.66056078560729
 20
32.5865537991864
 10
-7.6606673104422
 20
32.58655493483
 10
-7.66067133445755
 20
32.5862843797709
 10
-7.66056480994246
 20
32.5862832441391
 10
-7.66057017563883
 20
32.5859225040571
 10
-7.6606766997275
 20
32.5859236396733
 10
-7.6606740171045
 20
32.5861040097248
 10
-7.66078054141238
 20
32.5861051452585
 10
-7.66077785897863
 20
32.5862855153125
 10
-7.66088438350571
 20
32.5862866507638
 10
-7.66088706572623
 20
32.586106280702
 10
-7.66099359004608
 20
32.5861074160552
 10
-7.66098688498288
 20
32.5865583412192
 10
-7.66109340984174
 20
32.5865594765017
 10
-7.66107865934846
 20
32.5875515117871
 10
-7.66118518538603
 20
32.5875526470224
 10
-7.66118384450278
 20
32.5876428320442
 10
-7.66129037065295
 20
32.5876439671932
 10
-7.66128768908172
 20
32.5878243372405
 10
-7.6613942154511
 20
32.587825472307
 10
-7.66139153406915
 20
32.5880058423569
 10
-7.66149806065775
 20
32.5880069773409
 10
-7.66149537946508
 20
32.5881873473932
 10
-7.66170843308669
 20
32.5881896171062
 10
-7.66170709269462
 20
32.5882798021382
 10
-7.66181361962102
 20
32.5882809368632
 10
-7.66181093903214
 20
32.5884613069308
 10
-7.66202399332936
 20
32.5884635761257
 10
-7.66202131314302
 20
32.5886439462036
 10
-7.66223436789065
 20
32.588646215053
 10
-7.66223168810685
 20
32.5888265851412
 10
-7.66255127091288
 20
32.5888299877617
 10
-7.66254993133186
 20
32.5889201728155
 10
-7.66265645905246
 20
32.5889213068457
 10
-7.66265378008573
 20
32.5891016769571
 10
-7.66286683597134
 20
32.5891039447623
 10
-7.66286415740717
 20
32.589284314884
 10
-7.66297068557219
 20
32.589285448659
 10
-7.66296800719734
 20
32.5894658187831
 10
-7.66307453558159
 20
32.5894669524757
 10
-7.66307319649182
 20
32.5895571375396
 10
-7.66328625349149
 20
32.5895594046617
 10
-7.66328357572051
 20
32.5897397748012
 10
-7.66317704700444
 20
32.5897386412775
 10
-7.6631743689963
 20
32.5899190114039
 10
-7.66306784007296
 20
32.5899178777821
 10
-7.66307051829434
 20
32.5897375076635
 10
-7.66296398959023
 20
32.5897363739593
 97
0
 75
0
 76
1
 98
0
  0
HATCH
  5
20014
100
AcDbEntity
  8
0
100
AcDbHatch
 10
0
 20
0
 30
0
210
0
220
0
230
1
  2
SOLID
 70
1
 71
0
 91
2
 92
2
 72
0
 73
1
 93
83
 10
-7.66503210145787
 20
32.6083394054407
 10
-7.66513865226829
 20
32.608340537963
 10
-7.66514266620856
 20
32.6080699833487
 10
-7.66524921670478
 20
32.6080711157691
 10
-7.66525456811464
 20
32.6077103762489
 10
-7.66546766827124
 20
32.6077126407872
 10
-7.66547168112559
 20
32.6074420861096
 10
-7.66557823089269
 20
32.6074432182315
 10
-7.66558358085469
 20
32.6070824786268
 10
-7.66569013020089
 20
32.6070836106428
 10
-7.66569681698545
 20
32.6066326860871
 10
-7.66580336580404
 20
32.6066338179933
 10
-7.66580604026264
 20
32.6064534481538
 10
-7.66591258887378
 20
32.6064545799618
 10
-7.66591927438224
 20
32.60600365532
 10
-7.66602582246578
 20
32.6060047870181
 10
-7.66604186579666
 20
32.6049225676937
 10
-7.66614841260568
 20
32.6049236992547
 10
-7.66614172852247
 20
32.6053746240163
 10
-7.66635482322548
 20
32.6053768869062
 10
-7.66635214997725
 20
32.6055572568171
 10
-7.66624560240935
 20
32.6055561254094
 10
-7.66623624510558
 20
32.6061874200276
 10
-7.66612969679667
 20
32.6061862885023
 10
-7.66612568611396
 20
32.6064568433068
 10
-7.66601913749089
 20
32.6064557116794
 10
-7.66601646345914
 20
32.6066360815345
 10
-7.66590991462861
 20
32.6066349498091
 10
-7.66590456606662
 20
32.6069956894875
 10
-7.6657980168152
 20
32.6069945576561
 10
-7.66578731855092
 20
32.6077160369172
 10
-7.66568076845172
 20
32.6077149049642
 10
-7.6656780936125
 20
32.6078952747583
 10
-7.66546499300514
 20
32.6078930105657
 10
-7.66545964240127
 20
32.6082537501063
 10
-7.66567274386241
 20
32.6082560143302
 10
-7.66567140640996
 20
32.6083461992198
 10
-7.66556485556968
 20
32.6083450671491
 10
-7.66555950527327
 20
32.6087058066785
 10
-7.66545295401206
 20
32.6087046745019
 10
-7.66545830473537
 20
32.6083439349881
 10
-7.66535175390704
 20
32.6083428027368
 10
-7.66534907834388
 20
32.6085231724885
 10
-7.66524252730807
 20
32.608522040139
 10
-7.66523985150757
 20
32.6087024098776
 10
-7.66513330026428
 20
32.6087012774299
 10
-7.66512661012487
 20
32.6091522017333
 10
-7.66533971368467
 20
32.6091544665773
 10
-7.66534238933145
 20
32.6089740968444
 10
-7.66544894090686
 20
32.608975229123
 10
-7.66544359001632
 20
32.6093359685991
 10
-7.665337038014
 20
32.6093348363048
 10
-7.66533436231943
 20
32.609515206027
 10
-7.66544091453521
 20
32.6095163383291
 10
-7.6654395767857
 20
32.6096065231921
 10
-7.66533302446319
 20
32.609605390886
 10
-7.66530225212097
 20
32.611679642273
 10
-7.66519569734952
 20
32.6116785097869
 10
-7.66519034488829
 20
32.6120392490702
 10
-7.66497723450938
 20
32.6120369837956
 10
-7.66497321946026
 20
32.6123075382205
 10
-7.6647601084648
 20
32.612305272561
 10
-7.66475743130854
 20
32.6124856421553
 10
-7.66465087560628
 20
32.6124845091822
 10
-7.66464819821262
 20
32.6126648787633
 10
-7.66454164230284
 20
32.612663745692
 10
-7.66454431991
 20
32.6124833761187
 10
-7.66443776421969
 20
32.6124822429649
 10
-7.66444981411669
 20
32.6116705798537
 10
-7.66455636884631
 20
32.6116717129724
 10
-7.66456038505083
 20
32.611401158566
 10
-7.66445383064143
 20
32.6114000254591
 10
-7.66445918592406
 20
32.6110392862474
 10
-7.6645657399065
 20
32.6110404193387
 10
-7.66456841729848
 20
32.610860049717
 10
-7.66467497107343
 20
32.6108611827101
 10
-7.66468835660736
 20
32.6099593344817
 10
-7.66479490932095
 20
32.6099604673454
 10
-7.66480026294026
 20
32.6095997280008
 10
-7.6649068152329
 20
32.6096008607585
 10
-7.66491752133088
 20
32.6088793819733
 10
-7.66502407277567
 20
32.6088805146095
 10
-7.66503210145787
 20
32.6083394054407
 97
0
 92
2
 72
0
 73
1
 93
11
 10
-7.66490413864865
 20
32.6097812304414
 10
-7.66501069116073
 20
32.6097823631166
 10
-7.66500801476604
 20
32.6099627328018
 10
-7.66511456749755
 20
32.6099638653945
 10
-7.66511724367877
 20
32.6097834957014
 10
-7.66522379620279
 20
32.609784628196
 10
-7.66522781010963
 20
32.6095140736345
 10
-7.66501470570794
 20
32.6095118085786
 10
-7.66501336753151
 20
32.6096019934259
 10
-7.6649068152329
 20
32.6096008607585
 10
-7.66490413864865
 20
32.6097812304414
 97
0
 75
0
 76
1
 98
0
  0
HATCH
  5
20015
100
AcDbEntity
  8
0
100
AcDbHatch
 10
0
 20
0
 30
0
210
0
220
0
230
1
  2
SOLID
 70
1
 71
0
 91
1
 92
2
 72
0
 73
1
 93
25
 10
-7.66692293124339
 20
32.6173793951549
 10
-7.66692560456081
 20
32.617199025542
 10
-7.66681904318174
 20
32.6171978942637
 10
-7.66682037993827
 20
32.6171077094591
 10
-7.66660725741157
 20
32.617105446639
 10
-7.6666099313338
 20
32.6169250770415
 10
-7.66639680925805
 20
32.6169228138755
 10
-7.66639948358348
 20
32.6167424442882
 10
-7.6662929227681
 20
32.6167413125774
 10
-7.66629960901103
 20
32.6162903886051
 10
-7.66640616929257
 20
32.6162915202963
 10
-7.66641151775239
 20
32.6159307810785
 10
-7.66662463747928
 20
32.6159330441587
 10
-7.66661661603492
 20
32.616474153024
 10
-7.66682973706686
 20
32.6164764157894
 10
-7.66682840035211
 20
32.6165666006034
 10
-7.66725464291467
 20
32.6165711250654
 10
-7.6672519703214
 20
32.6167514947206
 10
-7.66714540945828
 20
32.6167503637328
 10
-7.66714006377307
 20
32.6171111030113
 10
-7.66724662506327
 20
32.6171122340147
 10
-7.66723994335637
 20
32.6175631581021
 10
-7.66713338153231
 20
32.6175620270792
 10
-7.66713605444652
 20
32.6173816574561
 10
-7.66692293124339
 20
32.6173793951549
 97
0
 75
0
 76
1
 98
0
  0
HATCH
  5
20016
100
AcDbEntity
  8
0
100
AcDbHatch
 10
0
 20
0
 30
0
210
0
220
0
230
1
  2
SOLID
 70
1
 71
0
 91
1
 92
2
 72
0
 73
1
 93
57
 10
-7.67932752540784
 20
32.6435779804745
 10
-7.6793301765182
 20
32.6433976107075
 10
-7.67943676949327
 20
32.6433987321669
 10
-7.6794407457937
 20
32.6431281774947
 10
-7.67933415313937
 20
32.6431270560469
 10
-7.67933945521808
 20
32.6427663164806
 10
-7.6792328629973
 20
32.6427651949578
 10
-7.67923683981492
 20
32.6424946402805
 10
-7.67913024792078
 20
32.6424935186789
 10
-7.67914748157144
 20
32.6413211149877
 10
-7.67904089107296
 20
32.6413199933458
 10
-7.67904221680387
 20
32.641229808441
 10
-7.67914880719546
 20
32.641230930079
 10
-7.67918194587248
 20
32.6389763069232
 10
-7.67928853359765
 20
32.6389774283741
 10
-7.67929516035481
 20
32.6385265036228
 10
-7.67940174755146
 20
32.6385276249639
 10
-7.67940704842316
 20
32.6381668851231
 10
-7.67951363519819
 20
32.6381680063583
 10
-7.67952688589451
 20
32.6372661566236
 10
-7.67963347160664
 20
32.6372672777297
 10
-7.67963877129202
 20
32.6369065377827
 10
-7.67974535658256
 20
32.6369076587829
 10
-7.67975595481442
 20
32.6361861787934
 10
-7.67986253925588
 20
32.6361872996723
 10
-7.6798771100311
 20
32.6351952645037
 10
-7.67998369330289
 20
32.6351963852496
 10
-7.6799876667059
 20
32.6349258301638
 10
-7.680094249663
 20
32.6349269508077
 10
-7.68009689835504
 20
32.634746580736
 10
-7.68031006385952
 20
32.6347488217371
 10
-7.68030741559495
 20
32.6349291918242
 10
-7.68020083262602
 20
32.6349280713612
 10
-7.68019421132679
 20
32.6353789965361
 10
-7.68008762782943
 20
32.6353778759633
 10
-7.68008365465834
 20
32.6356484310406
 10
-7.67997707084629
 20
32.6356473103657
 10
-7.67996250092142
 20
32.6366393455029
 10
-7.68006908590907
 20
32.6366404662202
 10
-7.68006643696871
 20
32.6368208362354
 10
-7.67995985176731
 20
32.6368197155103
 10
-7.67994925491429
 20
32.6375411954863
 10
-7.67984266886378
 20
32.6375400746399
 10
-7.67983472033436
 20
32.6380811845423
 10
-7.67972813364847
 20
32.6380800635823
 10
-7.67971488455746
 20
32.6389819132732
 10
-7.67960829680863
 20
32.6389807921841
 10
-7.67958974559104
 20
32.6402433814713
 10
-7.67948315635166
 20
32.6402422602377
 10
-7.67945532510636
 20
32.642136143593
 10
-7.67956191659063
 20
32.6421372649078
 10
-7.67954071179153
 20
32.6435802233183
 10
-7.67964730499225
 20
32.6435813446044
 10
-7.67964067871648
 20
32.6440322690564
 10
-7.67921430381084
 20
32.6440277832917
 10
-7.67922093222487
 20
32.643576858917
 10
-7.67932752540784
 20
32.6435779804745
 97
0
 75
0
 76
1
 98
0
  0
ENDSEC
  0
SECTION
  2
OBJECTS
  0
DICTIONARY
  5
C
330
0
100
AcDbDictionary
281
     1
  3
ACAD_GROUP
350
D
  3
ACAD_LAYOUT
350
1A
  3
ACAD_MLEADERSTYLE
350
43
  3
ACAD_PLOTSETTINGS
350
19
  3
ACAD_PLOTSTYLENAME
350
E
  3
ACAD_TABLESTYLE
350
42
  0
DICTIONARY
  5
D
102
{ACAD_REACTORS
330
C
102
}
330
C
100
AcDbDictionary
281
     1
  0
DICTIONARY
  5
1A
102
{ACAD_REACTORS
330
C
102
}
330
C
100
AcDbDictionary
281
     1
  3
Layout1
350
1E
  3
Model
350
22
  0
DICTIONARY
  5
43
102
{ACAD_REACTORS
330
C
102
}
330
C
100
AcDbDictionary
281
     1
  0
DICTIONARY
  5
19
102
{ACAD_REACTORS
330
C
102
}
330
C
100
AcDbDictionary
281
     1
  0
ACDBDICTIONARYWDFLT
  5
E
102
{ACAD_REACTORS
330
C
102
}
330
C
100
AcDbDictionary
281
     1
  3
Normal
350
F
100
AcDbDictionaryWithDefault
340
F
  0
DICTIONARY
  5
42
102
{ACAD_REACTORS
330
C
102
}
330
C
100
AcDbDictionary
281
     1
  0
LAYOUT
  5
1E
102
{ACAD_REACTORS
330
1A
102
}
330
1A
100
AcDbPlotSettings
  1

  2
none_device
  4

  6

 40
0.0
 41
0.0
 42
0.0
 43
0.0
 44
0.0
 45
0.0
 46
0.0
 47
0.0
 48
0.0
 49
0.0
140
0.0
141
0.0
142
1.0
143
1.0
 70
   688
 72
     0
 73
     0
 74
     5
  7

 75
    16
 76
     0
 77
     2
 78
   300
147
1.0
148
0.0
149
0.0
100
AcDbLayout
  1
Layout1
 70
     1
 71
     1
 10
0.0
 20
0.0
 11
12.0
 21
9.0
 12
0.0
 22
0.0
 32
0.0
 14
1.000000000000000E+20
 24
1.000000000000000E+20
 34
1.000000000000000E+20
 15
-1.000000000000000E+20
 25
-1.000000000000000E+20
 35
-1.000000000000000E+20
146
0.0
 13
0.0
 23
0.0
 33
0.0
 16
1.0
 26
0.0
 36
0.0
 17
0.0
 27
1.0
 37
0.0
 76
     0
330
1B
  0
LAYOUT
  5
22
102
{ACAD_REACTORS
330
1A
102
}
330
1A
100
AcDbPlotSettings
  1

  2
none_device
  4

  6

 40
0.0
 41
0.0
 42
0.0
 43
0.0
 44
0.0
 45
0.0
 46
0.0
 47
0.0
 48
0.0
 49
0.0
140
0.0
141
0.0
142
1.0
143
1.0
 70
  1712
 72
     0
 73
     0
 74
     0
  7

 75
     0
 76
     0
 77
     2
 78
   300
147
1.0
148
0.0
149
0.0
100
AcDbLayout
  1
Model
 70
     1
 71
     0
 10
0.0
 20
0.0
 11
12.0
 21
9.0
 12
0.0
 22
0.0
 32
0.0
 14
30.0
 24
49.75
 34
0.0
 15
130.5
 25
163.1318914119703
 35
0.0
146
0.0
 13
0.0
 23
0.0
 33
0.0
 16
1.0
 26
0.0
 36
0.0
 17
0.0
 27
1.0
 37
0.0
 76
     0
330
1F
331
29
  0
ACDBPLACEHOLDER
  5
F
102
{ACAD_REACTORS
330
E
102
}
330
E
  0
ENDSEC
  0
EOF
